,loss,side_6_loss,side_7_loss,side_8_loss,activation_92_loss,add_23_loss,side_6_dice_coef,side_6_jacard,side_6_recall,side_6_precision,side_6_accuracy,side_7_dice_coef,side_7_jacard,side_7_recall,side_7_precision,side_7_accuracy,side_8_dice_coef,side_8_jacard,side_8_recall,side_8_precision,side_8_accuracy,activation_92_dice_coef,activation_92_jacard,activation_92_recall,activation_92_precision,activation_92_accuracy,add_23_dice_coef,add_23_jacard,add_23_recall,add_23_precision,add_23_accuracy
0,0.4445558488368988,0.06912301480770111,0.0761205181479454,0.09620576351881027,0.12236246466636658,0.08074402809143066,0.05608554929494858,0.03103901632130146,0.007397152483463287,0.22428390383720398,0.9890949726104736,0.08128279447555542,0.04831578582525253,0.10386884212493896,0.655337929725647,0.9898173213005066,0.06646624207496643,0.038078561425209045,0.051215238869190216,0.032688532024621964,0.9736075401306152,0.04995621368288994,0.027189726009964943,0.05597773939371109,0.011959838680922985,0.9403625726699829,0.06428895890712738,0.036301564425230026,0.024861013516783714,0.05057031288743019,0.984557569026947
1,0.13282272219657898,0.02808394841849804,0.02569064311683178,0.02568567357957363,0.027326315641403198,0.026036126539111137,0.14789429306983948,0.09488127380609512,0.27985650300979614,0.7579085826873779,0.9913294911384583,0.1897406131029129,0.12807954847812653,0.4286046624183655,0.710085391998291,0.9920065402984619,0.18332946300506592,0.1222456619143486,0.39585962891578674,0.7545868754386902,0.9921510815620422,0.14505670964717865,0.0897759422659874,0.15139684081077576,0.895525336265564,0.9907223582267761,0.16738514602184296,0.10861652344465256,0.33543533086776733,0.7864939570426941,0.9919072389602661
2,0.10699103027582169,0.022278234362602234,0.02120690979063511,0.020990166813135147,0.021457551047205925,0.021058183163404465,0.20968827605247498,0.14609593152999878,0.46965301036834717,0.7851898670196533,0.992944061756134,0.2301562875509262,0.16392342746257782,0.5200405120849609,0.7839595675468445,0.9933249354362488,0.23703226447105408,0.17022539675235748,0.5256928205490112,0.7931656241416931,0.993452250957489,0.221597358584404,0.1529683768749237,0.5074220895767212,0.8157174587249756,0.993497371673584,0.22495290637016296,0.15824592113494873,0.5077194571495056,0.8036993741989136,0.9933997988700867
3,0.09473386406898499,0.01947861723601818,0.01893443800508976,0.018819715827703476,0.018860546872019768,0.01864047907292843,0.24339768290519714,0.1731370985507965,0.5400270223617554,0.785315752029419,0.9934922456741333,0.2589944005012512,0.18822252750396729,0.5727145075798035,0.7907878160476685,0.9938008785247803,0.2664678394794464,0.19599632918834686,0.5696564316749573,0.8034788966178894,0.993898332118988,0.26395151019096375,0.1908852607011795,0.5853718519210815,0.7974696159362793,0.9939667582511902,0.25840049982070923,0.18694724142551422,0.568037211894989,0.8039821982383728,0.9938915371894836
4,0.08422628045082092,0.017289387062191963,0.016863154247403145,0.016759062185883522,0.016739478334784508,0.016575245186686516,0.269383043050766,0.19580595195293427,0.5940931439399719,0.7970147132873535,0.9940322041511536,0.28277596831321716,0.21001581847667694,0.6156077980995178,0.8090682029724121,0.9943276643753052,0.2900366485118866,0.21783941984176636,0.6080043911933899,0.8262060284614563,0.9944316148757935,0.2913372218608856,0.2171541154384613,0.6254405975341797,0.8170285224914551,0.994488000869751,0.28348517417907715,0.21003097295761108,0.6124586462974548,0.8220511674880981,0.9944297671318054
5,0.07687126845121384,0.015839580446481705,0.015429958701133728,0.015278271399438381,0.015198239125311375,0.015125217847526073,0.2852391302585602,0.20804886519908905,0.6321795582771301,0.79487544298172,0.9943127632141113,0.2976257801055908,0.22156986594200134,0.6480581760406494,0.8085896968841553,0.9945868849754333,0.30434828996658325,0.22916238009929657,0.6413360238075256,0.8284261226654053,0.9947355389595032,0.3078818917274475,0.2314305603504181,0.6568991541862488,0.8231258988380432,0.9948142170906067,0.29883697628974915,0.22233998775482178,0.6471905708312988,0.8231732845306396,0.9947326183319092
6,0.06782053411006927,0.014117601327598095,0.01360254269093275,0.013437293469905853,0.013330662623047829,0.013332406990230083,0.30513226985931396,0.22514453530311584,0.6697365045547485,0.8076011538505554,0.9947542548179626,0.318422794342041,0.23965781927108765,0.6860906481742859,0.8169437050819397,0.9949911832809448,0.3247150182723999,0.24702827632427216,0.6828245520591736,0.8350009918212891,0.9951578974723816,0.3289293348789215,0.25053954124450684,0.6942054033279419,0.8330097794532776,0.9952347874641418,0.3193640410900116,0.24036335945129395,0.6865820288658142,0.8317831754684448,0.9951566457748413
7,0.06312579661607742,0.013216149061918259,0.012618927285075188,0.012498042546212673,0.012388980947434902,0.012403779663145542,0.31338396668434143,0.23428644239902496,0.6951981782913208,0.8134036064147949,0.9950273633003235,0.3273235559463501,0.24971410632133484,0.7122313380241394,0.8266606330871582,0.9953187704086304,0.33128756284713745,0.25514188408851624,0.7090626955032349,0.8388842344284058,0.9954258799552917,0.33585071563720703,0.2596542239189148,0.719251811504364,0.8383416533470154,0.9955079555511475,0.32700884342193604,0.24948962032794952,0.7132404446601868,0.8369275331497192,0.9954404830932617
8,0.057530272752046585,0.012203839607536793,0.011538735590875149,0.011309873312711716,0.011200486682355404,0.01127731241285801,0.33550572395324707,0.2527846395969391,0.7250152230262756,0.8193424344062805,0.9953424334526062,0.35097813606262207,0.2701100707054138,0.7453499436378479,0.8322467803955078,0.9956634044647217,0.3554929792881012,0.2760857045650482,0.7480834126472473,0.8415254354476929,0.9957930445671082,0.3593684136867523,0.280141144990921,0.7531945109367371,0.8418022394180298,0.9958413243293762,0.35037487745285034,0.2695480287075043,0.7483807802200317,0.840878427028656,0.9957884550094604
9,0.05302324891090393,0.011395462788641453,0.010595815256237984,0.010364904999732971,0.010296245105564594,0.010370813310146332,0.34066012501716614,0.2599245309829712,0.7534003257751465,0.8244688510894775,0.9956413507461548,0.3573954701423645,0.2787795662879944,0.7733356356620789,0.8399362564086914,0.9959943294525146,0.361775279045105,0.2847460210323334,0.7761824131011963,0.8490340113639832,0.9961245656013489,0.36490046977996826,0.28803500533103943,0.7794131636619568,0.8496159911155701,0.9961599111557007,0.35624396800994873,0.27765771746635437,0.7762966752052307,0.84831303358078,0.996117353439331
10,0.049026381224393845,0.010664950124919415,0.009812306612730026,0.00951691996306181,0.009462917223572731,0.009569287300109863,0.3518661856651306,0.2701204717159271,0.7695658802986145,0.8312107920646667,0.9958583116531372,0.37008360028266907,0.29081422090530396,0.7908751964569092,0.847314178943634,0.9962343573570251,0.3754865229129791,0.29765045642852783,0.795079231262207,0.8567923903465271,0.9963822364807129,0.3783837556838989,0.3009662628173828,0.8002020716667175,0.8565616011619568,0.9964247345924377,0.3690001368522644,0.28963935375213623,0.7949309945106506,0.8555660843849182,0.9963662624359131
11,0.04575755447149277,0.010134989395737648,0.00912716705352068,0.008815930224955082,0.008775906637310982,0.008903533220291138,0.36621320247650146,0.28346678614616394,0.7902210354804993,0.8355173468589783,0.9960871338844299,0.38673725724220276,0.30693623423576355,0.8135108947753906,0.8556575775146484,0.9965340495109558,0.3940778374671936,0.3160364329814911,0.8166446089744568,0.8657934665679932,0.996680736541748,0.39583903551101685,0.31801432371139526,0.8208423256874084,0.8664113283157349,0.9967255592346191,0.3857640027999878,0.305812805891037,0.8171705007553101,0.8635554313659668,0.9966588020324707
12,0.04347149282693863,0.00972109753638506,0.008648917078971863,0.008351869881153107,0.008312257938086987,0.008437353186309338,0.37174028158187866,0.29034239053726196,0.8017202019691467,0.8393660187721252,0.9962320923805237,0.3935354948043823,0.3158370852470398,0.8262226581573486,0.8605213165283203,0.9967049360275269,0.4012155830860138,0.32533544301986694,0.8292022943496704,0.8706956505775452,0.9968518614768982,0.4029625654220581,0.3275008201599121,0.8334851861000061,0.870849072933197,0.9968929886817932,0.39240363240242004,0.31442147493362427,0.8295544981956482,0.8684384822845459,0.9968282580375671
13,0.041252125054597855,0.009363990277051926,0.008197729475796223,0.007857629097998142,0.00784286204725504,0.007989897392690182,0.3737463355064392,0.2935514450073242,0.8102860450744629,0.8437828421592712,0.9963615536689758,0.39735147356987,0.32130980491638184,0.8348732590675354,0.8667914867401123,0.9968574643135071,0.4058632254600525,0.33175697922706604,0.8382622003555298,0.8775755763053894,0.9970149993896484,0.40641334652900696,0.33252719044685364,0.8414508104324341,0.877356231212616,0.997042179107666,0.39589789509773254,0.31942206621170044,0.8381226062774658,0.8746193647384644,0.9969795346260071
14,0.0401688814163208,0.009144974872469902,0.008000429719686508,0.007645459845662117,0.007617533672600985,0.0077605159021914005,0.38111644983291626,0.30059123039245605,0.8161133527755737,0.8445432186126709,0.9964219331741333,0.4043295979499817,0.3281184136867523,0.8400305509567261,0.8679357171058655,0.996917724609375,0.41346192359924316,0.3390808403491974,0.8438034653663635,0.87962806224823,0.9970904588699341,0.41490438580513,0.34108254313468933,0.8463348150253296,0.8802415132522583,0.9971205592155457,0.4034975469112396,0.3268326222896576,0.8436185121536255,0.8765724897384644,0.9970541000366211
15,0.03783091530203819,0.008714753203094006,0.007504606619477272,0.007166214752942324,0.007142394315451384,0.0073029156774282455,0.38338524103164673,0.3039471209049225,0.8280191421508789,0.847420871257782,0.9965607523918152,0.4076339304447174,0.33301934599876404,0.8515982031822205,0.8738620281219482,0.9970940947532654,0.41603919863700867,0.3435444235801697,0.8560569882392883,0.8836241960525513,0.9972515106201172,0.4162518382072449,0.34402593970298767,0.8586875796318054,0.8841947317123413,0.9972817301750183,0.40585198998451233,0.33074474334716797,0.855988085269928,0.880980372428894,0.9972188472747803
16,0.03575089946389198,0.008345833979547024,0.007094476837664843,0.006729522254317999,0.006700889673084021,0.006880162283778191,0.3842155337333679,0.3062596321105957,0.8325237035751343,0.8553141951560974,0.996698260307312,0.4100693464279175,0.33751529455184937,0.8593335151672363,0.8812806010246277,0.9972532987594604,0.4191341996192932,0.3488936126232147,0.8648331165313721,0.8923768401145935,0.9974356293678284,0.4197438657283783,0.34981057047843933,0.8673965930938721,0.8923805952072144,0.9974597692489624,0.40832194685935974,0.3351867198944092,0.8635506629943848,0.8890209794044495,0.9973831176757812
17,0.034402113407850266,0.008108031004667282,0.0068070730194449425,0.006453363224864006,0.006429582834243774,0.00660407030954957,0.392170786857605,0.31381067633628845,0.8386098742485046,0.8567505478858948,0.9967698454856873,0.41896364092826843,0.34633639454841614,0.8643960952758789,0.8830875754356384,0.9973211288452148,0.4277213215827942,0.3575345575809479,0.8691268563270569,0.8936147689819336,0.9974907636642456,0.42796629667282104,0.35804516077041626,0.8720398545265198,0.8933819532394409,0.997514545917511,0.4167257845401764,0.3434581458568573,0.8683276772499084,0.8906150460243225,0.9974472522735596
18,0.03470950573682785,0.008179830387234688,0.006867935881018639,0.006507935933768749,0.006502339616417885,0.006651499308645725,0.39368507266044617,0.3157675266265869,0.8371900916099548,0.85463547706604,0.9967308640480042,0.42024898529052734,0.3483982980251312,0.8643553256988525,0.8815835118293762,0.9973037838935852,0.4288426339626312,0.3595646321773529,0.8688920736312866,0.8930266499519348,0.9974808096885681,0.4292829930782318,0.3604791760444641,0.8713172674179077,0.8920120596885681,0.9974924325942993,0.4180421829223633,0.3455687165260315,0.8681173324584961,0.8897774815559387,0.9974358677864075
19,0.031998902559280396,0.007654528599232435,0.006326879374682903,0.005956609267741442,0.005939431954175234,0.006121448241174221,0.40799736976623535,0.3291498124599457,0.8478348255157471,0.8614676594734192,0.9969107508659363,0.43675652146339417,0.3645462989807129,0.8746283054351807,0.8902883529663086,0.9975025057792664,0.4457656145095825,0.3762020766735077,0.8804642558097839,0.9010090827941895,0.9976837038993835,0.44598132371902466,0.3768012821674347,0.8833082914352417,0.9005258083343506,0.9977056980133057,0.43408140540122986,0.36108657717704773,0.8791568875312805,0.8975527882575989,0.9976313710212708
20,0.0313761904835701,0.007531831506639719,0.0061988732777535915,0.005837621167302132,0.0058188848197460175,0.005988935939967632,0.4083121120929718,0.32959163188934326,0.849568247795105,0.8634628653526306,0.9969502091407776,0.43692564964294434,0.3649102449417114,0.8769927620887756,0.8921550512313843,0.9975469708442688,0.4463671147823334,0.3771440088748932,0.8827711343765259,0.9026374816894531,0.9977253675460815,0.4465252757072449,0.37769466638565063,0.8854257464408875,0.9025372266769409,0.997749388217926,0.43456873297691345,0.3618200123310089,0.8812547922134399,0.899594247341156,0.9976754784584045
21,0.03127741813659668,0.007510753348469734,0.006177099887281656,0.005806866101920605,0.005810428876429796,0.005972260143607855,0.4112795889377594,0.33326300978660583,0.8493515849113464,0.8644418120384216,0.9969601631164551,0.4397582709789276,0.36897537112236023,0.877464234828949,0.8928269147872925,0.9975601434707642,0.4490513205528259,0.3810313045978546,0.8841782212257385,0.9029695987701416,0.9977419376373291,0.44943296909332275,0.3817635774612427,0.8864343762397766,0.9016006588935852,0.9977482557296753,0.43742308020591736,0.36575475335121155,0.8822239637374878,0.9001662135124207,0.9976912140846252
22,0.029374953359365463,0.0071583958342671394,0.005791695788502693,0.00542171997949481,0.005409848876297474,0.005593291483819485,0.41839563846588135,0.34067270159721375,0.8556780219078064,0.8677255511283875,0.9970570802688599,0.4480859041213989,0.3779240548610687,0.884257972240448,0.8968769907951355,0.997671365737915,0.45759689807891846,0.39044150710105896,0.8912970423698425,0.906488835811615,0.9978514313697815,0.4575631618499756,0.39074990153312683,0.8933799862861633,0.9060916900634766,0.9978660941123962,0.44545453786849976,0.3744139075279236,0.8891600966453552,0.9040350317955017,0.997802197933197
23,0.029213914647698402,0.007104420103132725,0.005764658097177744,0.005397247616201639,0.005390903912484646,0.005556696560233831,0.4173415005207062,0.33991739153862,0.8570044040679932,0.8687379360198975,0.9970817565917969,0.4481752812862396,0.3781988322734833,0.886223554611206,0.896935224533081,0.9976913332939148,0.4578370451927185,0.39103248715400696,0.8934366703033447,0.9063053727149963,0.9978699088096619,0.4580247104167938,0.3915596604347229,0.8953668475151062,0.9057660102844238,0.9978817105293274,0.44541996717453003,0.37462350726127625,0.8910132646560669,0.9036979079246521,0.9978158473968506
24,0.027995029464364052,0.006883623078465462,0.00551414443179965,0.005145175848156214,0.005137674510478973,0.005314403213560581,0.41846764087677,0.341950386762619,0.8612963557243347,0.8716983199119568,0.9971574544906616,0.4481881558895111,0.37968096137046814,0.8901592493057251,0.9010300636291504,0.9977765679359436,0.45770972967147827,0.39232489466667175,0.8974285125732422,0.9106022119522095,0.9979584813117981,0.45762568712234497,0.39255133271217346,0.8994258642196655,0.9099534749984741,0.9979693293571472,0.4455471336841583,0.3760874569416046,0.8950409293174744,0.9079102277755737,0.9979037642478943
25,0.027289273217320442,0.006777097471058369,0.005369121674448252,0.004984942264854908,0.004986937157809734,0.0051711867563426495,0.4216814935207367,0.344536691904068,0.8629405498504639,0.8728357553482056,0.9971855282783508,0.45252400636672974,0.38339582085609436,0.8934869766235352,0.9023175835609436,0.9978240132331848,0.4626661241054535,0.39671552181243896,0.9008673429489136,0.912228524684906,0.9980105757713318,0.4622061550617218,0.3965389132499695,0.9022454619407654,0.911663830280304,0.9980167150497437,0.44977566599845886,0.37969085574150085,0.8980028629302979,0.9095671772956848,0.997951865196228
26,0.026953665539622307,0.006681171711534262,0.005302130710333586,0.004935808479785919,0.004927727859467268,0.005106811411678791,0.4203278422355652,0.3453088700771332,0.8646826148033142,0.873824954032898,0.9972137808799744,0.44981876015663147,0.3830859661102295,0.8949280977249146,0.9027665853500366,0.9978426098823547,0.4596315026283264,0.3961407542228699,0.9021756052970886,0.9113783240318298,0.9980132579803467,0.4594801068305969,0.3962453305721283,0.9038406610488892,0.9108304977416992,0.9980225563049316,0.447383314371109,0.3796500861644745,0.8997272849082947,0.9093655347824097,0.9979668855667114
27,0.02599773183465004,0.0065117282792925835,0.005104209296405315,0.00473318574950099,0.004733151290565729,0.004915469791740179,0.42458376288414,0.3499068319797516,0.8688644170761108,0.8773379921913147,0.9972944259643555,0.4547331929206848,0.388862282037735,0.8990699648857117,0.9071347713470459,0.9979333281517029,0.46416324377059937,0.401466429233551,0.9058098196983337,0.916218101978302,0.9981042146682739,0.46403592824935913,0.40170976519584656,0.9075600504875183,0.9154343008995056,0.998112142086029,0.4518936574459076,0.38490229845046997,0.9037014842033386,0.9140012860298157,0.9980578422546387
28,0.025128589943051338,0.006357830949127674,0.004933168645948172,0.0045502204447984695,0.004538997076451778,0.004748409613966942,0.4337463676929474,0.3577812612056732,0.8708562850952148,0.8794523477554321,0.997338593006134,0.4658344089984894,0.39887383580207825,0.9023433327674866,0.9083659648895264,0.9979791641235352,0.47599348425865173,0.412498414516449,0.9105174541473389,0.9172170162200928,0.9981614351272583,0.47590070962905884,0.41275638341903687,0.9117259979248047,0.9169362783432007,0.9981702566146851,0.4629506468772888,0.3948636054992676,0.9074634909629822,0.9152360558509827,0.9981083869934082
29,0.024974284693598747,0.006314046215265989,0.0048978147096931934,0.004531240556389093,0.004519582726061344,0.004711630288511515,0.43697476387023926,0.3608175218105316,0.8717261552810669,0.8809502720832825,0.9973644018173218,0.4690854251384735,0.4022595286369324,0.9027499556541443,0.9100331664085388,0.998002290725708,0.47899329662323,0.41563400626182556,0.9106040596961975,0.9185029864311218,0.9981777667999268,0.4790765047073364,0.41604554653167725,0.9117183089256287,0.9184526801109314,0.9981887340545654,0.46609270572662354,0.3980708122253418,0.9080328941345215,0.9171361327171326,0.9981362223625183
30,0.024623561650514603,0.006251385901123285,0.004824818577617407,0.004454098641872406,0.004445524420589209,0.004647747613489628,0.43370553851127625,0.35974931716918945,0.8736536502838135,0.8817929029464722,0.9973926544189453,0.46511441469192505,0.4006252586841583,0.9044997692108154,0.912405788898468,0.9980471134185791,0.4749669134616852,0.4139816164970398,0.912127673625946,0.9205044507980347,0.9982157945632935,0.475236177444458,0.41462501883506775,0.9135256409645081,0.919956624507904,0.9982228875160217,0.46230512857437134,0.39663270115852356,0.9094077944755554,0.9186833500862122,0.998167872428894
31,0.023532869294285774,0.006047403905540705,0.004609324038028717,0.004235395230352879,0.004213572014123201,0.004427163861691952,0.43939530849456787,0.3657166063785553,0.877140998840332,0.8841456770896912,0.9974533915519714,0.47128838300704956,0.4076688587665558,0.9087799191474915,0.9137767553329468,0.9981043338775635,0.4812564253807068,0.42121028900146484,0.9163107872009277,0.922086238861084,0.9982742667198181,0.48154187202453613,0.421775221824646,0.9174155592918396,0.9223299026489258,0.9982882142066956,0.46843406558036804,0.4034748673439026,0.9137595891952515,0.920512855052948,0.9982321262359619
32,0.023415284231305122,0.006000011693686247,0.004571815486997366,0.004220185335725546,0.004222176503390074,0.00440111942589283,0.43906983733177185,0.36558055877685547,0.8788096308708191,0.8847623467445374,0.9974756836891174,0.4710613787174225,0.4076634347438812,0.9098597168922424,0.914517343044281,0.9981242418289185,0.48060816526412964,0.42065849900245667,0.9170573949813843,0.9219555854797363,0.9982796907424927,0.4807077646255493,0.4211239814758301,0.9181984066963196,0.9216783046722412,0.9982876181602478,0.4679039716720581,0.4031212627887726,0.9148507118225098,0.9208857417106628,0.9982467293739319
33,0.022552067413926125,0.005849254317581654,0.004400393459945917,0.004041529260575771,0.004026887007057667,0.004233986604958773,0.444594144821167,0.37116050720214844,0.8811858892440796,0.8865187168121338,0.9975203275680542,0.4775254726409912,0.41467249393463135,0.9133747220039368,0.9171222448348999,0.9981883764266968,0.4873845875263214,0.42802712321281433,0.9212514758110046,0.9246756434440613,0.9983528256416321,0.48762521147727966,0.4287633001804352,0.9221599102020264,0.9248934984207153,0.9983652830123901,0.4743371605873108,0.4099959433078766,0.9184468388557434,0.9234606027603149,0.998311460018158
34,0.022585991770029068,0.005868744105100632,0.004404653329402208,0.004044273402541876,0.004029416479170322,0.0042388965375721455,0.44885972142219543,0.3748227655887604,0.8790897727012634,0.8869412541389465,0.9975051283836365,0.4816524088382721,0.41844642162323,0.9118896722793579,0.917178213596344,0.9981750249862671,0.491048127412796,0.4313702881336212,0.9190320372581482,0.9251622557640076,0.9983358383178711,0.4912926256656647,0.4320853054523468,0.9201467633247375,0.9251719117164612,0.9983483552932739,0.4782719910144806,0.4135552644729614,0.9165470004081726,0.9238760471343994,0.9982984066009521
35,0.021982071921229362,0.005750838667154312,0.004285821691155434,0.003921353258192539,0.0039010143373161554,0.004123027436435223,0.4510776698589325,0.3775743842124939,0.8835993409156799,0.8883410692214966,0.9975637793540955,0.48411598801612854,0.4215034246444702,0.9148901104927063,0.9192999601364136,0.9982276558876038,0.49425432085990906,0.4352830946445465,0.9226123094558716,0.9269141554832458,0.9983921647071838,0.4946228861808777,0.43612632155418396,0.9234282970428467,0.9272664189338684,0.998404324054718,0.48109859228134155,0.41696885228157043,0.9201948046684265,0.9255551695823669,0.9983522891998291
36,0.02124357968568802,0.005606438498944044,0.004136865958571434,0.003773684613406658,0.0037515899166464806,0.003975017927587032,0.4482364058494568,0.376068115234375,0.8860440254211426,0.8904803395271301,0.997612714767456,0.4823828935623169,0.42103421688079834,0.9180442690849304,0.9213488101959229,0.9982836246490479,0.49232715368270874,0.4346582293510437,0.9254346489906311,0.9296247363090515,0.9984513521194458,0.4926621615886688,0.43543392419815063,0.9262832403182983,0.9299271106719971,0.9984629154205322,0.4789940118789673,0.4161224663257599,0.9229681491851807,0.9282232522964478,0.9984103441238403
37,0.02310628443956375,0.005917154252529144,0.004498248919844627,0.004180295392870903,0.004178179893642664,0.004332399927079678,0.44189736247062683,0.369608610868454,0.8814252614974976,0.8860523700714111,0.9975162744522095,0.4742203652858734,0.412505567073822,0.9115039110183716,0.9173938035964966,0.9981716871261597,0.48392826318740845,0.4253877103328705,0.9182963371276855,0.9241002798080444,0.9983167052268982,0.4843674302101135,0.4264071583747864,0.9188811182975769,0.9239991307258606,0.9983222484588623,0.47120746970176697,0.4078403413295746,0.9162559509277344,0.9230491518974304,0.9982848763465881
38,0.020466508343815804,0.005460139364004135,0.003970528952777386,0.0036073909141123295,0.003596861381083727,0.003831614973023534,0.44528478384017944,0.3750975728034973,0.8886805176734924,0.8932589888572693,0.9976711273193359,0.47864246368408203,0.4198836386203766,0.9202142953872681,0.9250012040138245,0.9983462691307068,0.48785263299942017,0.4328474998474121,0.927959144115448,0.9326745271682739,0.9985111355781555,0.4878504276275635,0.4331672489643097,0.928170382976532,0.9331275224685669,0.9985187649726868,0.4749765992164612,0.4145810604095459,0.924994945526123,0.9310811758041382,0.9984636306762695
39,0.02106383815407753,0.005575332324951887,0.004101501312106848,0.003737144637852907,0.003723656991496682,0.0039261989295482635,0.44837939739227295,0.3774629831314087,0.8866786956787109,0.8921102285385132,0.9976382851600647,0.48140406608581543,0.42204761505126953,0.9187527894973755,0.9231728315353394,0.9983112812042236,0.4906463325023651,0.4350472092628479,0.9263022541999817,0.9306268095970154,0.9984719753265381,0.4910812973976135,0.43592318892478943,0.9266178011894226,0.9310175776481628,0.9984797835350037,0.477931946516037,0.41693857312202454,0.9235271215438843,0.929706335067749,0.9984331727027893
40,0.022075515240430832,0.0057628825306892395,0.00428719911724329,0.003967151511460543,0.00393058592453599,0.004127709660679102,0.4477221369743347,0.37618380784988403,0.8829488158226013,0.8887661695480347,0.9975626468658447,0.48200783133506775,0.4215948283672333,0.9159096479415894,0.9197981953620911,0.9982434511184692,0.49145928025245667,0.434586763381958,0.9233815670013428,0.9266905784606934,0.9983971118927002,0.4919015169143677,0.43548262119293213,0.9238553047180176,0.9271752238273621,0.9984068274497986,0.4783611297607422,0.4162537157535553,0.9208756685256958,0.9258356094360352,0.9983620643615723
41,0.019159385934472084,0.005227427463978529,0.003709589596837759,0.003336497815325856,0.0033130536321550608,0.003572832327336073,0.4590292274951935,0.38853034377098083,0.893968403339386,0.8966392278671265,0.9977602362632751,0.49407467246055603,0.43607643246650696,0.9265375733375549,0.9284964203834534,0.9984492659568787,0.5039546489715576,0.4499598741531372,0.9334410429000854,0.936701238155365,0.998611330986023,0.5044434666633606,0.4508710503578186,0.9341033101081848,0.9370546936988831,0.998622715473175,0.4904509484767914,0.4305873513221741,0.9312125444412231,0.9349932670593262,0.9985691905021667
42,0.019121838733553886,0.0052258470095694065,0.0036989166401326656,0.00333370640873909,0.0033113446552306414,0.00355200981721282,0.4528282582759857,0.38370823860168457,0.8931764960289001,0.8970575332641602,0.9977582097053528,0.487324595451355,0.4307675063610077,0.9264854192733765,0.9293467998504639,0.998458743095398,0.49682852625846863,0.44433122873306274,0.9340054392814636,0.9366936683654785,0.9986173510551453,0.4970768690109253,0.4449321925640106,0.9346191883087158,0.9372798204421997,0.9986295104026794,0.4835940897464752,0.4251992106437683,0.9316871762275696,0.9355766773223877,0.9985815286636353
43,0.019139278680086136,0.005219799466431141,0.003700205124914646,0.003344968892633915,0.0033195314463227987,0.0035547781735658646,0.4517230987548828,0.38207054138183594,0.8932703137397766,0.8968826532363892,0.997757077217102,0.48774656653404236,0.43038517236709595,0.926207959651947,0.9296087026596069,0.9984583258628845,0.497313529253006,0.4438536763191223,0.9337343573570251,0.936952531337738,0.9986177086830139,0.49788305163383484,0.44485408067703247,0.9346681833267212,0.9372828602790833,0.9986306428909302,0.4837622046470642,0.4245201349258423,0.931427001953125,0.9359578490257263,0.9985833168029785
44,0.018847515806555748,0.005163888912647963,0.0036423150449991226,0.003283299272879958,0.003260277211666107,0.003497749799862504,0.4596938490867615,0.3901118040084839,0.8937082290649414,0.898524284362793,0.9977807402610779,0.49517980217933655,0.4382588565349579,0.9275017380714417,0.9303945899009705,0.9984801411628723,0.5047860145568848,0.4518685042858124,0.9344047904014587,0.9382347464561462,0.9986385703086853,0.5054218173027039,0.45297470688819885,0.935584306716919,0.9383721947669983,0.9986530542373657,0.4913594126701355,0.4325447380542755,0.9322497248649597,0.936911404132843,0.9986025094985962
45,0.01892692968249321,0.005182632710784674,0.003648347919806838,0.0033031883649528027,0.0032821630593389273,0.0035106122959405184,0.44980907440185547,0.3813456892967224,0.8942553400993347,0.897858202457428,0.9977771639823914,0.48509636521339417,0.42927488684654236,0.9273258447647095,0.9302647113800049,0.9984765648841858,0.49438077211380005,0.44233494997024536,0.9340733885765076,0.9377197623252869,0.9986297488212585,0.4951271712779999,0.44358670711517334,0.9349882006645203,0.9377350807189941,0.998639702796936,0.4812124967575073,0.4233875274658203,0.9319201707839966,0.9364462494850159,0.9985933303833008
46,0.019467022269964218,0.00527134258300066,0.003753076773136854,0.0034255124628543854,0.003401349298655987,0.0036157332360744476,0.4569240212440491,0.38679301738739014,0.8921211361885071,0.8972831964492798,0.9977505207061768,0.49291905760765076,0.435249388217926,0.9249264597892761,0.9293994903564453,0.9984431862831116,0.5020794868469238,0.4483121931552887,0.9320475459098816,0.9365460872650146,0.9985960721969604,0.5030829906463623,0.44979870319366455,0.9327175617218018,0.9369674921035767,0.9986072182655334,0.4888748228549957,0.42928624153137207,0.9296576976776123,0.9357379078865051,0.9985631108283997
47,0.017342470586299896,0.004889015574008226,0.0033259426709264517,0.0029756571166217327,0.002945365384221077,0.0032064830884337425,0.4645284414291382,0.3960806429386139,0.9004838466644287,0.9021561145782471,0.9978883266448975,0.5021494030952454,0.4475609064102173,0.9335643649101257,0.9358356595039368,0.998602569103241,0.5115262269973755,0.4610356092453003,0.9403581619262695,0.943445086479187,0.9987562298774719,0.5124267935752869,0.46246910095214844,0.9410381317138672,0.9439345598220825,0.9987704157829285,0.49774762988090515,0.4409274756908417,0.9382688403129578,0.9422085285186768,0.9987233877182007
48,0.0172687117010355,0.004878484643995762,0.003310299478471279,0.0029611000791192055,0.0029319729655981064,0.00318684964440763,0.4695785939693451,0.4009017050266266,0.9003406167030334,0.9024527668952942,0.9978901743888855,0.5073449015617371,0.45285290479660034,0.9337583780288696,0.9360237717628479,0.9986070990562439,0.5165961980819702,0.46632298827171326,0.940814197063446,0.9434551000595093,0.9987631440162659,0.5173878073692322,0.46754148602485657,0.9414306879043579,0.9440475702285767,0.9987751841545105,0.5028351545333862,0.44605904817581177,0.9385738968849182,0.9424312114715576,0.9987281560897827
49,0.017508333548903465,0.00491858646273613,0.0033584306947886944,0.0030115970876067877,0.002985256491228938,0.003234462346881628,0.46178221702575684,0.3935889005661011,0.8994353413581848,0.9021533131599426,0.9978779554367065,0.49912795424461365,0.4446730315685272,0.9329718351364136,0.9354725480079651,0.9985923767089844,0.5083733201026917,0.4580738842487335,0.9398345351219177,0.9428220391273499,0.9987446665763855,0.5092478394508362,0.45946255326271057,0.9404478669166565,0.9432159662246704,0.9987565279006958,0.49469491839408875,0.43806418776512146,0.937874436378479,0.9416539072990417,0.9987118244171143
50,0.017581982538104057,0.0049146669916808605,0.003369592595845461,0.0030344524420797825,0.0030131633393466473,0.0032500987872481346,0.46663394570350647,0.39769238233566284,0.8992721438407898,0.9023100137710571,0.9978788495063782,0.504442036151886,0.44924643635749817,0.932018518447876,0.9354074001312256,0.9985830187797546,0.5135244727134705,0.46229884028434753,0.9388395547866821,0.9428760409355164,0.9987360835075378,0.5144481062889099,0.46376487612724304,0.9394301772117615,0.9432730078697205,0.9987459778785706,0.49991583824157715,0.442454993724823,0.9368449449539185,0.9416801929473877,0.9987022280693054
51,0.01676969602704048,0.004781865514814854,0.003205543849617243,0.002860622713342309,0.002833831589668989,0.003087811404839158,0.4754469096660614,0.40629950165748596,0.9019149541854858,0.904725968837738,0.9979317784309387,0.5139866471290588,0.45967137813568115,0.9359437823295593,0.9379169940948486,0.9986507296562195,0.523280143737793,0.47334301471710205,0.9429125785827637,0.9453299045562744,0.9988049268722534,0.5240923166275024,0.474651038646698,0.9433572292327881,0.9457499384880066,0.9988146424293518,0.509318470954895,0.45262283086776733,0.9407475590705872,0.9443262219429016,0.9987713098526001
52,0.016748035326600075,0.004765573423355818,0.0032010371796786785,0.0028616241179406643,0.002836850704625249,0.0030829389579594135,0.47818970680236816,0.4095638692378998,0.9025877118110657,0.904656171798706,0.9979385733604431,0.5159902572631836,0.46239158511161804,0.9356826543807983,0.9381202459335327,0.9986501336097717,0.5248651504516602,0.47549283504486084,0.9424850940704346,0.9455605149269104,0.9988028407096863,0.5257870554924011,0.47690528631210327,0.9432570934295654,0.9457560777664185,0.9988131523132324,0.5112959742546082,0.4552382528781891,0.9405743479728699,0.9445293545722961,0.9987724423408508
53,0.016359645873308182,0.004705572500824928,0.003119369503110647,0.0027777417562901974,0.002751001389697194,0.0030059735290706158,0.47774186730384827,0.40914034843444824,0.9042128324508667,0.9053853750228882,0.9979623556137085,0.5169970393180847,0.4634941518306732,0.9372216463088989,0.9396350979804993,0.9986826777458191,0.5260396599769592,0.47687381505966187,0.9440295100212097,0.9471190571784973,0.9988364577293396,0.526969850063324,0.47831544280052185,0.9447434544563293,0.9475069642066956,0.9988479018211365,0.5120370388031006,0.45604684948921204,0.9421804547309875,0.9459677934646606,0.9988047480583191
54,0.016153478994965553,0.004667831119149923,0.0030737617053091526,0.0027377998922020197,0.002709111198782921,0.0029649632051587105,0.4680422246456146,0.4018062651157379,0.9048460721969604,0.9060823917388916,0.9979763627052307,0.5061067938804626,0.4551442563533783,0.9387941956520081,0.9405311942100525,0.9987094402313232,0.5145692229270935,0.46779128909111023,0.9450032114982605,0.9478148818016052,0.9988538026809692,0.5152816772460938,0.4690271019935608,0.9457108378410339,0.9483982920646667,0.998867392539978,0.5010639429092407,0.4475367069244385,0.9434102773666382,0.9468483328819275,0.9988263845443726
55,0.016060451045632362,0.0046482933685183525,0.0030529899522662163,0.002719095442444086,0.002692433772608638,0.0029476499184966087,0.4634919762611389,0.398308128118515,0.9049467444419861,0.9070082902908325,0.9979873895645142,0.50121009349823,0.4511103630065918,0.9386246800422668,0.9413014054298401,0.9987158179283142,0.5097178220748901,0.46378523111343384,0.9450798630714417,0.9481737017631531,0.9988592863082886,0.5105640888214111,0.46517831087112427,0.9456310868263245,0.9488177299499512,0.9988707304000854,0.4963681697845459,0.443737268447876,0.9432122111320496,0.9474603533744812,0.9988322854042053
56,0.015608660876750946,0.004560038447380066,0.002961286110803485,0.0026253925170749426,0.0026016905903816223,0.002860254142433405,0.4691885709762573,0.40355241298675537,0.9061797261238098,0.9083728790283203,0.998016893863678,0.5078805088996887,0.4577701687812805,0.9407647848129272,0.9428170919418335,0.9987547397613525,0.5165705680847168,0.47060948610305786,0.9475254416465759,0.9496304988861084,0.9988998770713806,0.5175167918205261,0.4720606207847595,0.94804447889328,0.9500212073326111,0.9989095330238342,0.5028930902481079,0.4500870108604431,0.9454506635665894,0.9489414691925049,0.9988707304000854
57,0.015208186581730843,0.004498887341469526,0.002879542298614979,0.0025399415753781796,0.0025086437817662954,0.0027811764739453793,0.47364935278892517,0.40792936086654663,0.9078728556632996,0.9091900587081909,0.9980420470237732,0.5132110118865967,0.4636225700378418,0.9423454403877258,0.943828821182251,0.9987823367118835,0.5220524072647095,0.47683072090148926,0.9487992525100708,0.9510056376457214,0.9989280700683594,0.5231407880783081,0.4785583019256592,0.9495644569396973,0.951335608959198,0.9989388585090637,0.5081437826156616,0.45579493045806885,0.9470444917678833,0.9500012993812561,0.9988999962806702
58,0.015303896740078926,0.004509900230914354,0.0028975405730307102,0.002562320791184902,0.0025365918409079313,0.0027975309640169144,0.4804079830646515,0.4139689803123474,0.9077123999595642,0.9088795781135559,0.998036801815033,0.5203705430030823,0.47025468945503235,0.9422189593315125,0.9434802532196045,0.9987770318984985,0.5289255976676941,0.4831713140010834,0.948807418346405,0.9505715370178223,0.9989233016967773,0.5297580361366272,0.4844834804534912,0.9491895437240601,0.951126754283905,0.9989333152770996,0.5150024890899658,0.462035596370697,0.9469116926193237,0.9497678875923157,0.9988949298858643
59,0.014686720445752144,0.004402340389788151,0.0027675116434693336,0.0024357715155929327,0.002404061146080494,0.002677030162885785,0.47737595438957214,0.4121860861778259,0.9092663526535034,0.9107774496078491,0.9980743527412415,0.5174201130867004,0.4689009189605713,0.944772481918335,0.9459500312805176,0.9988297820091248,0.5261598825454712,0.48210006952285767,0.9507448673248291,0.9534063339233398,0.9989745020866394,0.5272934436798096,0.4838261604309082,0.9516351819038391,0.9536899924278259,0.9989882707595825,0.5121424794197083,0.46073055267333984,0.9491211175918579,0.9523507356643677,0.998947024345398
60,0.015162445604801178,0.004477520473301411,0.002862695138901472,0.002541981404647231,0.0025129651185125113,0.0027672634460031986,0.4779374897480011,0.4121352732181549,0.9084630608558655,0.9094661474227905,0.9980514049530029,0.5170717239379883,0.4677155613899231,0.9427652359008789,0.9442569613456726,0.9987905621528625,0.5254589319229126,0.4803082346916199,0.9491056799888611,0.9510215520858765,0.9989309310913086,0.5263746380805969,0.48178625106811523,0.9498863220214844,0.9514065980911255,0.9989436864852905,0.5118273496627808,0.45956775546073914,0.9474112391471863,0.9503480195999146,0.9989070892333984
61,0.014382096007466316,0.004339335486292839,0.0027024284936487675,0.0023746418301016092,0.0023472534958273172,0.0026184411253780127,0.4762426018714905,0.41169556975364685,0.9101027250289917,0.9122141003608704,0.9980987906455994,0.5170756578445435,0.46934765577316284,0.9456546306610107,0.9473995566368103,0.9988554120063782,0.5257354378700256,0.48243439197540283,0.9519352912902832,0.9544547200202942,0.9989981055259705,0.5265896916389465,0.48385298252105713,0.9526011943817139,0.9549174904823303,0.9990114569664001,0.5115740299224854,0.46084117889404297,0.9501365423202515,0.9537032246589661,0.9989722967147827
62,0.01461133174598217,0.004374118521809578,0.0027515145484358072,0.002426621736958623,0.002398083917796612,0.0026609955821186304,0.47939079999923706,0.4147947132587433,0.9103751182556152,0.911230206489563,0.9980902671813965,0.5184959173202515,0.4710288345813751,0.9453405141830444,0.9461657404899597,0.9988385438919067,0.5267666578292847,0.4836597442626953,0.9516710042953491,0.9530383348464966,0.9989801049232483,0.5275858044624329,0.4850308895111084,0.9523496031761169,0.9535197019577026,0.9989925026893616,0.5131769776344299,0.4626951813697815,0.9499565958976746,0.9522392153739929,0.9989535212516785
63,0.014225383289158344,0.004301396664232016,0.002667783061042428,0.002347777131944895,0.0023210293147712946,0.0025874096900224686,0.48024603724479675,0.41616642475128174,0.9114997982978821,0.9127572178840637,0.9981186985969543,0.5204586982727051,0.47349146008491516,0.9463699460029602,0.948115348815918,0.9988713264465332,0.5289695858955383,0.48644793033599854,0.9528604745864868,0.9547926187515259,0.9990124702453613,0.5298376679420471,0.4878251552581787,0.9535463452339172,0.9552147388458252,0.9990232586860657,0.515028715133667,0.46501094102859497,0.951086699962616,0.9540092945098877,0.9989854693412781
64,0.013680784963071346,0.00420707231387496,0.002554855542257428,0.002232792554423213,0.0022058100439608097,0.002480247290804982,0.4811086058616638,0.41791245341300964,0.9133665561676025,0.913612961769104,0.99814772605896,0.5224487781524658,0.4769804775714874,0.9490757584571838,0.9497870802879333,0.9989178776741028,0.5306716561317444,0.4896494150161743,0.9549951553344727,0.9568098783493042,0.9990568161010742,0.5317065715789795,0.491289883852005,0.9557390213012695,0.9571869373321533,0.999068021774292,0.5166531801223755,0.46793726086616516,0.9535101056098938,0.9559641480445862,0.9990316033363342
65,0.01391538418829441,0.004250027239322662,0.00260158977471292,0.0022805421613156796,0.002257406944409013,0.0025258194655179977,0.481341153383255,0.41787511110305786,0.9125646352767944,0.9136365056037903,0.9981396198272705,0.5210482478141785,0.47533607482910156,0.9479407072067261,0.9492367506027222,0.9988989233970642,0.5292395949363708,0.4880847930908203,0.9542086720466614,0.955923318862915,0.9990386366844177,0.530102550983429,0.48945629596710205,0.9548817873001099,0.9562329649925232,0.9990487098693848,0.5155296921730042,0.4666954278945923,0.9525912404060364,0.9551544785499573,0.9990131855010986
66,0.013634799979627132,0.004199969116598368,0.0025424279738217592,0.002224680269137025,0.002198150148615241,0.0024695785250514746,0.47633758187294006,0.4142957329750061,0.9132785797119141,0.9146165251731873,0.9981576204299927,0.5160748958587646,0.47177794575691223,0.9493659138679504,0.9499756693840027,0.9989229440689087,0.5239866375923157,0.4840520918369293,0.955331027507782,0.956917405128479,0.9990603923797607,0.5249609351158142,0.4855809211730957,0.9560549855232239,0.9573634266853333,0.9990736246109009,0.510456919670105,0.462942510843277,0.953773021697998,0.956275999546051,0.9990382790565491
67,0.013292360119521618,0.004140628967434168,0.0024743906687945127,0.0021508196368813515,0.002123872982338071,0.0024026588071137667,0.48364248871803284,0.4211565852165222,0.9142219424247742,0.9154320359230042,0.9981768131256104,0.523862361907959,0.4796377122402191,0.9503355622291565,0.951330840587616,0.9989470839500427,0.5319023132324219,0.49223634600639343,0.9565423130989075,0.9581937193870544,0.9990880489349365,0.5329164862632751,0.49384942650794983,0.9571234583854675,0.9587475657463074,0.9991003274917603,0.5181852579116821,0.47070738673210144,0.9547829627990723,0.957464873790741,0.9990617036819458
68,0.013138653710484505,0.0041109174489974976,0.002438315888866782,0.0021212955471128225,0.0020953682251274586,0.0023727586958557367,0.4787295460700989,0.416873574256897,0.9148262143135071,0.9155828356742859,0.998185396194458,0.5187738537788391,0.4751533269882202,0.9512253999710083,0.95199054479599,0.9989637732505798,0.5267959833145142,0.4877098500728607,0.9572848081588745,0.9584722518920898,0.999098002910614,0.5278304219245911,0.4893263876438141,0.9580527544021606,0.9589747786521912,0.9991125464439392,0.5131180286407471,0.46622470021247864,0.9557249546051025,0.9579600691795349,0.9990765452384949
69,0.013088857755064964,0.004095940385013819,0.00242753978818655,0.0021142137702554464,0.0020881316158920527,0.0023630240466445684,0.48308104276657104,0.42041635513305664,0.9151594042778015,0.9165204763412476,0.9981982707977295,0.5238015055656433,0.47989970445632935,0.9515767097473145,0.9521957039833069,0.9989693760871887,0.5316842198371887,0.49228721857070923,0.9571488499641418,0.9590460658073425,0.9991041421890259,0.5325033068656921,0.4936365783214569,0.9577204585075378,0.9594606161117554,0.9991140365600586,0.5178423523902893,0.4704950153827667,0.9557635188102722,0.9583383798599243,0.9990820288658142
70,0.013471226207911968,0.00416974863037467,0.0024989827070385218,0.002194365719333291,0.002170972293242812,0.002437155693769455,0.48082607984542847,0.4187456965446472,0.9142346382141113,0.9148903489112854,0.9981697797775269,0.5202130675315857,0.4763736128807068,0.9497833847999573,0.9512395858764648,0.9989413619041443,0.527764618396759,0.48831069469451904,0.9558963179588318,0.9578415751457214,0.9990765452384949,0.5285302996635437,0.48957207798957825,0.9563927054405212,0.9581965804100037,0.9990852475166321,0.514387845993042,0.46724191308021545,0.9542005062103271,0.9571174383163452,0.9990512728691101
71,0.01258020754903555,0.004004011861979961,0.0023202167358249426,0.0020074511412531137,0.0019836167339235544,0.0022648971062153578,0.4832278788089752,0.4217652678489685,0.9164391160011292,0.917622983455658,0.9982237219810486,0.5250649452209473,0.48241469264030457,0.9537888765335083,0.9541357755661011,0.9990140199661255,0.5330754518508911,0.4949203431606293,0.9592594504356384,0.9610578417778015,0.9991479516029358,0.5340191125869751,0.496455579996109,0.9599598050117493,0.9614551663398743,0.9991595149040222,0.5189727544784546,0.4727972149848938,0.9578863382339478,0.9603717923164368,0.9991259574890137
72,0.012548331171274185,0.004002965055406094,0.0023117843084037304,0.0019997991621494293,0.0019769417122006416,0.002256835112348199,0.4823019802570343,0.42098522186279297,0.9171467423439026,0.9173995852470398,0.9982281923294067,0.5232853293418884,0.48123207688331604,0.9539647698402405,0.9540460705757141,0.9990147352218628,0.5311281085014343,0.49373093247413635,0.959492027759552,0.9609377980232239,0.9991481304168701,0.5320301055908203,0.4951924681663513,0.9601755738258362,0.9612985849380493,0.9991592764854431,0.5173082947731018,0.47172480821609497,0.9580232501029968,0.9602187871932983,0.9991253614425659
73,0.012423127889633179,0.0039840019308030605,0.0022828378714621067,0.0019743777811527252,0.0019489722326397896,0.002232943195849657,0.48723942041397095,0.42573535442352295,0.917470395565033,0.9179452061653137,0.9982373118400574,0.5282755494117737,0.4864248037338257,0.9543519020080566,0.9551203846931458,0.9990313649177551,0.5359430909156799,0.4987092614173889,0.9601189494132996,0.9615018963813782,0.9991612434387207,0.536832332611084,0.5001329779624939,0.9606973528862,0.9618964791297913,0.999171793460846,0.5221450328826904,0.47665679454803467,0.9586157202720642,0.9608908295631409,0.9991390109062195
74,0.012164984829723835,0.003936214838176966,0.0022299312986433506,0.0019196153152734041,0.0018966030329465866,0.0021826159209012985,0.49672526121139526,0.43433576822280884,0.9180959463119507,0.918685257434845,0.9982536435127258,0.5401164293289185,0.4978656470775604,0.9555232524871826,0.9557719230651855,0.9990492463111877,0.5481197237968445,0.5105656385421753,0.9611905813217163,0.9623261094093323,0.9991809129714966,0.5490691661834717,0.5121051669120789,0.9616796970367432,0.962741494178772,0.9991910457611084,0.5336668491363525,0.48759016394615173,0.9596900939941406,0.961708128452301,0.9991586804389954
75,0.012378871440887451,0.003979029133915901,0.0022724370937794447,0.00196261890232563,0.0019400919554755092,0.0022246972657740116,0.48125237226486206,0.42038026452064514,0.9169490933418274,0.9184091091156006,0.9982388019561768,0.5222569108009338,0.480729341506958,0.9543328285217285,0.9550939798355103,0.9990301132202148,0.5301008820533752,0.49317699670791626,0.9603378772735596,0.961800217628479,0.9991661906242371,0.5308442115783691,0.4943947494029999,0.9607685208320618,0.9621965885162354,0.9991753101348877,0.5162014365196228,0.4710872769355774,0.9587322473526001,0.9611822962760925,0.9991428256034851
76,0.011935164220631123,0.0038964711129665375,0.0021770214661955833,0.001873403787612915,0.0018503537867218256,0.0021379166282713413,0.4926355183124542,0.4307495653629303,0.9186308979988098,0.9195979833602905,0.9982684254646301,0.5353712439537048,0.493931382894516,0.9565785527229309,0.956817090511322,0.9990720152854919,0.5433419942855835,0.5066661238670349,0.962139368057251,0.9634745121002197,0.9992043375968933,0.5442277193069458,0.5080978870391846,0.9626275897026062,0.9637827277183533,0.9992119669914246,0.5289726257324219,0.48369529843330383,0.9607884883880615,0.9629325866699219,0.9991834759712219
77,0.011646329425275326,0.0038480747025460005,0.0021171830594539642,0.0018106226343661547,0.0017899030353873968,0.0020805387757718563,0.4893604815006256,0.42871758341789246,0.9195764660835266,0.9201307892799377,0.9982831478118896,0.5325749516487122,0.49239304661750793,0.9578754901885986,0.9577500224113464,0.9990968704223633,0.5404424071311951,0.5050739049911499,0.9634371995925903,0.9644995927810669,0.9992291927337646,0.5411717295646667,0.5062472820281982,0.9639272093772888,0.9649678468704224,0.9992388486862183,0.526037871837616,0.4819504916667938,0.9620659351348877,0.9639207720756531,0.9992081522941589
78,0.01195051334798336,0.003907930571585894,0.00217676954343915,0.0018721583765000105,0.0018534369301050901,0.0021402020938694477,0.4853571951389313,0.42453619837760925,0.9188770055770874,0.9190970063209534,0.9982656240463257,0.5279454588890076,0.48732390999794006,0.9564371109008789,0.956865668296814,0.9990723729133606,0.5359011888504028,0.49991264939308167,0.9621992111206055,0.9633616805076599,0.9992027878761292,0.5366828441619873,0.5011736154556274,0.9625759124755859,0.9637637734413147,0.9992115497589111,0.5215967297554016,0.47708964347839355,0.9607227444648743,0.9627739787101746,0.9991812705993652
79,0.011507369577884674,0.003831482958048582,0.00208641798235476,0.0017784611554816365,0.001758175203576684,0.0020528214517980814,0.487304151058197,0.427397757768631,0.9201503992080688,0.9205350875854492,0.9982940554618835,0.5296324491500854,0.49047571420669556,0.9583383202552795,0.9583009481430054,0.9991071224212646,0.5373719930648804,0.5030144453048706,0.9640350937843323,0.9652506113052368,0.9992430806159973,0.5380660891532898,0.5041930675506592,0.9644349217414856,0.9655821323394775,0.9992509484291077,0.5231749415397644,0.48009175062179565,0.9626516103744507,0.9646145105361938,0.9992204904556274
80,0.011615869589149952,0.003844889346510172,0.002108186949044466,0.001804287894628942,0.001784294145181775,0.0020741987973451614,0.49405306577682495,0.434094101190567,0.9199907779693604,0.9204255938529968,0.9982911944389343,0.5354021191596985,0.496346116065979,0.958099901676178,0.9580621123313904,0.9991018772125244,0.5430715680122375,0.5088285207748413,0.9634086489677429,0.9648300409317017,0.9992313981056213,0.5437821745872498,0.5099857449531555,0.9639312624931335,0.9652062654495239,0.9992418885231018,0.5291808247566223,0.48622143268585205,0.962075412273407,0.9643043875694275,0.9992124438285828
81,0.011274444870650768,0.0037933632265776396,0.0020329768303781748,0.0017289819661527872,0.0017111655324697495,0.002007954055443406,0.5028441548347473,0.4416411519050598,0.9208892583847046,0.921113908290863,0.9983084797859192,0.5461790561676025,0.5067005753517151,0.9594221711158752,0.9592617154121399,0.9991292357444763,0.5542833805084229,0.5198416113853455,0.9650641083717346,0.9660972356796265,0.9992628693580627,0.5549175143241882,0.5208843946456909,0.9653578400611877,0.9664588570594788,0.9992695450782776,0.539630115032196,0.49604886770248413,0.9637794494628906,0.9654915928840637,0.9992426633834839
82,0.01114118192344904,0.0037690221797674894,0.0020048210863023996,0.0017018630169332027,0.001683474751189351,0.0019819869194179773,0.48506805300712585,0.4261520504951477,0.9213412404060364,0.9217360615730286,0.9983192086219788,0.5274919271469116,0.4898567497730255,0.9600432515144348,0.959821343421936,0.9991414546966553,0.5351855158805847,0.5024006366729736,0.9655110836029053,0.9666157364845276,0.999273419380188,0.5358415246009827,0.5034843683242798,0.9659285545349121,0.9669099450111389,0.9992809891700745,0.520982563495636,0.479270875453949,0.9642422795295715,0.9659929871559143,0.9992530345916748
83,0.011162119917571545,0.0037694599013775587,0.002012086333706975,0.0017055000644177198,0.001688711461611092,0.0019863571505993605,0.49394044280052185,0.43374162912368774,0.9209191799163818,0.9220209717750549,0.998318612575531,0.5385026335716248,0.4995901882648468,0.9599457383155823,0.9599122405052185,0.9991427659988403,0.5466471910476685,0.5127183794975281,0.965471625328064,0.9666600227355957,0.9992729425430298,0.5473513007164001,0.513862133026123,0.9657898545265198,0.9670541286468506,0.9992809891700745,0.5317438840866089,0.4887232184410095,0.9641153216362,0.9661720991134644,0.999253511428833
84,0.011016568168997765,0.0037453025579452515,0.0019792141392827034,0.0016753899399191141,0.0016582676908001304,0.001958391396328807,0.4903085231781006,0.4312887489795685,0.921178936958313,0.9222847819328308,0.9983245134353638,0.5331189632415771,0.4956477880477905,0.9605541229248047,0.9604905247688293,0.9991549253463745,0.540910005569458,0.5082426071166992,0.9661130905151367,0.9671894311904907,0.9992853403091431,0.5415681004524231,0.5093016028404236,0.9664466977119446,0.9675765633583069,0.9992942214012146,0.526556134223938,0.4848968982696533,0.9646683931350708,0.9665756821632385,0.9992640018463135
85,0.010851273313164711,0.0037188176065683365,0.001943061826750636,0.0016412718687206507,0.0016236366936936975,0.0019244778668507934,0.4889681339263916,0.42981916666030884,0.9219939708709717,0.9227180480957031,0.9983375668525696,0.5327602028846741,0.4953942894935608,0.9612666964530945,0.9610998630523682,0.9991687536239624,0.5406150817871094,0.5081979036331177,0.9666928648948669,0.9677268266677856,0.9992985129356384,0.5411688089370728,0.5091382265090942,0.9669884443283081,0.9681545495986938,0.999305248260498,0.5259935855865479,0.484394907951355,0.9654390215873718,0.9672569036483765,0.9992791414260864
86,0.010904470458626747,0.0037298020906746387,0.001951084122993052,0.0016527075786143541,0.0016360366716980934,0.001934845233336091,0.4862897992134094,0.42771822214126587,0.9215044379234314,0.9220896363258362,0.9983251690864563,0.5291493535041809,0.4923008382320404,0.9611887335777283,0.960896909236908,0.9991652965545654,0.5366988778114319,0.5046183466911316,0.9665795564651489,0.9675668478012085,0.9992947578430176,0.5373466610908508,0.5056751370429993,0.9669684767723083,0.967822253704071,0.9993017315864563,0.522447407245636,0.4813459813594818,0.9653034806251526,0.966999888420105,0.9992764592170715
87,0.010713402181863785,0.0037024482153356075,0.001910909079015255,0.0016104093519970775,0.0015914939576759934,0.00189813447650522,0.4884941875934601,0.43001624941825867,0.9220148324966431,0.9228510856628418,0.9983394742012024,0.5314899682998657,0.4950638711452484,0.9619747996330261,0.9617428779602051,0.9991832971572876,0.5393821001052856,0.5079174041748047,0.967556893825531,0.9685522317886353,0.9993170499801636,0.5399863719940186,0.5089389681816101,0.967830240726471,0.9689528942108154,0.9993236064910889,0.5249168872833252,0.48423609137535095,0.9662622213363647,0.9679506421089172,0.9992950558662415
88,0.0105935949832201,0.0036832736805081367,0.001884192111901939,0.0015833161305636168,0.0015684814425185323,0.0018743362743407488,0.49073532223701477,0.4322267770767212,0.9225778579711914,0.9232864379882812,0.9983494281768799,0.5341044664382935,0.49783286452293396,0.9623963832855225,0.9621298909187317,0.99919193983078,0.5420165061950684,0.5107371807098389,0.9680029153823853,0.9688505530357361,0.9993239641189575,0.5425946712493896,0.5116962194442749,0.968164324760437,0.969199001789093,0.9993295073509216,0.5274509191513062,0.48685115575790405,0.966604471206665,0.9682653546333313,0.9993026256561279
89,0.010516303591430187,0.0036717159673571587,0.0018703914247453213,0.0015654610469937325,0.0015500106383115053,0.0018587294034659863,0.4832473397254944,0.42568567395210266,0.9227365255355835,0.9230093359947205,0.9983466267585754,0.5269535779953003,0.49151238799095154,0.9629385471343994,0.9623216986656189,0.9991991519927979,0.5347945690155029,0.5043883323669434,0.9687871932983398,0.9689817428588867,0.9993336796760559,0.5353644490242004,0.505339503288269,0.9689309000968933,0.9693834781646729,0.9993396401405334,0.5202440619468689,0.48049771785736084,0.9673945903778076,0.968596339225769,0.9993157386779785
90,0.010369827970862389,0.0036440815310925245,0.0018370273755863309,0.0015365486033260822,0.0015206563984975219,0.0018315160414204001,0.49753883481025696,0.43918377161026,0.922420084476471,0.9245181083679199,0.9983627200126648,0.5413724184036255,0.505928635597229,0.9630935788154602,0.9630787372589111,0.9992096424102783,0.5490747094154358,0.5188106298446655,0.9689422249794006,0.9699033498764038,0.9993447661399841,0.5497028231620789,0.5198562741279602,0.9691144824028015,0.9703077673912048,0.9993520379066467,0.5345317125320435,0.4946720004081726,0.9675904512405396,0.9694736003875732,0.9993273019790649
91,0.01029891800135374,0.003631375264376402,0.0018217989709228277,0.0015224289381876588,0.0015063696773722768,0.0018169465474784374,0.4954719543457031,0.4363676607608795,0.9232170581817627,0.9242733120918274,0.9983679056167603,0.5407546758651733,0.5046539902687073,0.9636552333831787,0.96340411901474,0.9992188215255737,0.5486917495727539,0.517762303352356,0.9692391157150269,0.9699879288673401,0.9993492364883423,0.5492826700210571,0.5187623500823975,0.9695292711257935,0.9703830480575562,0.999356210231781,0.5336371064186096,0.493023157119751,0.967889130115509,0.9694721698760986,0.9993293285369873
92,0.010198541916906834,0.003624732606112957,0.0018001028802245855,0.001495947828516364,0.0014802031219005585,0.001797539065591991,0.49560895562171936,0.4373289942741394,0.923826277256012,0.9238166809082031,0.9983679056167603,0.5401841998100281,0.5049648880958557,0.9641701579093933,0.9636739492416382,0.9992269277572632,0.548119306564331,0.518082857131958,0.969825267791748,0.9706308841705322,0.9993624091148376,0.5486985445022583,0.5190391540527344,0.9701026678085327,0.9709653854370117,0.9993690848350525,0.5332453846931458,0.493523508310318,0.9686244130134583,0.9700531363487244,0.9993433952331543
93,0.010046328417956829,0.003598949871957302,0.0017702716868370771,0.0014626961201429367,0.001448078895919025,0.0017663295147940516,0.4839690327644348,0.4267590045928955,0.9235048890113831,0.9247167706489563,0.9983747601509094,0.527977705001831,0.4935448467731476,0.9647572040557861,0.9642423391342163,0.9992390871047974,0.5359195470809937,0.5066595077514648,0.9704335927963257,0.9713587164878845,0.9993764758110046,0.536526083946228,0.5076695680618286,0.9707010388374329,0.9716220498085022,0.9993826150894165,0.5212058424949646,0.4823393225669861,0.969167947769165,0.9707239270210266,0.9993569254875183
94,0.010138588957488537,0.003612728789448738,0.0017846233677119017,0.0014845139812678099,0.0014714463613927364,0.0017852783203125,0.4887530207633972,0.4307207465171814,0.9234591126441956,0.9245861172676086,0.9983739852905273,0.5332127809524536,0.49842822551727295,0.964264452457428,0.9641001224517822,0.9992319345474243,0.5410575270652771,0.511500895023346,0.9701130986213684,0.9708493947982788,0.9993692636489868,0.541545569896698,0.512302041053772,0.9702237248420715,0.971156120300293,0.9993731379508972,0.52620929479599,0.4868715703487396,0.9687287211418152,0.9703628420829773,0.9993481040000916
95,0.009912986308336258,0.00357530708424747,0.0017380494391545653,0.0014356389874592423,0.0014225018676370382,0.0017414839239791036,0.49165892601013184,0.4341248869895935,0.9242337942123413,0.9249587655067444,0.9983851313591003,0.5367999076843262,0.5026863813400269,0.9654240608215332,0.9648156762123108,0.99925297498703,0.5445812940597534,0.5157139897346497,0.9709857106208801,0.9718774557113647,0.9993887543678284,0.5451154708862305,0.5166338086128235,0.9711312651634216,0.9722626209259033,0.999394416809082,0.5296525955200195,0.49092572927474976,0.9696765542030334,0.9714314341545105,0.9993702173233032
96,0.009898736141622066,0.003577105002477765,0.0017332556890323758,0.001432004850357771,0.0014181717997416854,0.001738201710395515,0.49361276626586914,0.43573513627052307,0.9243444204330444,0.9249125123023987,0.9983862638473511,0.5392270088195801,0.5049713253974915,0.9654788970947266,0.9649067521095276,0.9992547035217285,0.5470800995826721,0.5181019902229309,0.9712327718734741,0.9718191623687744,0.9993910193443298,0.5475686192512512,0.5189124941825867,0.9713139533996582,0.972235918045044,0.9993959069252014,0.5319668650627136,0.49303239583969116,0.9698338508605957,0.9714540243148804,0.9993717670440674
97,0.009738289751112461,0.0035498200450092554,0.001700054039247334,0.0013976148329675198,0.0013846794608980417,0.001706128939986229,0.49778053164482117,0.4396788477897644,0.9244958162307739,0.9255468249320984,0.9983952641487122,0.5434507727622986,0.5093203783035278,0.9660455584526062,0.9655054211616516,0.9992667436599731,0.5514261722564697,0.5226868391036987,0.9719734787940979,0.972476065158844,0.9994049668312073,0.5519339442253113,0.5235249996185303,0.9721285104751587,0.9727414846420288,0.999410092830658,0.5362290143966675,0.4973902404308319,0.9706489443778992,0.9719597101211548,0.9993861317634583
98,0.00980150792747736,0.0035623209550976753,0.001714479411020875,0.0014094454236328602,0.001395719707943499,0.0017195359105244279,0.4872385561466217,0.43048834800720215,0.9246127605438232,0.9251756072044373,0.9983912110328674,0.5318488478660583,0.4983901381492615,0.9658941030502319,0.9652535319328308,0.9992622137069702,0.5397137403488159,0.5114668607711792,0.9717667698860168,0.9721091985702515,0.999399721622467,0.5401859879493713,0.5122712254524231,0.9718161821365356,0.9724457263946533,0.9994029998779297,0.5248557329177856,0.48680970072746277,0.9704358577728271,0.9716881513595581,0.9993805289268494
99,0.00954156182706356,0.0035227485932409763,0.0016609278973191977,0.0013512375298887491,0.0013387504732236266,0.0016678994288668036,0.49698376655578613,0.4392780661582947,0.9254459738731384,0.9258988499641418,0.9984080195426941,0.5427396893501282,0.5094501972198486,0.9668301939964294,0.9663860201835632,0.9992847442626953,0.5508634448051453,0.5230810642242432,0.9728411436080933,0.9733278155326843,0.9994229078292847,0.5513724684715271,0.523940920829773,0.9728728532791138,0.9737495183944702,0.9994291663169861,0.535595715045929,0.4975329041481018,0.9715210795402527,0.9728202819824219,0.9994034171104431
100,0.009497767314314842,0.0035146058071404696,0.0016502938233315945,0.0013428309466689825,0.0013300805585458875,0.0016599593218415976,0.49592798948287964,0.4385457932949066,0.9252293109893799,0.9259046316146851,0.9984064698219299,0.5417449474334717,0.5087012052536011,0.967084527015686,0.9662908315658569,0.9992865324020386,0.549798309803009,0.52225661277771,0.9730011820793152,0.9733431339263916,0.9994254112243652,0.5502802133560181,0.523086667060852,0.9730977416038513,0.9738115072250366,0.9994314908981323,0.5345171093940735,0.4967014193534851,0.9717581868171692,0.9729105830192566,0.9994081854820251
101,0.009461394511163235,0.0035142996348440647,0.0016399950254708529,0.0013336956035345793,0.0013212000485509634,0.001652219914831221,0.49541833996772766,0.43827784061431885,0.925204336643219,0.9260254502296448,0.998407781124115,0.5410933494567871,0.5083678960800171,0.9672318696975708,0.9665697813034058,0.9992914199829102,0.5491342544555664,0.5219120979309082,0.9731806516647339,0.9736568927764893,0.999430775642395,0.5496852397918701,0.5228257775306702,0.9731847643852234,0.9740594625473022,0.9994359016418457,0.5339073538780212,0.4963977336883545,0.9719100594520569,0.9731258153915405,0.9994122982025146
102,0.00956239178776741,0.003526942804455757,0.001658412627875805,0.0013591551687568426,0.001346828299574554,0.001671049976721406,0.492473304271698,0.4350602328777313,0.9251042008399963,0.9254754781723022,0.9984004497528076,0.5381669402122498,0.5049865245819092,0.9668723940849304,0.9664233326911926,0.9992849230766296,0.5461999773979187,0.5184385776519775,0.9726788401603699,0.9732691645622253,0.9994213581085205,0.5466339588165283,0.5191947221755981,0.9727885723114014,0.9734822511672974,0.9994244575500488,0.5309284925460815,0.49297091364860535,0.9713837504386902,0.9728385806083679,0.9994035959243774
103,0.009323704056441784,0.0034935681615024805,0.0016118338098749518,0.0013023682404309511,0.0012899126159027219,0.0016260216943919659,0.4940487742424011,0.4367230534553528,0.9255865216255188,0.9262540936470032,0.9984142184257507,0.5399355292320251,0.5073060393333435,0.9677032828330994,0.9672415852546692,0.99930340051651,0.5479779839515686,0.5209254026412964,0.9738466143608093,0.9743306636810303,0.9994458556175232,0.5484768748283386,0.521784245967865,0.9740315675735474,0.9746288657188416,0.9994502663612366,0.5326759219169617,0.49522197246551514,0.9724938869476318,0.9737766981124878,0.9994254112243652
104,0.009150567464530468,0.0034687905572354794,0.0015759991947561502,0.0012632046127691865,0.001251512672752142,0.0015910471556708217,0.4910179376602173,0.43411681056022644,0.9260674715042114,0.9267677664756775,0.998424232006073,0.5375049710273743,0.505456268787384,0.9683388471603394,0.9681110978126526,0.9993196725845337,0.545769214630127,0.5194693803787231,0.9747269153594971,0.975173830986023,0.9994637966156006,0.5462584495544434,0.5202944278717041,0.9747717976570129,0.9755182862281799,0.9994674324989319,0.5302054286003113,0.4933035671710968,0.9732468724250793,0.9747160077095032,0.999442994594574
105,0.00913217756897211,0.003466111607849598,0.0015710968291386962,0.001259984215721488,0.0012478098506107926,0.0015871815849095583,0.493061363697052,0.43696489930152893,0.9259037971496582,0.9266788363456726,0.9984216690063477,0.5380811095237732,0.5068443417549133,0.968565046787262,0.9679823517799377,0.9993200898170471,0.5460514426231384,0.5204653143882751,0.9747219085693359,0.9750614166259766,0.9994620680809021,0.5464181900024414,0.5211088061332703,0.9747835993766785,0.9754977226257324,0.9994674324989319,0.5309493541717529,0.49489960074424744,0.9734019041061401,0.9745398759841919,0.999443531036377
106,0.0090919379144907,0.0034625381231307983,0.001561095705255866,0.0012505368795245886,0.001239064964465797,0.0015787151642143726,0.49517619609832764,0.4387500584125519,0.9261341094970703,0.9269782900810242,0.9984281063079834,0.5409252643585205,0.5097367167472839,0.9690083861351013,0.9682148694992065,0.9993273615837097,0.5488517880439758,0.523296058177948,0.97505784034729,0.9753553867340088,0.9994691014289856,0.5493706464767456,0.524160623550415,0.975141704082489,0.9757353067398071,0.9994742274284363,0.533630907535553,0.4975016415119171,0.9737985134124756,0.9748662114143372,0.9994500279426575
107,0.009139998815953732,0.0034688019659370184,0.0015705674886703491,0.0012616810854524374,0.0012499600416049361,0.001588984508998692,0.49390748143196106,0.437439501285553,0.9254999160766602,0.9271752238273621,0.9984232783317566,0.5402085185050964,0.5085826516151428,0.9685356020927429,0.9679327011108398,0.9993196725845337,0.5481413006782532,0.5220731496810913,0.9747759103775024,0.9751317501068115,0.9994640946388245,0.5485862493515015,0.5228270292282104,0.974843442440033,0.9754731059074402,0.9994679689407349,0.5327816009521484,0.4962339401245117,0.9733792543411255,0.9745291471481323,0.9994425177574158
108,0.008998805657029152,0.0034484881907701492,0.001541411504149437,0.0012293613981455564,0.0012173313880339265,0.0015622149221599102,0.49431249499320984,0.43803346157073975,0.9264106154441833,0.926918625831604,0.9984298348426819,0.5405023097991943,0.5092474222183228,0.9691489338874817,0.9685553312301636,0.99933260679245,0.5488063097000122,0.5232745409011841,0.9753003716468811,0.9757674336433411,0.9994761347770691,0.5491330027580261,0.5238624215126038,0.9753751754760742,0.9762119650840759,0.9994819760322571,0.5332585573196411,0.49708831310272217,0.974066436290741,0.9753451347351074,0.9994581341743469
109,0.008874752558767796,0.003431144403293729,0.0015155405271798372,0.001200588303618133,0.001190466107800603,0.0015370073961094022,0.49582475423812866,0.43966084718704224,0.9262537956237793,0.9275829195976257,0.9984353184700012,0.5422967672348022,0.5117185711860657,0.9697694778442383,0.9689529538154602,0.9993436336517334,0.5503665208816528,0.5254879593849182,0.9760786890983582,0.9763000011444092,0.9994903802871704,0.5507798790931702,0.5262390971183777,0.9760532975196838,0.9765654802322388,0.9994930624961853,0.5349026322364807,0.49926528334617615,0.974689781665802,0.9757344722747803,0.9994698762893677
110,0.008776967413723469,0.003422159468755126,0.0014939452521502972,0.0011780746281147003,0.0011663588229566813,0.0015164351789280772,0.49804773926734924,0.44131478667259216,0.9265620112419128,0.9275274276733398,0.9984375834465027,0.5452809929847717,0.5144960284233093,0.9700618982315063,0.9694725275039673,0.9993516802787781,0.5537314414978027,0.5289480686187744,0.9764227867126465,0.9767030477523804,0.9994970560073853,0.5541682839393616,0.529686450958252,0.9764463305473328,0.9770703911781311,0.9995019435882568,0.5378780364990234,0.5020293593406677,0.9750469923019409,0.9761430025100708,0.9994776844978333
111,0.008900782093405724,0.003438180312514305,0.001518511213362217,0.0012068540090695024,0.0011956094531342387,0.0015416296664625406,0.501826822757721,0.4450152814388275,0.9263036251068115,0.9273293614387512,0.9984334111213684,0.5485938191413879,0.5178669691085815,0.9697540998458862,0.9690257906913757,0.9993441104888916,0.5566683411598206,0.5317025780677795,0.9759118556976318,0.9762207865715027,0.9994873404502869,0.5570239424705505,0.5323514938354492,0.9758942127227783,0.9766073822975159,0.999491274356842,0.5410787463188171,0.5051913857460022,0.9747291803359985,0.9757753014564514,0.9994697570800781
112,0.008841140195727348,0.003428892232477665,0.0015071185771375895,0.0011931248009204865,0.0011819376377388835,0.0015300717204809189,0.49999114871025085,0.4434649348258972,0.926369845867157,0.9277817010879517,0.9984400272369385,0.5468201637268066,0.5159952044487,0.9697659015655518,0.9692631959915161,0.9993464946746826,0.5551415681838989,0.5301944017410278,0.9762296676635742,0.9766272306442261,0.9994955062866211,0.5555387139320374,0.5308825969696045,0.9762042760848999,0.9769487380981445,0.9994984269142151,0.5394763946533203,0.5036256909370422,0.9747704267501831,0.9760624170303345,0.9994739890098572
113,0.008683127351105213,0.003408966585993767,0.0014718984020873904,0.0011563885491341352,0.0011463752016425133,0.0014994997764006257,0.4929635226726532,0.43718448281288147,0.9267601370811462,0.9277610778808594,0.9984421730041504,0.5393950343132019,0.509471595287323,0.9706339836120605,0.9698540568351746,0.9993624091148376,0.5474309921264648,0.5232681035995483,0.9768983125686646,0.9772473573684692,0.9995080828666687,0.547892153263092,0.5240601301193237,0.9770306348800659,0.977531373500824,0.9995130896568298,0.5319744348526001,0.49695926904678345,0.9756471514701843,0.9767496585845947,0.9994911551475525
114,0.008543378673493862,0.0033865247387439013,0.001444110763259232,0.001125041046179831,0.001115980208851397,0.00147172249853611,0.49985232949256897,0.4436130225658417,0.9270629286766052,0.928016185760498,0.9984478950500488,0.5467113852500916,0.5170511603355408,0.971114456653595,0.9702990055084229,0.999372124671936,0.5549758076667786,0.531391978263855,0.9776961207389832,0.9777688384056091,0.9995235800743103,0.555421769618988,0.5321573615074158,0.977613627910614,0.9780534505844116,0.9995253086090088,0.5392749309539795,0.5044519901275635,0.9763851165771484,0.9772809147834778,0.9995037913322449
115,0.008587037213146687,0.003394800005480647,0.0014542518183588982,0.0011340255150571465,0.001123977592214942,0.001479980070143938,0.5011556148529053,0.44464781880378723,0.9268947839736938,0.9281316995620728,0.9984487295150757,0.5491867065429688,0.5190203189849854,0.9709526300430298,0.9702998995780945,0.999370813369751,0.5577940940856934,0.5337207317352295,0.9773969054222107,0.9777541756629944,0.9995196461677551,0.5581356883049011,0.5343145728111267,0.9773887991905212,0.9780999422073364,0.9995224475860596,0.5416585803031921,0.5063031315803528,0.9760891199111938,0.9772031903266907,0.9994997382164001
116,0.008677232079207897,0.0034062201157212257,0.0014709694078192115,0.0011562143918126822,0.001146985567174852,0.0014968413161113858,0.4899846017360687,0.4347945749759674,0.9267197847366333,0.9280853867530823,0.9984459280967712,0.5364353656768799,0.5070498585700989,0.9705872535705566,0.9698517322540283,0.9993622899055481,0.5445398092269897,0.5209678411483765,0.9769939184188843,0.9772765636444092,0.9995104074478149,0.5448963642120361,0.521588146686554,0.9768896698951721,0.9775627851486206,0.9995132088661194,0.5290414094924927,0.4945480227470398,0.9755859375,0.9766936898231506,0.9994894862174988
117,0.008430232293903828,0.0033737702760845423,0.0014205074403434992,0.0010980749502778053,0.001087825745344162,0.001450036303140223,0.495329886674881,0.43934139609336853,0.927162230014801,0.9286073446273804,0.9984573125839233,0.5431172251701355,0.5135200023651123,0.9715210795402527,0.9707527756690979,0.9993812441825867,0.5515397191047668,0.5280293226242065,0.978065550327301,0.9783254265785217,0.9995326995849609,0.5520506501197815,0.5289009809494019,0.9781253933906555,0.9786155819892883,0.9995360374450684,0.5355494022369385,0.5007743835449219,0.976884663105011,0.9777849316596985,0.9995148181915283
118,0.00832492858171463,0.0033600858878344297,0.0013988201972097158,0.0010733988601714373,0.001064666430465877,0.0014279551105573773,0.5071903467178345,0.45086541771888733,0.9274418950080872,0.9287458062171936,0.9984609484672546,0.5543570518493652,0.5255873799324036,0.9719182252883911,0.9712806344032288,0.9993917942047119,0.5627656579017639,0.5402599573135376,0.9785728454589844,0.9789389371871948,0.9995450973510742,0.56306391954422,0.5408402681350708,0.9785401821136475,0.9792549014091492,0.9995490908622742,0.5468754768371582,0.5127713084220886,0.9772962927818298,0.9784188866615295,0.99952632188797
119,0.008369366638362408,0.0033655299339443445,0.00140764273237437,0.0010843543568626046,0.0010743670864030719,0.0014374725287780166,0.4971998333930969,0.44158345460891724,0.9270679354667664,0.9286760687828064,0.998456597328186,0.5442536473274231,0.5153305530548096,0.9717164635658264,0.9710447788238525,0.9993866086006165,0.5526213049888611,0.5298405885696411,0.9784853458404541,0.978597104549408,0.9995406270027161,0.5529829263687134,0.5304650068283081,0.9784350395202637,0.978892982006073,0.9995435476303101,0.5368062853813171,0.5026895999908447,0.977127194404602,0.9781000018119812,0.9995207190513611
120,0.00834816973656416,0.00336459930986166,0.0014013343024998903,0.0010795672424137592,0.0010706669418141246,0.0014319941401481628,0.503620982170105,0.44649142026901245,0.9275107979774475,0.9284999370574951,0.9984580278396606,0.5532534718513489,0.5232993364334106,0.9719104766845703,0.9712100625038147,0.9993906021118164,0.5621924996376038,0.5385738611221313,0.9784935116767883,0.9788112044334412,0.9995436668395996,0.5625609755516052,0.5392141938209534,0.9783538579940796,0.9790866374969482,0.9995447397232056,0.545481264591217,0.5101457238197327,0.9771725535392761,0.9782789945602417,0.9995229840278625
121,0.0082711111754179,0.00335409352555871,0.0013867495581507683,0.0010604312410578132,0.0010524613317102194,0.0014173813397064805,0.5007919669151306,0.4455348253250122,0.9275688529014587,0.928874135017395,0.9984638690948486,0.5475950241088867,0.5192537307739258,0.9722604751586914,0.9714713096618652,0.9993966221809387,0.556067168712616,0.533920168876648,0.9789400100708008,0.9791361689567566,0.9995511174201965,0.5564213991165161,0.5345470905303955,0.9788774251937866,0.9794062376022339,0.9995532631874084,0.5402727127075195,0.5067034363746643,0.9775782823562622,0.9785670638084412,0.9995301961898804
122,0.008225501514971256,0.003345021279528737,0.0013757897540926933,0.0010526272235438228,0.0010433297138661146,0.001408735173754394,0.5016801357269287,0.44543224573135376,0.9278766512870789,0.9287363290786743,0.9984648823738098,0.5503789186477661,0.5213127732276917,0.9723610877990723,0.9715784192085266,0.9993994235992432,0.5589352250099182,0.5361683368682861,0.9790148138999939,0.9792181253433228,0.9995524287223816,0.5593121647834778,0.536830723285675,0.9790107011795044,0.9795138239860535,0.9995558261871338,0.5426689386367798,0.5082544088363647,0.9777219891548157,0.9787299633026123,0.9995339512825012
123,0.00817684642970562,0.0033418675884604454,0.0013669575564563274,0.0010385386412963271,0.0010300938738510013,0.0013993899337947369,0.4956016540527344,0.4401302635669708,0.9279555082321167,0.9287735819816589,0.9984657764434814,0.5435370206832886,0.5150316953659058,0.9724671840667725,0.9719208478927612,0.9994037747383118,0.5520434379577637,0.5298380255699158,0.9794386625289917,0.9796096086502075,0.9995613694190979,0.5523673892021179,0.5304126739501953,0.9794254899024963,0.9798558950424194,0.9995641708374023,0.5359637141227722,0.5021876096725464,0.9780905246734619,0.9791108965873718,0.999542236328125
124,0.008127231150865555,0.0033354961778968573,0.0013560516526922584,0.0010281393770128489,0.0010195760987699032,0.0013879685429856181,0.5017769932746887,0.44542205333709717,0.9276504516601562,0.929170548915863,0.9984675049781799,0.5510754585266113,0.5223888158798218,0.9725909233093262,0.9719824194908142,0.9994058609008789,0.5598047971725464,0.5375551581382751,0.979589581489563,0.9797601699829102,0.9995652437210083,0.5600911974906921,0.538071870803833,0.9795293211936951,0.9800082445144653,0.9995670318603516,0.5432398915290833,0.5090863704681396,0.9782060980796814,0.9792159199714661,0.9995443224906921
125,0.008162846788764,0.003334938082844019,0.0013636695221066475,0.0010379847371950746,0.0010303774615749717,0.0013958761701360345,0.49685004353523254,0.4413507580757141,0.9277782440185547,0.9291732907295227,0.9984695315361023,0.5448247790336609,0.5166926383972168,0.9726625680923462,0.9717669486999512,0.9994043707847595,0.5531362891197205,0.5312164425849915,0.9794459342956543,0.9795204997062683,0.9995604157447815,0.5534815788269043,0.5318188667297363,0.9794019460678101,0.979806125164032,0.9995636343955994,0.5371001958847046,0.5035574436187744,0.9781503677368164,0.978981077671051,0.999540388584137
126,0.007994375191628933,0.003318830393254757,0.0013272090582177043,0.0009963040938600898,0.000988063751719892,0.0013639628887176514,0.4956197142601013,0.44052255153656006,0.9279292225837708,0.9296097755432129,0.9984756708145142,0.5439558029174805,0.5161054134368896,0.973305344581604,0.9726078510284424,0.999420166015625,0.5526928305625916,0.5311903357505798,0.980253279209137,0.9804136753082275,0.9995783567428589,0.5529972314834595,0.5317801833152771,0.9802437424659729,0.9806958436965942,0.9995817542076111,0.5363698601722717,0.5031583905220032,0.9789055585861206,0.9798756837844849,0.9995580315589905
127,0.007993258535861969,0.003317552851513028,0.0013290572678670287,0.0009963485645130277,0.000988081912510097,0.001362215611152351,0.4951605200767517,0.4405369758605957,0.9281173348426819,0.9295926690101624,0.9984774589538574,0.5425531268119812,0.5152571797370911,0.9733860492706299,0.9724880456924438,0.9994202852249146,0.5510641932487488,0.5301198363304138,0.9802451133728027,0.980369508266449,0.9995778203010559,0.5513719320297241,0.5306726694107056,0.980323076248169,0.980604887008667,0.9995808005332947,0.5350793600082397,0.5024735331535339,0.979010283946991,0.979844868183136,0.9995588064193726
128,0.008048759773373604,0.003326724050566554,0.0013397756265476346,0.0010085325920954347,0.00099962018430233,0.0013741001021116972,0.49852660298347473,0.4433819055557251,0.9280656576156616,0.929378867149353,0.9984740018844604,0.5463021397590637,0.5187524557113647,0.9730215668678284,0.9723947644233704,0.9994145631790161,0.5546624064445496,0.5334213376045227,0.9800179600715637,0.9801450371742249,0.9995729923248291,0.5550131797790527,0.5340383052825928,0.9799445271492004,0.9804383516311646,0.9995750188827515,0.5386682748794556,0.5057047605514526,0.978756844997406,0.9796854853630066,0.999555766582489
129,0.00788476224988699,0.0033062929287552834,0.0013057318283244967,0.0009696971392259002,0.0009613092988729477,0.00134173221886158,0.49875766038894653,0.4434094727039337,0.9282161593437195,0.9298411011695862,0.998481035232544,0.5480039715766907,0.5204878449440002,0.9737350940704346,0.9729425311088562,0.9994294047355652,0.5567713975906372,0.5358328819274902,0.980712890625,0.980828046798706,0.9995884895324707,0.557167649269104,0.5365269780158997,0.9806984066963196,0.9811751842498779,0.9995922446250916,0.5402548313140869,0.5072882771492004,0.9795324802398682,0.9804075956344604,0.9995706081390381
130,0.007812108378857374,0.003295742440968752,0.0012906267074868083,0.0009533335105516016,0.0009451640653423965,0.0013272479409351945,0.5001379251480103,0.4444655776023865,0.9282895922660828,0.9299023747444153,0.9984825849533081,0.5499163269996643,0.5223751068115234,0.9739821553230286,0.9733758568763733,0.9994359016418457,0.558824360370636,0.5379651188850403,0.9811363220214844,0.9813173413276672,0.9995982646942139,0.5591696500778198,0.5385892391204834,0.9810827970504761,0.9816128015518188,0.9996005296707153,0.5420877933502197,0.509032130241394,0.9797945022583008,0.9808189272880554,0.9995778799057007
131,0.007864783518016338,0.0033011860214173794,0.0013010728871449828,0.0009666072437539697,0.00095891032833606,0.001337012741714716,0.49475276470184326,0.441013365983963,0.9286155104637146,0.9295678734779358,0.9984821081161499,0.5418509244918823,0.5154751539230347,0.9739232063293457,0.9730780124664307,0.9994323253631592,0.5502971410751343,0.5303018689155579,0.9810089468955994,0.980950653553009,0.9995929002761841,0.5505574345588684,0.5307803153991699,0.9809463620185852,0.9812324047088623,0.9995946288108826,0.5344114303588867,0.5027260780334473,0.9797174334526062,0.9805295467376709,0.9995740056037903
132,0.007769009098410606,0.0032909968867897987,0.001282566343434155,0.0009422812145203352,0.0009343081619590521,0.0013188659213483334,0.5006829500198364,0.44530174136161804,0.9283344745635986,0.9299549460411072,0.9984839558601379,0.5499717593193054,0.522799551486969,0.973992109298706,0.9735375642776489,0.9994375109672546,0.5586509704589844,0.5380314588546753,0.9814754128456116,0.9814891815185547,0.9996034502983093,0.5589748620986938,0.5386850237846375,0.981410562992096,0.9817550182342529,0.9996055364608765,0.5421090126037598,0.5094109177589417,0.9801172614097595,0.9809710383415222,0.9995839595794678
133,0.0077339839190244675,0.003287878120318055,0.0012743050465360284,0.0009339489042758942,0.0009269224829040468,0.0013109325664117932,0.5072994232177734,0.4514123201370239,0.9283217787742615,0.9300786852836609,0.9984838962554932,0.5565847158432007,0.5294668674468994,0.9742990136146545,0.9735121726989746,0.9994415044784546,0.5655068159103394,0.5451960563659668,0.9815755486488342,0.9815599918365479,0.9996049404144287,0.5658066272735596,0.5457391142845154,0.9815429449081421,0.9818206429481506,0.9996073246002197,0.5488350987434387,0.5161507725715637,0.9803770184516907,0.9811015129089355,0.9995869994163513
134,0.007706747855991125,0.0032807274255901575,0.0012699250364676118,0.0009286496206186712,0.0009211855940520763,0.0013062587240710855,0.5044914484024048,0.4488961398601532,0.9288802742958069,0.9300430417060852,0.998490035533905,0.554044246673584,0.5270625948905945,0.9744041562080383,0.9736904501914978,0.999443531036377,0.5629703998565674,0.5427753329277039,0.9816621541976929,0.9817747473716736,0.9996087551116943,0.5633531808853149,0.5434457659721375,0.9817002415657043,0.9820162653923035,0.9996111392974854,0.5462614297866821,0.5137183666229248,0.9804409146308899,0.9812629818916321,0.9995898008346558
135,0.0076864250004291534,0.003281347220763564,0.0012645930983126163,0.0009231181466020644,0.0009156079613603652,0.0013017598539590836,0.5092726945877075,0.45361608266830444,0.9286730885505676,0.9300280809402466,0.9984883666038513,0.5583335161209106,0.5315645933151245,0.974469006061554,0.9736877679824829,0.999444842338562,0.5671282410621643,0.5471136569976807,0.9817691445350647,0.9818167686462402,0.999609649181366,0.5674623847007751,0.5477033853530884,0.9817700386047363,0.9820927977561951,0.9996120929718018,0.5505986213684082,0.5182335376739502,0.9805628657341003,0.9812825918197632,0.9995914697647095
136,0.007632146589457989,0.0032757630106061697,0.0012537235161289573,0.0009092059335671365,0.0009023354505188763,0.0012911184458062053,0.49728214740753174,0.44284364581108093,0.9287125468254089,0.930056631565094,0.9984890818595886,0.5466240048408508,0.5203881859779358,0.9746094942092896,0.9739348888397217,0.9994483590126038,0.5555593967437744,0.5360731482505798,0.9820547103881836,0.9820947647094727,0.9996155500411987,0.5558363795280457,0.536578893661499,0.9820592403411865,0.9823210835456848,0.9996188282966614,0.5389012694358826,0.5071355104446411,0.9808031320571899,0.981618344783783,0.9995980858802795
137,0.0075836447067558765,0.0032668747007846832,0.0012444497551769018,0.0008984505548141897,0.0008913949714042246,0.0012824787991121411,0.5046501159667969,0.4496076703071594,0.9284442067146301,0.9305609464645386,0.9984921216964722,0.5532881021499634,0.5270881652832031,0.974733293056488,0.974108874797821,0.9994524717330933,0.5622391700744629,0.5428762435913086,0.9822664260864258,0.9823167324066162,0.9996213316917419,0.5625278949737549,0.543394148349762,0.9822070598602295,0.9826105833053589,0.999623715877533,0.5457308292388916,0.5139772295951843,0.9808992147445679,0.9818432331085205,0.9996017217636108
138,0.007520381361246109,0.0032611344940960407,0.0012318134540691972,0.0008820010698400438,0.0008757939795032144,0.001269638305529952,0.49909624457359314,0.4438888132572174,0.9289178848266602,0.9305482506752014,0.9984960556030273,0.5489785075187683,0.5226303339004517,0.9750030040740967,0.9743161797523499,0.9994573593139648,0.5582224130630493,0.5388286709785461,0.9826263189315796,0.9826076626777649,0.9996287226676941,0.5585159659385681,0.5393960475921631,0.9825905561447144,0.9828654527664185,0.9996305704116821,0.5412530303001404,0.509305477142334,0.9813874363899231,0.9820997714996338,0.9996086359024048
139,0.007519116625189781,0.0032608406618237495,0.0012295367196202278,0.0008838631329126656,0.0008764432859607041,0.0012684320099651814,0.4973803460597992,0.44290173053741455,0.9287941455841064,0.9306676983833313,0.9984962344169617,0.5472647547721863,0.5213724374771118,0.9749894142150879,0.9744381308555603,0.9994588494300842,0.5561105608940125,0.5370162129402161,0.9825968742370605,0.9825897812843323,0.9996266961097717,0.5564693808555603,0.5376521944999695,0.982585072517395,0.9828234314918518,0.999629557132721,0.539380669593811,0.5078667402267456,0.9813634157180786,0.9821590185165405,0.9996098279953003
140,0.007464840076863766,0.0032522196415811777,0.001221161219291389,0.0008699311874806881,0.000862711516674608,0.0012588248355314136,0.5059298872947693,0.45040974020957947,0.9290099143981934,0.9306471943855286,0.9984983205795288,0.5563092231750488,0.530076265335083,0.9752328395843506,0.9746169447898865,0.9994630217552185,0.5656118392944336,0.5464910268783569,0.9828226566314697,0.9829875230789185,0.9996349215507507,0.5658700466156006,0.5469716191291809,0.9828389286994934,0.9831758737564087,0.9996359944343567,0.5484908223152161,0.5165966749191284,0.9815760254859924,0.9824159145355225,0.999614417552948
141,0.007451334968209267,0.0032534427009522915,0.0012168243993073702,0.0008660296443849802,0.0008597893756814301,0.001255243900232017,0.5045515894889832,0.44935616850852966,0.929018497467041,0.9305539727210999,0.9984970092773438,0.5545294284820557,0.5284446477890015,0.975247323513031,0.9747016429901123,0.9994637966156006,0.563661515712738,0.5445874333381653,0.9830229878425598,0.9829097986221313,0.9996342658996582,0.5639328956604004,0.545087456703186,0.9829513430595398,0.9832281470298767,0.9996383190155029,0.5467252135276794,0.5150042772293091,0.9816635251045227,0.9824246168136597,0.9996156692504883
142,0.00747643643990159,0.0032554517965763807,0.001221380429342389,0.0008725526859052479,0.0008658736478537321,0.0012611685087904334,0.503415584564209,0.4486077129840851,0.9291205406188965,0.9303739666938782,0.9984960556030273,0.5531856417655945,0.5274360179901123,0.9752668142318726,0.9745529294013977,0.9994620084762573,0.56230628490448,0.5434879660606384,0.9828974008560181,0.9828354716300964,0.9996321201324463,0.5625112652778625,0.5439454913139343,0.9829015135765076,0.9831087589263916,0.9996370077133179,0.5454195141792297,0.5140208601951599,0.9815755486488342,0.9823606610298157,0.9996145367622375
143,0.00738421268761158,0.0032458046916872263,0.001204455504193902,0.0008496749796904624,0.0008424652623943985,0.0012418123660609126,0.49923935532569885,0.44452786445617676,0.9290076494216919,0.9309911727905273,0.9985016584396362,0.5488414764404297,0.5231680274009705,0.9754186868667603,0.9748998284339905,0.9994671940803528,0.5579308271408081,0.5393102169036865,0.9832505583763123,0.9833178520202637,0.9996417760848999,0.5582847595214844,0.5399398803710938,0.9832637310028076,0.9835330247879028,0.9996446967124939,0.541105329990387,0.509850263595581,0.9820370674133301,0.982856810092926,0.9996239542961121
144,0.007330592721700668,0.003240215126425028,0.001192591735161841,0.0008360350620932877,0.0008300504996441305,0.0012317035580053926,0.5107711553573608,0.4553661346435547,0.9291826486587524,0.9308857321739197,0.998502790927887,0.5606067180633545,0.5350296497344971,0.9758148789405823,0.975085973739624,0.999474048614502,0.5698397755622864,0.5514838695526123,0.9836136698722839,0.9835249185562134,0.9996485710144043,0.5701628923416138,0.5520612001419067,0.9836349487304688,0.9837741255760193,0.9996513724327087,0.5528792142868042,0.5216152667999268,0.9823756814002991,0.9830334186553955,0.9996300339698792
145,0.00735505810007453,0.0032420074567198753,0.0011960974661633372,0.0008434981573373079,0.0008362552034668624,0.0012372026685625315,0.4864221513271332,0.4337765872478485,0.9293453693389893,0.9306920766830444,0.9985020756721497,0.5340027213096619,0.5096351504325867,0.9756802320480347,0.9751073718070984,0.999473512172699,0.5426992177963257,0.5251083374023438,0.983405590057373,0.983454167842865,0.9996447563171387,0.5429561138153076,0.5255788564682007,0.9833734035491943,0.9836873412132263,0.9996472001075745,0.526557445526123,0.4967403709888458,0.9821662306785583,0.9829772114753723,0.9996268153190613
146,0.007290984503924847,0.0032321931794285774,0.001183725311420858,0.0008287042146548629,0.0008225951460190117,0.0012237748596817255,0.5024596452713013,0.4481641352176666,0.9292370080947876,0.9309381246566772,0.998504102230072,0.5517773628234863,0.5268611907958984,0.9760261178016663,0.9751133322715759,0.9994768500328064,0.5608167052268982,0.5429741740226746,0.983762800693512,0.9836276769638062,0.9996508359909058,0.5611071586608887,0.5435046553611755,0.983726978302002,0.9838804006576538,0.9996528029441833,0.5440625548362732,0.5134908556938171,0.9825270771980286,0.9831898212432861,0.9996325969696045
147,0.0072929528541862965,0.0032323093619197607,0.0011858333600685,0.0008286350639536977,0.0008223377517424524,0.0012238369090482593,0.5029903054237366,0.44779810309410095,0.9289387464523315,0.9312474727630615,0.998504638671875,0.5535964965820312,0.5277722477912903,0.9759218692779541,0.9750820398330688,0.9994754195213318,0.5630989074707031,0.5444707274436951,0.9837319850921631,0.9837293028831482,0.9996512532234192,0.5633655786514282,0.5449767112731934,0.9836911559104919,0.9839587807655334,0.9996536374092102,0.5458158254623413,0.5143160820007324,0.9825016856193542,0.983224630355835,0.9996333122253418
148,0.007218911778181791,0.003225583815947175,0.001169466646388173,0.0008100435952655971,0.000803884060587734,0.0012099376181140542,0.49705183506011963,0.44275137782096863,0.9293834567070007,0.9312472343444824,0.9985091090202332,0.5470112562179565,0.5219849348068237,0.9761045575141907,0.9754249453544617,0.9994807839393616,0.5562130808830261,0.5383090972900391,0.9840080142021179,0.9840772151947021,0.9996581673622131,0.5565568208694458,0.5389149785041809,0.9839781522750854,0.9843069911003113,0.9996594786643982,0.5392497777938843,0.5085687041282654,0.9827514886856079,0.9836642146110535,0.9996402859687805
149,0.0071539185009896755,0.003216200042515993,0.0011592988157644868,0.000793266633991152,0.0007871062844060361,0.0011980417184531689,0.4987567365169525,0.4451087415218353,0.9292111992835999,0.9315717816352844,0.9985103607177734,0.5482975840568542,0.5237127542495728,0.9763116836547852,0.9757344722747803,0.9994860291481018,0.5575158596038818,0.5401624441146851,0.9844903945922852,0.984315037727356,0.9996656179428101,0.557817816734314,0.5407053232192993,0.9844631552696228,0.984521210193634,0.9996677041053772,0.5406643748283386,0.5105432271957397,0.9831884503364563,0.9837900400161743,0.9996464848518372
