,loss,side_6_loss,side_7_loss,side_8_loss,activation_116_loss,add_38_loss,side_6_dice_coef,side_6_jacard,side_6_recall,side_6_precision,side_6_accuracy,side_7_dice_coef,side_7_jacard,side_7_recall,side_7_precision,side_7_accuracy,side_8_dice_coef,side_8_jacard,side_8_recall,side_8_precision,side_8_accuracy,activation_116_dice_coef,activation_116_jacard,activation_116_recall,activation_116_precision,activation_116_accuracy,add_38_dice_coef,add_38_jacard,add_38_recall,add_38_precision,add_38_accuracy
0,2.4998490810394287,0.39674392342567444,0.411245733499527,0.533994734287262,0.7001623511314392,0.4577016532421112,0.575007975101471,0.4137461185455322,0.8041415214538574,0.6262776851654053,0.8272963166236877,0.4917488396167755,0.3328135013580322,0.6313620209693909,0.6862236261367798,0.8319964408874512,0.4007265269756317,0.25213342905044556,0.500505268573761,0.5069131255149841,0.7479038834571838,0.3898252248764038,0.24324509501457214,0.6713526844978333,0.39487510919570923,0.6530534029006958,0.46025726199150085,0.3022628426551819,0.7509562969207764,0.7360621094703674,0.8675244450569153
1,1.7021442651748657,0.18124735355377197,0.22077520191669464,0.37892675399780273,0.6187387108802795,0.30245596170425415,0.7807137370109558,0.6432901620864868,0.8548160791397095,0.8821346163749695,0.9337013959884644,0.7242811322212219,0.5711866021156311,0.8638390898704529,0.8352524638175964,0.9216511249542236,0.5367022156715393,0.36867034435272217,0.7397270202636719,0.7108316421508789,0.8565665483474731,0.43908506631851196,0.2821825444698334,0.8020867109298706,0.4715323746204376,0.7196617722511292,0.6032880544662476,0.4337422251701355,0.8689978122711182,0.866576611995697,0.9323214292526245
2,1.3961750268936157,0.14372344315052032,0.16885986924171448,0.2712041139602661,0.5664212703704834,0.24596673250198364,0.8267746567726135,0.7065739035606384,0.8708860278129578,0.9108749628067017,0.9452213644981384,0.7958214282989502,0.6636072993278503,0.8681381344795227,0.8857066035270691,0.9376657605171204,0.6549198627471924,0.4894259572029114,0.8292302489280701,0.8115652203559875,0.90714430809021,0.46698811650276184,0.3056660592556,0.847584068775177,0.5249570608139038,0.7650124430656433,0.6648567914962769,0.49984800815582275,0.8783335089683533,0.8985177874565125,0.9435491561889648
3,1.2195284366607666,0.12110273540019989,0.14439688622951508,0.20905689895153046,0.5311123728752136,0.21385936439037323,0.851726233959198,0.7437353730201721,0.8895459771156311,0.9242969751358032,0.9531484246253967,0.8266516923904419,0.7072579860687256,0.8788062334060669,0.9096181392669678,0.9467068910598755,0.7288510203361511,0.576785683631897,0.8618065118789673,0.8626422882080078,0.9296072125434875,0.4850660264492035,0.3217064142227173,0.8754217028617859,0.5634653568267822,0.7948172688484192,0.699669599533081,0.5404753684997559,0.892536461353302,0.9203646183013916,0.952795684337616
4,1.092199444770813,0.10648398101329803,0.12577933073043823,0.16552647948265076,0.5035912394523621,0.19081845879554749,0.8711746335029602,0.7740424871444702,0.908248782157898,0.9268085360527039,0.9582176804542542,0.8515325784683228,0.7443300485610962,0.8963595032691956,0.9203490018844604,0.9536840319633484,0.7870153784751892,0.6522152423858643,0.8920544981956482,0.8915720582008362,0.9446831345558167,0.5004161596298218,0.3353389799594879,0.8995302319526672,0.5985735654830933,0.8201371431350708,0.7279198169708252,0.5747631192207336,0.91118985414505,0.928437352180481,0.9593508839607239
5,1.0186219215393066,0.09761426597833633,0.11448226124048233,0.1416042298078537,0.487620085477829,0.17730122804641724,0.8818739056587219,0.7906572222709656,0.9118645191192627,0.935732901096344,0.9614671468734741,0.8655591607093811,0.7653471231460571,0.9006200432777405,0.9336054921150208,0.9582300186157227,0.8201918601989746,0.698156476020813,0.9016973376274109,0.9094213843345642,0.9519213438034058,0.5087049603462219,0.34291020035743713,0.9095171689987183,0.6277793049812317,0.8390450477600098,0.742825448513031,0.5933130383491516,0.9170981645584106,0.9390194416046143,0.963589608669281
6,0.9526225924491882,0.0906594768166542,0.10099636763334274,0.12201117724180222,0.4734162986278534,0.1655392199754715,0.8918599486351013,0.8059993982315063,0.921079158782959,0.9383944272994995,0.9643740653991699,0.8814132213592529,0.7895607948303223,0.9104050993919373,0.9431906938552856,0.963085949420929,0.8470094203948975,0.737099826335907,0.915631115436554,0.9197774529457092,0.9580252766609192,0.5170537829399109,0.3505043387413025,0.9226801991462708,0.6576651334762573,0.8574848771095276,0.756933867931366,0.6111191511154175,0.9277586340904236,0.9449926018714905,0.9677335023880005
7,0.8944858312606812,0.08361498266458511,0.09070003032684326,0.10503961145877838,0.4596514403820038,0.1554797738790512,0.9017032980918884,0.8217565417289734,0.9254883527755737,0.9428771734237671,0.9666253924369812,0.8941503763198853,0.8096889853477478,0.9186129570007324,0.9488041400909424,0.9665301442146301,0.8686897158622742,0.7694549560546875,0.9254096746444702,0.9326149225234985,0.9638462662696838,0.5259634852409363,0.3581850528717041,0.9336799383163452,0.691135823726654,0.8764051795005798,0.769779622554779,0.6273579597473145,0.9353553652763367,0.9500885605812073,0.9709189534187317
8,0.8613573908805847,0.08108139038085938,0.08448519557714462,0.09541881829500198,0.4505748450756073,0.14979690313339233,0.9051937460899353,0.8272925019264221,0.9292446374893188,0.943114697933197,0.9675907492637634,0.903527557849884,0.8246446847915649,0.9233580827713013,0.952794075012207,0.9687190651893616,0.8844245076179504,0.7935672402381897,0.9316902160644531,0.9384844899177551,0.9669324159622192,0.531832218170166,0.3632890582084656,0.9402394890785217,0.7181876301765442,0.8904294371604919,0.7781164646148682,0.6378562450408936,0.9396164417266846,0.9525551199913025,0.9726053476333618
9,0.8463006615638733,0.07889793068170547,0.08277872204780579,0.09168579429388046,0.4459656774997711,0.14697247743606567,0.9064611196517944,0.8295148015022278,0.9264772534370422,0.9481711387634277,0.9682650566101074,0.9056277871131897,0.8283182382583618,0.9233033061027527,0.9548299908638,0.9692338705062866,0.8892984986305237,0.8018384575843811,0.9273098111152649,0.947133481502533,0.9681923389434814,0.5333175659179688,0.36517974734306335,0.9420478940010071,0.7398186326026917,0.9005123972892761,0.7796321511268616,0.640387773513794,0.9374318718910217,0.9568269848823547,0.9731978178024292
10,0.8159261345863342,0.07564855366945267,0.07727799564599991,0.08369696885347366,0.43726399540901184,0.14203867316246033,0.9107697010040283,0.8366348147392273,0.9325852394104004,0.9473875761032104,0.9695329070091248,0.9115540385246277,0.8381832242012024,0.9311768412590027,0.9562435746192932,0.9715194702148438,0.9004806280136108,0.819902241230011,0.9374666213989258,0.9478536248207092,0.9708356261253357,0.5394690632820129,0.3707006573677063,0.9519029259681702,0.7633060812950134,0.9122644662857056,0.7869219183921814,0.6500265002250671,0.9455154538154602,0.956922173500061,0.9751957058906555
11,0.8044444918632507,0.0741860568523407,0.07518533617258072,0.0808303952217102,0.43427717685699463,0.13996537029743195,0.9115340709686279,0.8381335139274597,0.9323567152023315,0.9494136571884155,0.9700145125389099,0.9142259359359741,0.8428689241409302,0.9329227805137634,0.9568968415260315,0.9721155166625977,0.9043269157409668,0.8265814781188965,0.9373841285705566,0.9498588442802429,0.9713492393493652,0.5403497815132141,0.3719840943813324,0.9523881673812866,0.778701901435852,0.9186549782752991,0.7882876396179199,0.6523610353469849,0.9453445076942444,0.9579619765281677,0.9754281044006348
12,0.7778094410896301,0.06970644742250443,0.07005991786718369,0.07457251101732254,0.4279707968235016,0.1354997754096985,0.916473388671875,0.8463824987411499,0.9379176497459412,0.9493072628974915,0.971331775188446,0.920005738735199,0.852611243724823,0.9379252195358276,0.9591456055641174,0.9739238619804382,0.9125199913978577,0.8401053547859192,0.9415566921234131,0.955193281173706,0.9737743139266968,0.5450326800346375,0.375993013381958,0.9585683345794678,0.7969120740890503,0.9269750714302063,0.7943468689918518,0.6602472066879272,0.9500527381896973,0.9599997401237488,0.9771166443824768
13,0.7597641944885254,0.06842721253633499,0.06638915836811066,0.0693998709321022,0.4229244887828827,0.13262328505516052,0.9186347723007202,0.8498277068138123,0.9388587474822998,0.9502550959587097,0.9718115925788879,0.924128532409668,0.8594342470169067,0.94036865234375,0.9599043130874634,0.9747198224067688,0.9190873503684998,0.8508609533309937,0.9458785653114319,0.956403911113739,0.9751474261283875,0.5486635565757751,0.3792431652545929,0.9621949195861816,0.8115113377571106,0.9332174062728882,0.7985491156578064,0.6657069325447083,0.9529520869255066,0.9605399370193481,0.9779695272445679
14,0.7509253025054932,0.06737355887889862,0.06393709778785706,0.06785133481025696,0.4206855297088623,0.1310778558254242,0.9186148047447205,0.850250244140625,0.9385380148887634,0.9520244002342224,0.9722030758857727,0.9245721101760864,0.8607588410377502,0.94123375415802,0.9628170132637024,0.9756898283958435,0.9199919700622559,0.8528952598571777,0.945960521697998,0.9593143463134766,0.9759343862533569,0.5490310788154602,0.38012129068374634,0.9630817770957947,0.8216434717178345,0.9371318221092224,0.7984554171562195,0.6663663983345032,0.9527398347854614,0.9633442163467407,0.9786554574966431
15,0.734700083732605,0.06602891534566879,0.06137548014521599,0.06317265331745148,0.4157565236091614,0.12836644053459167,0.9213340282440186,0.8547030091285706,0.9387437105178833,0.9533347487449646,0.9725993871688843,0.9290004372596741,0.8680238723754883,0.9441179037094116,0.9635659456253052,0.9765933156013489,0.9266594648361206,0.8640333414077759,0.9494845271110535,0.9620440602302551,0.9775146245956421,0.5532680749893188,0.38361236453056335,0.9669308662414551,0.8337419629096985,0.9422667026519775,0.8034461736679077,0.6726379990577698,0.9552977681159973,0.9643117785453796,0.9795386791229248
16,0.7245206832885742,0.06349490582942963,0.0596793070435524,0.0607658326625824,0.4139350652694702,0.1266455352306366,0.9235016703605652,0.8582469820976257,0.942830502986908,0.9534375667572021,0.9736200571060181,0.931067168712616,0.8714772462844849,0.9470698833465576,0.9627900719642639,0.9771168231964111,0.9293848276138306,0.86872398853302,0.951604425907135,0.9622389078140259,0.9780862927436829,0.5542200803756714,0.384692907333374,0.9682106375694275,0.8406482338905334,0.9449669718742371,0.8051518797874451,0.6751077175140381,0.958013117313385,0.9642939567565918,0.9802022576332092
17,0.721176266670227,0.06381073594093323,0.05844414606690407,0.06130661442875862,0.41170641779899597,0.12590837478637695,0.9235588908195496,0.8587467670440674,0.9441591501235962,0.9521770477294922,0.9736079573631287,0.9314647912979126,0.8726938366889954,0.9487854838371277,0.9627005457878113,0.977514922618866,0.9300194382667542,0.8705270290374756,0.9542557597160339,0.9591789245605469,0.9779286980628967,0.5554177165031433,0.3862268626689911,0.9714280366897583,0.8455994129180908,0.9473627209663391,0.8057107329368591,0.6765530705451965,0.9598459601402283,0.9623655676841736,0.9801436066627502
18,0.7048417329788208,0.0616537369787693,0.05510081723332405,0.05678943544626236,0.4081452786922455,0.12315233051776886,0.9274677038192749,0.8649522066116333,0.9425846338272095,0.9560787081718445,0.974258303642273,0.9364862442016602,0.880839467048645,0.9496945738792419,0.9666209816932678,0.9787608981132507,0.9358506202697754,0.8797795176506042,0.9538649320602417,0.9661610126495361,0.9796698689460754,0.5583770275115967,0.38838937878608704,0.9706106185913086,0.859125554561615,0.9518107771873474,0.8101174235343933,0.6817066669464111,0.9598752856254578,0.9674970507621765,0.981502890586853
19,0.6936972737312317,0.059007324278354645,0.05253520607948303,0.05405315384268761,0.40665295720100403,0.12144871056079865,0.9296070337295532,0.8687295317649841,0.9479821920394897,0.9554416537284851,0.9754054546356201,0.9378014802932739,0.8832283020019531,0.9523881673812866,0.9665461182594299,0.9794060587882996,0.9377241134643555,0.8831262588500977,0.9567436575889587,0.9657411575317383,0.9802698493003845,0.5590168237686157,0.3891361355781555,0.9738426804542542,0.8626319766044617,0.9536790251731873,0.8115298748016357,0.6838328242301941,0.9630416035652161,0.9672813415527344,0.9822282195091248
20,0.6939576864242554,0.0599052794277668,0.052764419466257095,0.05379149690270424,0.4061601758003235,0.1213361993432045,0.9285786747932434,0.8670369386672974,0.9452435374259949,0.9568277597427368,0.9751044511795044,0.9380594491958618,0.8837972283363342,0.9509444832801819,0.9672258496284485,0.9792265295982361,0.9377907514572144,0.883517861366272,0.9562622308731079,0.9664528369903564,0.9803375005722046,0.558379590511322,0.38896143436431885,0.9722768664360046,0.8679039478302002,0.9550924301147461,0.8106268048286438,0.6830363273620605,0.9615968465805054,0.9677705764770508,0.9819998741149902
21,0.6869590282440186,0.05925174802541733,0.051142800599336624,0.05217713490128517,0.40417566895484924,0.12021169811487198,0.9299651980400085,0.8693386912345886,0.9459909200668335,0.9565048813819885,0.9752015471458435,0.9400838613510132,0.8872374892234802,0.9537200331687927,0.9671589136123657,0.9798944592475891,0.94038987159729,0.8878187537193298,0.9567632079124451,0.9674478769302368,0.9807213544845581,0.5600601434707642,0.3903135359287262,0.97184157371521,0.8740787506103516,0.9570198655128479,0.812706470489502,0.6856077909469604,0.9632049798965454,0.9681330919265747,0.9824925065040588
22,0.6831590533256531,0.059206727892160416,0.05035020783543587,0.0510549321770668,0.4030117392539978,0.1195354238152504,0.9288225173950195,0.8676347136497498,0.9461010694503784,0.9568426012992859,0.975317656993866,0.9407785534858704,0.8887160420417786,0.9555865526199341,0.9668773412704468,0.9802817702293396,0.9412702322006226,0.8897011280059814,0.9598454236984253,0.9669163227081299,0.9813432097434998,0.5606279969215393,0.3910776674747467,0.9741775393486023,0.8760283589363098,0.9581648111343384,0.8129814267158508,0.686378538608551,0.9651458263397217,0.9682320356369019,0.982998251914978
23,0.6747609376907349,0.05752064660191536,0.04893573373556137,0.049227096140384674,0.4009951949119568,0.11808224022388458,0.9312825202941895,0.8717154860496521,0.9474540948867798,0.9573240280151367,0.9757751226425171,0.9428259134292603,0.8922601938247681,0.9548966884613037,0.9693450331687927,0.9807540774345398,0.9439367651939392,0.8942948579788208,0.958793580532074,0.9700775146484375,0.981909453868866,0.5622020959854126,0.39239197969436646,0.9749742746353149,0.883076548576355,0.9606099724769592,0.8151301145553589,0.6891798377037048,0.9647539258003235,0.970615029335022,0.9835265874862671
24,0.6655193567276001,0.05570778250694275,0.04714307188987732,0.04699277505278587,0.39914771914482117,0.1165279895067215,0.9333429336547852,0.8752976059913635,0.9511284828186035,0.9569459557533264,0.9765720963478088,0.9446751475334167,0.8955007195472717,0.9582448601722717,0.9689328074455261,0.981475293636322,0.9462205767631531,0.8983187675476074,0.9623838067054749,0.9701359272003174,0.9828140139579773,0.563523530960083,0.39363640546798706,0.9785764217376709,0.8873171210289001,0.9627622961997986,0.8171765208244324,0.6920093297958374,0.9680396914482117,0.9700930714607239,0.9842038154602051
25,0.6622433662414551,0.05579943209886551,0.04612025246024132,0.04652468487620354,0.39784231781959534,0.11595667898654938,0.9336743950843811,0.8759433627128601,0.9490014910697937,0.9581592082977295,0.9763738512992859,0.9454097151756287,0.8969225287437439,0.9581553339958191,0.9694370627403259,0.9815846085548401,0.9470073580741882,0.8998477458953857,0.9625889658927917,0.9695502519607544,0.982711672782898,0.5647950172424316,0.3948027193546295,0.9781167507171631,0.8891248106956482,0.9632325768470764,0.8182007670402527,0.6935595870018005,0.9675002098083496,0.970293402671814,0.9841228127479553
26,0.6585063338279724,0.054745327681303024,0.04530874267220497,0.045697905123233795,0.39751946926116943,0.11523465067148209,0.9348776936531067,0.8779013156890869,0.9496668577194214,0.9590475559234619,0.9767711162567139,0.9467217326164246,0.8990787267684937,0.9579501748085022,0.9712177515029907,0.9819968342781067,0.9485538005828857,0.9023878574371338,0.9616695642471313,0.9722708463668823,0.9831933975219727,0.564319908618927,0.3943934440612793,0.9767088890075684,0.8944973349571228,0.9646039009094238,0.8185429573059082,0.6938453912734985,0.967098593711853,0.9719527959823608,0.9844582080841064
27,0.6542906165122986,0.05428808555006981,0.04394970089197159,0.044232141226530075,0.39718446135520935,0.1146363690495491,0.9345323443412781,0.8773860335350037,0.9505466222763062,0.9585679173469543,0.9768596291542053,0.9478322863578796,0.9011130332946777,0.9609906077384949,0.9700115323066711,0.9824364185333252,0.9492141008377075,0.9036955237388611,0.9643490314483643,0.9708369374275208,0.9834843277931213,0.5641262531280518,0.3944943845272064,0.9783832430839539,0.894422709941864,0.9649580717086792,0.8185563683509827,0.6941976547241211,0.9695376753807068,0.9710655212402344,0.9848306775093079
28,0.6467803120613098,0.05315009132027626,0.042177315801382065,0.043019507080316544,0.3950576186180115,0.11337587237358093,0.936539888381958,0.8808751106262207,0.9517775774002075,0.9597814083099365,0.977481484413147,0.9492535591125488,0.903623640537262,0.9629661440849304,0.9700521230697632,0.9829363822937012,0.9510389566421509,0.9068939089775085,0.9648163318634033,0.9722200036048889,0.9839614629745483,0.566169261932373,0.39622262120246887,0.980217695236206,0.8983792662620544,0.9666051864624023,0.8208470940589905,0.6972460746765137,0.970713198184967,0.9716482162475586,0.985275387763977
29,0.6462231874465942,0.053383927792310715,0.041925884783267975,0.042849939316511154,0.3948684334754944,0.11319496482610703,0.9355330467224121,0.8791782259941101,0.9516332149505615,0.9592063426971436,0.9772942066192627,0.949745237827301,0.9046449065208435,0.9611724019050598,0.9721149206161499,0.9830294251441956,0.9509832262992859,0.9070390462875366,0.9645840525627136,0.9727270007133484,0.9840359687805176,0.5656605958938599,0.3960384726524353,0.9799473881721497,0.9011195302009583,0.9673916697502136,0.8201115727424622,0.6965396404266357,0.9699821472167969,0.9728900194168091,0.9854196906089783
30,0.6414150595664978,0.05275202542543411,0.04131721332669258,0.04118487611413002,0.39386868476867676,0.11229223757982254,0.9371502995491028,0.8819732666015625,0.9518866539001465,0.9604833126068115,0.9776934385299683,0.9510391354560852,0.9069101214408875,0.9625639915466309,0.9722425937652588,0.9834081530570984,0.953339159488678,0.9111341238021851,0.9662090539932251,0.9742525815963745,0.9848371744155884,0.5664951801300049,0.39665618538856506,0.9811701774597168,0.9034492373466492,0.9683875441551208,0.8217002153396606,0.6985639333724976,0.9709020853042603,0.9735413789749146,0.9858189225196838
31,0.6346309185028076,0.05209263786673546,0.03990809991955757,0.039379507303237915,0.39201098680496216,0.11123970150947571,0.9385578036308289,0.8843401670455933,0.9521661996841431,0.9604397416114807,0.9777504801750183,0.9533203840255737,0.9109466671943665,0.9649097323417664,0.971829891204834,0.9838828444480896,0.955538272857666,0.9149991273880005,0.9669172763824463,0.9746771454811096,0.9851239323616028,0.5686957836151123,0.39832574129104614,0.980651319026947,0.9089438319206238,0.9699461460113525,0.8244144320487976,0.702006459236145,0.9719588160514832,0.9736911058425903,0.986120879650116
32,0.6347361207008362,0.05162747949361801,0.03926549479365349,0.04004115238785744,0.3926083743572235,0.11119363456964493,0.9380947351455688,0.883651614189148,0.9529905915260315,0.960351288318634,0.9779291152954102,0.9531301259994507,0.9106893539428711,0.9637449979782104,0.9734771251678467,0.9840226769447327,0.9547120332717896,0.9136320352554321,0.967099130153656,0.9738640785217285,0.9849574565887451,0.5672398805618286,0.3973948657512665,0.9807642102241516,0.9084963798522949,0.9698362946510315,0.8229227662086487,0.7003695368766785,0.9716804027557373,0.9738436937332153,0.9860916137695312
33,0.6345843076705933,0.05182565003633499,0.03977701812982559,0.039402980357408524,0.39237073063850403,0.11120801419019699,0.9380233883857727,0.8834971785545349,0.9539284706115723,0.9593408703804016,0.9778915643692017,0.9530231356620789,0.9104791879653931,0.964508056640625,0.9718073010444641,0.9837772846221924,0.9551454186439514,0.9143705368041992,0.9676000475883484,0.9738644957542419,0.9850821495056152,0.567193329334259,0.39741286635398865,0.9816581010818481,0.908807635307312,0.9701363444328308,0.822948157787323,0.7003533840179443,0.972560703754425,0.9731522798538208,0.9861292243003845
34,0.6332688927650452,0.05172162875533104,0.03924171254038811,0.0399179644882679,0.3915097117424011,0.11087795346975327,0.9382672905921936,0.8839001655578613,0.952876091003418,0.9602280259132385,0.9778684973716736,0.953477144241333,0.9112785458564758,0.9655246138572693,0.9722621440887451,0.9841483235359192,0.9559403657913208,0.9157995581626892,0.9672592282295227,0.9748874306678772,0.9852637648582458,0.5678812265396118,0.39802107214927673,0.9813997745513916,0.9114513993263245,0.970877468585968,0.8235880136489868,0.7012354135513306,0.9725987315177917,0.9740472435951233,0.9863733649253845
35,0.6285151243209839,0.051682863384485245,0.03843960165977478,0.03796789422631264,0.3903493285179138,0.11007538437843323,0.9393157958984375,0.885713517665863,0.9535854458808899,0.960408091545105,0.9780899286270142,0.9551239609718323,0.9142317771911621,0.9656727910041809,0.973503053188324,0.9845086932182312,0.9573574662208557,0.9183222651481628,0.9684977531433105,0.9751973748207092,0.9856528639793396,0.5690866112709045,0.39894598722457886,0.9821140170097351,0.9142529964447021,0.9718862175941467,0.8252235651016235,0.7033209204673767,0.9731712937355042,0.974437952041626,0.986618161201477
36,0.6262902021408081,0.05089370906352997,0.03805337846279144,0.03764485940337181,0.3899775445461273,0.10972074419260025,0.9398420453071594,0.886690080165863,0.9535512328147888,0.9609498977661133,0.9782245755195618,0.9552788734436035,0.9146052002906799,0.9651294946670532,0.9740884900093079,0.9845259189605713,0.9575344920158386,0.918792724609375,0.9696565270423889,0.9746719002723694,0.9858044981956482,0.569210410118103,0.39913076162338257,0.9823880791664124,0.9140167832374573,0.9718787670135498,0.825393557548523,0.703697681427002,0.9735479354858398,0.9744613170623779,0.9867180585861206
37,0.6233723163604736,0.050455015152692795,0.0374503917992115,0.03652919456362724,0.38968682289123535,0.10925102233886719,0.9403543472290039,0.8875584006309509,0.9547447562217712,0.9609642624855042,0.9785210490226746,0.9559504985809326,0.9157472848892212,0.9670573472976685,0.9730769395828247,0.984741747379303,0.9585623145103455,0.9205636978149414,0.9686904549598694,0.9767611026763916,0.9861072897911072,0.569064736366272,0.3991309702396393,0.9827012419700623,0.9161105155944824,0.9725792407989502,0.8256324529647827,0.7040959596633911,0.9739441275596619,0.9748626947402954,0.9869218468666077
38,0.6195938587188721,0.049910351634025574,0.03642631694674492,0.03613527491688728,0.38847270607948303,0.10864931344985962,0.9410399198532104,0.8887718915939331,0.9549803137779236,0.9616726040840149,0.9787658452987671,0.957053005695343,0.917774498462677,0.9672554135322571,0.9741945266723633,0.9850824475288391,0.9590139389038086,0.9214309453964233,0.9705748558044434,0.9753209352493286,0.9862024188041687,0.5705000162124634,0.4002477526664734,0.9835848212242126,0.9182853102684021,0.973434329032898,0.8271070122718811,0.7060548067092896,0.9747718572616577,0.9751952290534973,0.9872151017189026
39,0.6111270785331726,0.04827968403697014,0.03452109545469284,0.03375355899333954,0.38729554414749146,0.10727722942829132,0.9425115585327148,0.8913817405700684,0.9563761949539185,0.9624465107917786,0.9793128371238708,0.9587266445159912,0.920846700668335,0.9684005975723267,0.9757688045501709,0.9857772588729858,0.9613811373710632,0.9257413148880005,0.9719186425209045,0.9775792956352234,0.98712557554245,0.5712534189224243,0.4009785056114197,0.9850046634674072,0.9211090803146362,0.9746053814888,0.8285379409790039,0.7081046104431152,0.9758866429328918,0.9767820239067078,0.9879082441329956
40,0.6136200428009033,0.04881078377366066,0.03523225337266922,0.03444917872548103,0.3875409960746765,0.10758687555789948,0.9424293041229248,0.8912572860717773,0.9560787677764893,0.9620457887649536,0.9791340231895447,0.9583459496498108,0.9201642870903015,0.9695566296577454,0.9736992716789246,0.9855256676673889,0.9610887765884399,0.9252123236656189,0.9709319472312927,0.9778957962989807,0.9869613647460938,0.5708003044128418,0.4005754888057709,0.9840282797813416,0.9223235845565796,0.9747366905212402,0.8281606435775757,0.7075852751731873,0.9757975935935974,0.9760582447052002,0.9876967072486877
41,0.6147830486297607,0.04955265671014786,0.03510798141360283,0.034873977303504944,0.38754719495773315,0.10770121216773987,0.9419305920600891,0.8903533220291138,0.9549797177314758,0.9621842503547668,0.9789007306098938,0.9587621092796326,0.9208912253379822,0.967170774936676,0.9762716889381409,0.9856012463569641,0.9609007835388184,0.9248603582382202,0.9699094295501709,0.9775874018669128,0.9866259694099426,0.5703489780426025,0.4003380835056305,0.983807384967804,0.9235673546791077,0.9750521779060364,0.8275186419487,0.7067803740501404,0.9743930101394653,0.9767647981643677,0.9875310659408569
42,0.6137730479240417,0.049419354647397995,0.035591546446084976,0.034195344895124435,0.38707366585731506,0.10749312490224838,0.9415324926376343,0.8898014426231384,0.9555224776268005,0.961439311504364,0.9788373112678528,0.9584224820137024,0.9203830361366272,0.9690969586372375,0.9745363593101501,0.9856298565864563,0.9614041447639465,0.925887942314148,0.9721466302871704,0.9766974449157715,0.9869530200958252,0.5706617832183838,0.40067926049232483,0.9849454760551453,0.922771155834198,0.9750837683677673,0.8277796506881714,0.7072935700416565,0.9761232733726501,0.9759256839752197,0.9877431988716125
43,0.6069276928901672,0.04766906425356865,0.034002065658569336,0.03277766332030296,0.38605159521102905,0.10642744600772858,0.943520188331604,0.8931801319122314,0.95609450340271,0.9634038209915161,0.9794959425926208,0.9601653218269348,0.9234988689422607,0.9692407846450806,0.9757770299911499,0.9859887957572937,0.9627926349639893,0.9283689856529236,0.9718084931373596,0.9786914587020874,0.9873868227005005,0.5714980363845825,0.4013789892196655,0.9848678708076477,0.9270469546318054,0.9763237833976746,0.829208493232727,0.7092000842094421,0.9761096835136414,0.9774529337882996,0.9881392121315002
44,0.6079242825508118,0.04779399186372757,0.033800046890974045,0.033413805067539215,0.38633766770362854,0.10657886415719986,0.9431660771369934,0.8925935626029968,0.9567436575889587,0.9625639319419861,0.979434072971344,0.9598637819290161,0.922973096370697,0.9702888131141663,0.9753047823905945,0.9861269593238831,0.9620543718338013,0.9270803332328796,0.9725205302238464,0.9772841930389404,0.9871991276741028,0.5708850026130676,0.40103402733802795,0.9853840470314026,0.9252977967262268,0.9759317636489868,0.8284708261489868,0.7084130048751831,0.9767924547195435,0.9764956831932068,0.9880592823028564
45,0.6031439900398254,0.047356124967336655,0.03306015208363533,0.031923502683639526,0.38499659299850464,0.10580761730670929,0.9440109133720398,0.8940617442131042,0.9572299718856812,0.9630116820335388,0.9796716570854187,0.9609408378601074,0.9249126315116882,0.9708364009857178,0.9754811525344849,0.9863094091415405,0.9636939167976379,0.9300236105918884,0.9732418656349182,0.9784044027328491,0.9876706004142761,0.5725211501121521,0.4022141098976135,0.9857926964759827,0.9282541871070862,0.9768949747085571,0.8304132223129272,0.7108209133148193,0.9774546027183533,0.9772509336471558,0.9884222149848938
46,0.6026738286018372,0.0469973050057888,0.03264010697603226,0.032151561230421066,0.38518065214157104,0.105704165995121,0.9441660642623901,0.894355058670044,0.9581265449523926,0.962590754032135,0.9797808527946472,0.9612764120101929,0.9255709648132324,0.9715137481689453,0.976098895072937,0.9866392612457275,0.9636654853820801,0.9300159215927124,0.9729753732681274,0.9787768125534058,0.9877007007598877,0.5717753767967224,0.4017018973827362,0.9854741096496582,0.9296146035194397,0.9772169589996338,0.8299398422241211,0.7103030681610107,0.9778773784637451,0.977675199508667,0.988638699054718
47,0.6025654077529907,0.04727872833609581,0.03292872756719589,0.03159761056303978,0.3851432204246521,0.10561717301607132,0.9441070556640625,0.8942679762840271,0.9558345675468445,0.9644377827644348,0.9797038435935974,0.9611316919326782,0.9253062605857849,0.9695647954940796,0.97715824842453,0.9864285588264465,0.9640958905220032,0.9308047890663147,0.9728277325630188,0.979325532913208,0.9878061413764954,0.5714491605758667,0.40150803327560425,0.9853166937828064,0.9306101202964783,0.9774695634841919,0.8295949101448059,0.7099112272262573,0.9764776825904846,0.978399932384491,0.9884782433509827
48,0.5956493020057678,0.04593253880739212,0.03126382827758789,0.030260547995567322,0.3835906684398651,0.10460171103477478,0.9455078840255737,0.8967322111129761,0.9594367146492004,0.9628433585166931,0.9801695346832275,0.9626291394233704,0.9280422329902649,0.9732185006141663,0.9761015176773071,0.9870649576187134,0.9656695127487183,0.9337040185928345,0.9745721220970154,0.9795535802841187,0.9883017539978027,0.5734209418296814,0.4030759036540985,0.9869422316551208,0.9311363101005554,0.9780072569847107,0.8319485783576965,0.7130526304244995,0.9792092442512512,0.9778639078140259,0.9890207648277283
49,0.5970335006713867,0.046534329652786255,0.03148719295859337,0.030279148370027542,0.38400799036026,0.10472484678030014,0.9446808695793152,0.8952997922897339,0.9572739005088806,0.9639433026313782,0.9799280166625977,0.9626548886299133,0.9281222224235535,0.9719061851501465,0.9771666526794434,0.9870151877403259,0.9655516147613525,0.9335190057754517,0.9744250178337097,0.9796029329299927,0.988277792930603,0.572352409362793,0.4022604525089264,0.986629068851471,0.9328920841217041,0.9784427881240845,0.83100426197052,0.7118192911148071,0.9783371090888977,0.9787200689315796,0.9890265464782715
50,0.5976917147636414,0.04611412435770035,0.031670812517404556,0.030729390680789948,0.38429978489875793,0.10487768799066544,0.9448849558830261,0.8956437706947327,0.9588310122489929,0.9633830785751343,0.9801632761955261,0.962286651134491,0.9274433255195618,0.9726426601409912,0.9761823415756226,0.9869424700737,0.9649513363838196,0.9324334859848022,0.9744700789451599,0.9787003993988037,0.9880545735359192,0.5717985033988953,0.4019652307033539,0.9873368144035339,0.930783212184906,0.9779977798461914,0.8303283452987671,0.7110587954521179,0.9789639711380005,0.9778288006782532,0.988950252532959
51,0.5952681303024292,0.046313654631376266,0.03133353218436241,0.030182085931301117,0.38309457898139954,0.10434417426586151,0.9453123211860657,0.8963819742202759,0.9578090310096741,0.9635958671569824,0.9799681305885315,0.9636840224266052,0.9299942255020142,0.9709547162055969,0.9780738353729248,0.9870132207870483,0.9663248658180237,0.9349262118339539,0.973760187625885,0.9804843664169312,0.9883397817611694,0.5731567740440369,0.4029083251953125,0.9867148399353027,0.9353356957435608,0.9791693687438965,0.8319123983383179,0.7130066752433777,0.9776195883750916,0.9793513417243958,0.9890117049217224
52,0.5943883657455444,0.045411646366119385,0.031080713495612144,0.030053213238716125,0.38355907797813416,0.10428366810083389,0.9458848237991333,0.8974266052246094,0.9587181210517883,0.9643692970275879,0.9803956747055054,0.9633195996284485,0.9293176531791687,0.9732488989830017,0.976173996925354,0.9870914816856384,0.9661790728569031,0.9346588850021362,0.9755588173866272,0.9790014028549194,0.9884051084518433,0.5723119378089905,0.40232715010643005,0.9869595766067505,0.9335423707962036,0.9787095785140991,0.8313940763473511,0.7124390602111816,0.9793986678123474,0.9780477285385132,0.9891161918640137
53,0.5904321074485779,0.044974435120821,0.03073999099433422,0.028916915878653526,0.38217583298683167,0.10362492501735687,0.9465847611427307,0.8986624479293823,0.9597856998443604,0.9638818502426147,0.98052978515625,0.9639183282852173,0.9304247498512268,0.9721601605415344,0.9777544736862183,0.987231433391571,0.9671728014945984,0.9365144968032837,0.9747843146324158,0.9811381101608276,0.9887656569480896,0.5738237500190735,0.4035507142543793,0.9871229529380798,0.9371724128723145,0.9797951579093933,0.8327720761299133,0.7142884135246277,0.9789199829101562,0.9796340465545654,0.9894108176231384
54,0.5905056595802307,0.04580160975456238,0.030223039910197258,0.028686435893177986,0.38217654824256897,0.10361804813146591,0.9458950161933899,0.8974466919898987,0.9573259949684143,0.9647032618522644,0.9801408052444458,0.9644344449043274,0.9313910603523254,0.9723897576332092,0.9782277941703796,0.9874117970466614,0.9675495028495789,0.9372163414955139,0.9757325053215027,0.9804027676582336,0.9888126850128174,0.5734643340110779,0.4033747911453247,0.9874523878097534,0.9370902180671692,0.9798500537872314,0.8323723077774048,0.7138469815254211,0.9787745475769043,0.9795619249343872,0.9893556237220764
55,0.591596245765686,0.04593581333756447,0.03105832077562809,0.029173823073506355,0.3816531002521515,0.10377520322799683,0.9459868669509888,0.8975980877876282,0.959202229976654,0.9632576107978821,0.9802213907241821,0.9640699625015259,0.9307131767272949,0.9735674858093262,0.975878894329071,0.9870938658714294,0.9675979018211365,0.9373114109039307,0.9758839011192322,0.9798901677131653,0.9887174963951111,0.574494481086731,0.40402305126190186,0.987695574760437,0.9365534782409668,0.9797536730766296,0.8333093523979187,0.7149301171302795,0.9795891642570496,0.978183388710022,0.9891992807388306
56,0.5857916474342346,0.044211775064468384,0.029438132420182228,0.02776484005153179,0.3815367519855499,0.10284004360437393,0.9471364617347717,0.8996507525444031,0.9596695303916931,0.9649159908294678,0.98077392578125,0.9652312397956848,0.9328609704971313,0.9733639359474182,0.9784994125366211,0.9877258539199829,0.9683801531791687,0.9387666583061218,0.9762155413627625,0.9813033938407898,0.9891672134399414,0.5737161636352539,0.40359658002853394,0.9877943396568298,0.9395662546157837,0.9806416034698486,0.8332145810127258,0.7150068879127502,0.979965329170227,0.980209469795227,0.989822506904602
57,0.591282844543457,0.045177750289440155,0.03041132353246212,0.02984793111681938,0.3821941316127777,0.10365180671215057,0.9459449052810669,0.8976690769195557,0.9582117795944214,0.9649804830551147,0.980431854724884,0.9635326862335205,0.9300318360328674,0.9734774231910706,0.9768179059028625,0.9873164892196655,0.9662797451019287,0.9353083968162537,0.9762285351753235,0.978764533996582,0.9885109663009644,0.5729461312294006,0.4031568765640259,0.987565815448761,0.9350998401641846,0.9793038368225098,0.8316888213157654,0.7133059501647949,0.9796863198280334,0.9784373641014099,0.9892899990081787
58,0.5883228182792664,0.045281823724508286,0.030408237129449844,0.028250431641936302,0.3811872601509094,0.10319497436285019,0.946347713470459,0.8982471227645874,0.9582074284553528,0.9644879698753357,0.9803012013435364,0.9645876884460449,0.9316718578338623,0.9724032878875732,0.9781538248062134,0.9873959422111511,0.9683517217636108,0.9387075304985046,0.9753623604774475,0.9818137884140015,0.9890853762626648,0.5738441944122314,0.40366867184638977,0.9871712923049927,0.941507875919342,0.9810463786125183,0.832965075969696,0.7146047353744507,0.9788591861724854,0.980221152305603,0.9895485639572144
59,0.5851254463195801,0.04504019021987915,0.029544901102781296,0.02763877436518669,0.3801775574684143,0.1027241200208664,0.9467031359672546,0.8988847732543945,0.9599452614784241,0.9635258913040161,0.9804750084877014,0.9654380083084106,0.9332682490348816,0.9742171764373779,0.9774548411369324,0.9876671433448792,0.9688948392868042,0.9397410154342651,0.9769981503486633,0.9805371165275574,0.9891645908355713,0.5753560662269592,0.40494072437286377,0.9879826307296753,0.9404551982879639,0.9809406399726868,0.834348738193512,0.7165602445602417,0.9805536270141602,0.9790737628936768,0.9896732568740845
60,0.5846630334854126,0.04522408917546272,0.029347939416766167,0.02692348137497902,0.38048234581947327,0.10268515348434448,0.9459511637687683,0.897533118724823,0.9579474329948425,0.9645624756813049,0.9802567958831787,0.9655603170394897,0.9334957599639893,0.9732277393341064,0.9788682460784912,0.9877875447273254,0.9693195223808289,0.9405269026756287,0.9766584038734436,0.9817239046096802,0.9893872141838074,0.5742472410202026,0.40412577986717224,0.988105297088623,0.9419311285018921,0.9813907742500305,0.8333976864814758,0.7153016924858093,0.979655385017395,0.9804882407188416,0.9898175597190857
61,0.5823405981063843,0.044752299785614014,0.02828165888786316,0.02720719203352928,0.37988361716270447,0.10221593081951141,0.946751594543457,0.8989793658256531,0.9599029421806335,0.964026927947998,0.9805968999862671,0.966484785079956,0.9352052807807922,0.975477933883667,0.978177547454834,0.9881704449653625,0.9694646000862122,0.9408203959465027,0.9772760272026062,0.9811810255050659,0.9894014000892639,0.5752934813499451,0.4049105644226074,0.9882616400718689,0.9412926435470581,0.9812464118003845,0.8346287608146667,0.7169592976570129,0.9811680316925049,0.9799203276634216,0.9900482296943665
62,0.5880424976348877,0.045522548258304596,0.029977289959788322,0.029389169067144394,0.3801753520965576,0.10297815501689911,0.9464523196220398,0.898451566696167,0.9583154320716858,0.9643558859825134,0.9802929759025574,0.9657419323921204,0.933833122253418,0.9729021191596985,0.9783094525337219,0.987561047077179,0.9685588479042053,0.9391440153121948,0.9752472639083862,0.9807442426681519,0.9887796640396118,0.5749489068984985,0.4045359194278717,0.9867767095565796,0.9426299929618835,0.9812706708908081,0.8340700268745422,0.7160956859588623,0.9788846969604492,0.9798190593719482,0.989450216293335
63,0.5831055641174316,0.044011227786540985,0.02939510904252529,0.0276570376008749,0.37971067428588867,0.10233151167631149,0.9472827315330505,0.9000421762466431,0.9608261585235596,0.964294970035553,0.9808948636054993,0.965292751789093,0.9331437945365906,0.9743804931640625,0.9778913855552673,0.9878216981887817,0.9683446884155273,0.9389923214912415,0.9768429398536682,0.9810305833816528,0.9892538189888,0.5748403668403625,0.4047578275203705,0.9883875250816345,0.9416632652282715,0.9813821911811829,0.8338273763656616,0.7162226438522339,0.9805237650871277,0.979967474937439,0.989899218082428
64,0.5800630450248718,0.04425986111164093,0.02827339619398117,0.026417480781674385,0.37923216819763184,0.10188020020723343,0.9474046230316162,0.9001708030700684,0.95987468957901,0.9645842909812927,0.980737030506134,0.9666536450386047,0.9355396032333374,0.9746524095535278,0.9788382053375244,0.9881359934806824,0.9697895646095276,0.9414414167404175,0.9778209328651428,0.9812533259391785,0.9895567297935486,0.5754052996635437,0.405132919549942,0.9883435964584351,0.9437138438224792,0.9819545149803162,0.8348864912986755,0.7174566984176636,0.9809563755989075,0.9802880883216858,0.9900912046432495
65,0.5820783972740173,0.044821128249168396,0.0285926666110754,0.02683420665562153,0.3796297311782837,0.10220062732696533,0.9466450810432434,0.8988300561904907,0.9589281678199768,0.9646079540252686,0.9805102348327637,0.9660976529121399,0.9345097541809082,0.9747967720031738,0.9786908626556396,0.9881337881088257,0.9695571064949036,0.9410065412521362,0.9771642088890076,0.9816341996192932,0.9894908666610718,0.5745156407356262,0.40446770191192627,0.9881606698036194,0.9438199400901794,0.9819406867027283,0.8338825106620789,0.7161264419555664,0.9805205464363098,0.9805343747138977,0.9900462627410889
66,0.5770451426506042,0.043602630496025085,0.027848755940794945,0.025716008618474007,0.3784613609313965,0.10141633450984955,0.947647213935852,0.900581955909729,0.9597987532615662,0.9650853276252747,0.980850338935852,0.9673987627029419,0.9369147419929504,0.9754980206489563,0.9789179563522339,0.9883682131767273,0.9707396626472473,0.9432100653648376,0.9780749678611755,0.9820741415023804,0.9898333549499512,0.576027512550354,0.4057063162326813,0.9893943071365356,0.943820595741272,0.9822373986244202,0.8354894518852234,0.7183138728141785,0.981598973274231,0.9806116819381714,0.9903365969657898
67,0.5776018500328064,0.04375274479389191,0.027958618476986885,0.025844886898994446,0.378541499376297,0.10150416940450668,0.9478084444999695,0.9008716344833374,0.9601406455039978,0.9647520780563354,0.9808467626571655,0.9672377109527588,0.9366170167922974,0.9753037095069885,0.9789112210273743,0.9883178472518921,0.9708804488182068,0.9434589743614197,0.9774801135063171,0.9824293255805969,0.989776074886322,0.5755259394645691,0.4052511155605316,0.988357663154602,0.9471016526222229,0.9829154014587402,0.8353092670440674,0.7180035710334778,0.9810936450958252,0.9809706807136536,0.9903035759925842
68,0.5764718651771545,0.04356979951262474,0.027299903333187103,0.025163287296891212,0.3791816234588623,0.10125726461410522,0.9475973844528198,0.9005321264266968,0.9607816338539124,0.9645271897315979,0.9809452295303345,0.9673956036567688,0.9369378089904785,0.9756141901016235,0.979800820350647,0.9886267781257629,0.9710389971733093,0.9437898993492126,0.9786182045936584,0.9827342629432678,0.9901407361030579,0.5739347338676453,0.404249906539917,0.9892852306365967,0.9454061388969421,0.9826604723930359,0.8339186906814575,0.7164484262466431,0.981958270072937,0.9814543128013611,0.9906463623046875
69,0.5714895129203796,0.04274096339941025,0.026611462235450745,0.024325160309672356,0.37734514474868774,0.100466787815094,0.9489425420761108,0.9029155373573303,0.9609444737434387,0.9653686285018921,0.9812072515487671,0.9685452580451965,0.9390577077865601,0.9764635562896729,0.9797983169555664,0.9888387322425842,0.9720805883407593,0.9457380771636963,0.9794968962669373,0.9828436374664307,0.9903897643089294,0.57664954662323,0.4062972068786621,0.9900396466255188,0.9461756944656372,0.983059823513031,0.8366254568099976,0.7199651002883911,0.9826182126998901,0.9813649654388428,0.9907885193824768
70,0.5721231698989868,0.0427183136343956,0.02683950401842594,0.02455674484372139,0.3775276243686676,0.10048099607229233,0.9490830302238464,0.9031787514686584,0.9607788920402527,0.9655482172966003,0.9812138080596924,0.9684285521507263,0.9388744831085205,0.9766991138458252,0.9795694947242737,0.9888381958007812,0.9722862839698792,0.946142852306366,0.9794057607650757,0.982829213142395,0.9903631210327148,0.5761632323265076,0.4059128761291504,0.9894095063209534,0.9471918344497681,0.9831946492195129,0.8363994359970093,0.7196954488754272,0.9825210571289062,0.9813945293426514,0.9907718896865845
71,0.5716768503189087,0.0424228273332119,0.026587190106511116,0.02474069409072399,0.3774564266204834,0.10046979784965515,0.9491798877716064,0.9033555388450623,0.9615870714187622,0.9655240774154663,0.9814066290855408,0.9684459567070007,0.9388974905014038,0.9767702221870422,0.9797863960266113,0.9889124035835266,0.971748948097229,0.9451290369033813,0.9788190126419067,0.9826049208641052,0.9901576638221741,0.5758903622627258,0.40581822395324707,0.9895994663238525,0.9485649466514587,0.9836270213127136,0.8360007405281067,0.7192639708518982,0.9824565052986145,0.9816413521766663,0.990820050239563
72,0.5709816217422485,0.042768534272909164,0.026337340474128723,0.02384624257683754,0.3777301013469696,0.10029944777488708,0.9483561515808105,0.9019424915313721,0.9609401226043701,0.9656727910041809,0.981286346912384,0.9681810736656189,0.9385202527046204,0.9769411683082581,0.9799386858940125,0.9889947772026062,0.972178041934967,0.9460087418556213,0.979895830154419,0.9831668138504028,0.9905737042427063,0.5750012993812561,0.40523669123649597,0.9902556538581848,0.947201132774353,0.9834014773368835,0.83514803647995,0.7183214426040649,0.983004093170166,0.9819499254226685,0.9910378456115723
73,0.5697788596153259,0.04256397858262062,0.026151856407523155,0.023892708122730255,0.37709668278694153,0.10007370263338089,0.9491387605667114,0.9032964110374451,0.9605585932731628,0.9661272168159485,0.9813118577003479,0.9690865278244019,0.9401082396507263,0.9766160845756531,0.9803715348243713,0.989025890827179,0.9725989103317261,0.9467369914054871,0.9793129563331604,0.9835835695266724,0.9905351400375366,0.5758933424949646,0.4058851897716522,0.9903414249420166,0.9486616253852844,0.9838336110115051,0.8361697196960449,0.7195786833763123,0.9824792742729187,0.9821397066116333,0.9909555315971375
74,0.5691501498222351,0.04225815460085869,0.026064271107316017,0.02384744957089424,0.3769669234752655,0.10001329332590103,0.9494574069976807,0.9038521647453308,0.9621113538742065,0.9650985598564148,0.981423556804657,0.9694008827209473,0.9406734704971313,0.9772065877914429,0.9799343943595886,0.9890601634979248,0.9728360176086426,0.9471676349639893,0.9796619415283203,0.9829770922660828,0.9904657602310181,0.5760166049003601,0.4058815836906433,0.989883303642273,0.9494593739509583,0.9839469194412231,0.836616575717926,0.7200650572776794,0.9829064011573792,0.9817288517951965,0.9909557104110718
75,0.5660807490348816,0.04188866540789604,0.02523367665708065,0.022750554606318474,0.3767148554325104,0.09949292242527008,0.9499050378799438,0.904660701751709,0.9621335864067078,0.966063380241394,0.9816834926605225,0.9697570204734802,0.9413397908210754,0.9776374697685242,0.9810152649879456,0.9894489645957947,0.9734587073326111,0.9483433961868286,0.9805862307548523,0.9840738773345947,0.9909820556640625,0.5756475925445557,0.4057711064815521,0.9906746745109558,0.9507063627243042,0.9844881892204285,0.8363999724388123,0.7199506163597107,0.9836901426315308,0.9828201532363892,0.9914366006851196
76,0.5669565200805664,0.04180483520030975,0.02529684640467167,0.02350505255162716,0.37670889496803284,0.09964080154895782,0.9498993158340454,0.9046481847763062,0.9616103768348694,0.9659776091575623,0.9815318584442139,0.969900906085968,0.9416173696517944,0.9780163168907166,0.9803542494773865,0.9893721342086792,0.9733477234840393,0.9481342434883118,0.9799061417579651,0.9835537075996399,0.9906764626502991,0.575697124004364,0.4057859480381012,0.9901161789894104,0.9503070116043091,0.9842410087585449,0.836486279964447,0.7200578451156616,0.9833362698554993,0.9822716116905212,0.9912049770355225
77,0.5680715441703796,0.04250071570277214,0.026749111711978912,0.023612208664417267,0.3754356801509857,0.0997738242149353,0.9496121406555176,0.9041393399238586,0.9629156589508057,0.9639877080917358,0.9813278317451477,0.9694707989692688,0.9408337473869324,0.9771153926849365,0.9795652031898499,0.9889412522315979,0.9733805656433105,0.9482115507125854,0.9802301526069641,0.9830504655838013,0.9906274676322937,0.577914297580719,0.40736088156700134,0.9903603792190552,0.9508073925971985,0.9844403266906738,0.8381525874137878,0.7220868468284607,0.9831870198249817,0.9814850687980652,0.9909625053405762
78,0.566533088684082,0.04216863587498665,0.02579314634203911,0.023352650925517082,0.37564462423324585,0.099574014544487,0.9499127268791199,0.9046953916549683,0.9614524841308594,0.9659948348999023,0.9814974665641785,0.9696884155273438,0.9412438273429871,0.977446436882019,0.9802512526512146,0.989202618598938,0.9733997583389282,0.9482647776603699,0.9800630211830139,0.9834036231040955,0.990676999092102,0.577268660068512,0.40697816014289856,0.9908103346824646,0.9510639309883118,0.9846212267875671,0.8376455903053284,0.7215723395347595,0.98293137550354,0.9822500944137573,0.9910977482795715
79,0.5648354887962341,0.04150857776403427,0.024780655279755592,0.022932754829525948,0.37633854150772095,0.09927497059106827,0.9498956799507141,0.9046834111213684,0.9622887969017029,0.9661281704902649,0.9817388653755188,0.9702128767967224,0.9422396421432495,0.9782953262329102,0.9807400703430176,0.9895423054695129,0.9734560251235962,0.9483782052993774,0.9802871346473694,0.9839414954185486,0.9908726215362549,0.5755676031112671,0.40579643845558167,0.9911109805107117,0.9507527351379395,0.984606921672821,0.8364050984382629,0.7200971245765686,0.9838448166847229,0.9826133847236633,0.991421639919281
80,0.5656788349151611,0.04165760055184364,0.025354182347655296,0.023153482005000114,0.3761131763458252,0.09940045326948166,0.9495989084243774,0.904197096824646,0.9622654914855957,0.9659789204597473,0.9816937446594238,0.9696171283721924,0.941185474395752,0.9772836565971375,0.9808674454689026,0.9893218874931335,0.9730744361877441,0.9477998614311218,0.980363130569458,0.9834316372871399,0.9907596707344055,0.5757544636726379,0.40592578053474426,0.9897574186325073,0.951876163482666,0.9845929145812988,0.8364068865776062,0.720131516456604,0.9832315444946289,0.9826602935791016,0.9912799000740051
81,0.5653299689292908,0.04202860966324806,0.02571209706366062,0.023123957216739655,0.37522563338279724,0.09923966228961945,0.950221598148346,0.905235767364502,0.9614530205726624,0.9660485982894897,0.9815117716789246,0.9700750708580017,0.941959798336029,0.9774317741394043,0.9799954891204834,0.9891324043273926,0.9739277362823486,0.9492512941360474,0.9801281094551086,0.9836553931236267,0.9907585978507996,0.5771082043647766,0.4069131910800934,0.9899636507034302,0.952335000038147,0.9847710132598877,0.8377171754837036,0.7216731905937195,0.9831620454788208,0.9822307229042053,0.9911506175994873
82,0.5672333836555481,0.04210493713617325,0.026074599474668503,0.02412405051290989,0.3753255009651184,0.09960418939590454,0.9491309523582458,0.9034695625305176,0.9622383713722229,0.9651482105255127,0.9814679026603699,0.9689365029335022,0.9400061368942261,0.9776049256324768,0.979967474937439,0.9891684651374817,0.972377598285675,0.9466511011123657,0.9798252582550049,0.9830489158630371,0.9905254244804382,0.5768177509307861,0.40687820315361023,0.9906057119369507,0.9510315656661987,0.9845625162124634,0.8366495966911316,0.720665693283081,0.9832255244255066,0.9818597435951233,0.9910698533058167
83,0.5642216205596924,0.04188592731952667,0.0255296491086483,0.022635366767644882,0.3750092685222626,0.09916141629219055,0.9498898386955261,0.9046420454978943,0.9619539380073547,0.9658140540122986,0.9815734624862671,0.9698421955108643,0.941524088382721,0.9775582551956177,0.9803745746612549,0.9892626404762268,0.9739584922790527,0.9493162035942078,0.9807631373405457,0.983619749546051,0.9909089803695679,0.5769932270050049,0.4069127142429352,0.9909335374832153,0.952003538608551,0.9849138855934143,0.8374096155166626,0.7213359475135803,0.9835707545280457,0.9825665950775146,0.9913406372070312
84,0.5603685975074768,0.041307829320430756,0.024159222841262817,0.021552884951233864,0.37478306889533997,0.09856555610895157,0.9505817294120789,0.9058910608291626,0.9627735018730164,0.9651952385902405,0.9816122055053711,0.9710747599601746,0.9438216686248779,0.9785047769546509,0.9815829992294312,0.9898138046264648,0.9748035669326782,0.9509000778198242,0.981083333492279,0.9847084879875183,0.9912712574005127,0.5767397284507751,0.40678244829177856,0.9915479421615601,0.9539995193481445,0.9856199622154236,0.8377237319946289,0.7218543887138367,0.9841699004173279,0.98329097032547,0.9916796684265137
85,0.5638365745544434,0.04215497151017189,0.025850167497992516,0.022802866995334625,0.37401098012924194,0.09901752322912216,0.9500938653945923,0.9050425291061401,0.9608250260353088,0.9664896726608276,0.981472909450531,0.9704607725143433,0.9426968693733215,0.976760983467102,0.9811788201332092,0.9892717003822327,0.9746121764183044,0.9505506753921509,0.9804635643959045,0.9840965270996094,0.9909570813179016,0.5784813761711121,0.40790778398513794,0.9901899695396423,0.9540351033210754,0.9852995276451111,0.8389562368392944,0.7232576012611389,0.9829590320587158,0.9829756021499634,0.9912934899330139
86,0.5625032782554626,0.041425060480833054,0.024871066212654114,0.022402839735150337,0.3749000132083893,0.09890419244766235,0.9503521919250488,0.9054756760597229,0.963008463382721,0.9655501246452332,0.9817637801170349,0.9707148671150208,0.9431437253952026,0.9791169762611389,0.9798955917358398,0.9895282983779907,0.9746095538139343,0.9505250453948975,0.9811696410179138,0.983745276927948,0.9910436272621155,0.5763406157493591,0.4064721465110779,0.991008996963501,0.9535242915153503,0.9853565692901611,0.8373731374740601,0.7213510274887085,0.9842719435691833,0.9820796847343445,0.9913897514343262
87,0.5598541498184204,0.041090186685323715,0.02438945695757866,0.021830173209309578,0.3740905821323395,0.09845367819070816,0.9507750868797302,0.9062345623970032,0.9628093242645264,0.9658060669898987,0.9817822575569153,0.971220076084137,0.9440964460372925,0.9780386090278625,0.9817578196525574,0.9897422194480896,0.9752773642539978,0.9517877697944641,0.9807707071304321,0.9852346181869507,0.9913285970687866,0.5774978995323181,0.407242089509964,0.9903311133384705,0.9559952616691589,0.9858778715133667,0.8386051058769226,0.7228929400444031,0.9837313890457153,0.9836059212684631,0.9916513562202454
88,0.5590062141418457,0.041023287922143936,0.024226518347859383,0.021356869488954544,0.37407660484313965,0.09832285344600677,0.9506237506866455,0.9059881567955017,0.9623295068740845,0.9665809273719788,0.9818681478500366,0.9710221886634827,0.9437566995620728,0.9790670871734619,0.9809224605560303,0.9897831082344055,0.9752722978591919,0.9517952799797058,0.9821259379386902,0.9843360781669617,0.9914371967315674,0.5772165656089783,0.4071503281593323,0.9912570118904114,0.9541720151901245,0.9855972528457642,0.8382745981216431,0.7225769758224487,0.9848081469535828,0.9831678867340088,0.9918079972267151
89,0.5587217807769775,0.04085105285048485,0.024073589593172073,0.021507341414690018,0.37404534220695496,0.09824446588754654,0.9506516456604004,0.9060701727867126,0.9626274704933167,0.9666736125946045,0.9819660782814026,0.971366822719574,0.9444064497947693,0.9784038662910461,0.981703519821167,0.9898197650909424,0.9753024578094482,0.9518813490867615,0.9813557863235474,0.9849185943603516,0.9913941621780396,0.5768920183181763,0.4070362150669098,0.9908857941627502,0.9558020830154419,0.985959529876709,0.8379113078117371,0.7223094701766968,0.9840385913848877,0.983616828918457,0.9917314052581787
90,0.5565227270126343,0.040749795734882355,0.023529089987277985,0.021100211888551712,0.37326911091804504,0.09787449240684509,0.9512298703193665,0.9070681929588318,0.9630334377288818,0.965907871723175,0.9818643927574158,0.9720674753189087,0.9457041621208191,0.9797661304473877,0.9815480709075928,0.990121066570282,0.9758033156394958,0.9527973532676697,0.9820591807365417,0.9847486019134521,0.9915271997451782,0.5780434608459473,0.4078056216239929,0.9919272661209106,0.9559299349784851,0.9862489104270935,0.8392580151557922,0.7239164113998413,0.985019862651825,0.9833978414535522,0.9919210076332092
91,0.5524495840072632,0.03995145484805107,0.02287321165204048,0.020050136372447014,0.3723389804363251,0.097235769033432,0.9521167874336243,0.9086676836013794,0.963570773601532,0.9670774340629578,0.9823052287101746,0.9728987812995911,0.9472612738609314,0.9802393913269043,0.9817553162574768,0.9902936220169067,0.9766870737075806,0.954475998878479,0.9827831983566284,0.9853110313415527,0.9918550252914429,0.5792266726493835,0.40876805782318115,0.9921188950538635,0.9568497538566589,0.9865506291389465,0.8405817151069641,0.7257539629936218,0.9855332970619202,0.9838800430297852,0.9921755790710449
92,0.5535432696342468,0.040364645421504974,0.02292281575500965,0.019979648292064667,0.3728821277618408,0.09739407896995544,0.9515900611877441,0.9077237844467163,0.9632402658462524,0.9664724469184875,0.9820642471313477,0.9725038409233093,0.9465321898460388,0.9795213341712952,0.9822834730148315,0.9902505874633789,0.9765764474868774,0.9542710185050964,0.9822866320610046,0.9860568642616272,0.9919226765632629,0.5779203176498413,0.4078112244606018,0.9916315078735352,0.9577654004096985,0.9866849184036255,0.8393786549568176,0.7242063879966736,0.9851093888282776,0.9844692945480347,0.9922221899032593
93,0.552189826965332,0.03993949294090271,0.022639380767941475,0.0197615846991539,0.37270039319992065,0.09714889526367188,0.9521582722663879,0.9087367653846741,0.9627751111984253,0.9675611853599548,0.9822359681129456,0.9729987978935242,0.9474499821662903,0.980421781539917,0.9819198250770569,0.9903821349143982,0.9771236181259155,0.9553021788597107,0.9834448099136353,0.9852281212806702,0.9920001029968262,0.5781660079956055,0.4079671800136566,0.9925063848495483,0.9570115804672241,0.9866900444030762,0.839971661567688,0.7249555587768555,0.985957682132721,0.9839630722999573,0.9923039078712463
94,0.5519599318504333,0.039895206689834595,0.02274370566010475,0.01980951428413391,0.37242335081100464,0.09708816558122635,0.952293872833252,0.908989429473877,0.9636179804801941,0.9669968485832214,0.9822956323623657,0.9730135202407837,0.9474989175796509,0.9797574281692505,0.9825838804244995,0.9903877973556519,0.9771195650100708,0.9553113579750061,0.9826654195785522,0.9857057332992554,0.9919273853302002,0.5785144567489624,0.4082450866699219,0.9915603995323181,0.9574703574180603,0.9865859746932983,0.8402141332626343,0.7253324389457703,0.9853840470314026,0.9843689203262329,0.9922651648521423
95,0.5563210844993591,0.04106058552861214,0.02395501919090748,0.021285969763994217,0.3722965121269226,0.09772300720214844,0.9515516757965088,0.9076352119445801,0.962321937084198,0.9665790796279907,0.9818657636642456,0.9724937677383423,0.94649338722229,0.9785199761390686,0.9819580316543579,0.9899148941040039,0.9764918684959412,0.9540952444076538,0.9814133644104004,0.9848470687866211,0.9913901686668396,0.5789042115211487,0.4084310233592987,0.9909585118293762,0.9581007957458496,0.9866130352020264,0.8402011394500732,0.7251186966896057,0.984059751033783,0.9836726784706116,0.9917512536048889
96,0.5531174540519714,0.04059169441461563,0.02305656298995018,0.019867632538080215,0.3723011314868927,0.0973004549741745,0.9512414336204529,0.9071065783500671,0.9637069702148438,0.9657843112945557,0.9819978475570679,0.9726113677024841,0.9467393755912781,0.9799897074699402,0.9816963076591492,0.9902156591415405,0.9768800735473633,0.9548572897911072,0.9828163385391235,0.9855732321739197,0.991931140422821,0.5782457590103149,0.40808966755867004,0.9916819930076599,0.9584039449691772,0.9868735671043396,0.8396592140197754,0.7245981097221375,0.9854502081871033,0.9840013384819031,0.9921862483024597
97,0.551263689994812,0.03975754976272583,0.02248534746468067,0.01961859129369259,0.3723926246166229,0.09700954705476761,0.9520741105079651,0.9085854291915894,0.9639430642127991,0.966818630695343,0.9823289513587952,0.9733762741088867,0.9481588006019592,0.980362594127655,0.9821749925613403,0.9904335737228394,0.97731614112854,0.9556618928909302,0.9830654263496399,0.9854074120521545,0.9919509887695312,0.5777101516723633,0.40772324800491333,0.9918106198310852,0.9584689736366272,0.9869229197502136,0.8395957946777344,0.724556565284729,0.9858556389808655,0.9841405749320984,0.9923244118690491
98,0.549838662147522,0.039679139852523804,0.022001244127750397,0.019193995743989944,0.3721931576728821,0.09677114337682724,0.9520843625068665,0.9086189270019531,0.9637466073036194,0.9670753479003906,0.9823480844497681,0.9735918641090393,0.9485787749290466,0.9807875752449036,0.9826338887214661,0.9906594157218933,0.9774899482727051,0.9560080766677856,0.9832857847213745,0.9858664274215698,0.9921252131462097,0.5777337551116943,0.4077860414981842,0.9920722246170044,0.959114670753479,0.9871649742126465,0.8396807312965393,0.7247445583343506,0.9860130548477173,0.9847618341445923,0.992525577545166
99,0.5496107339859009,0.03969472646713257,0.022353511303663254,0.019420485943555832,0.3714539408683777,0.09668805450201035,0.9522814750671387,0.9090012311935425,0.9646177291870117,0.966303825378418,0.9823595881462097,0.9736358523368835,0.9486799836158752,0.9801514744758606,0.9827805757522583,0.9905377626419067,0.9775853157043457,0.9562135934829712,0.9835495352745056,0.9855951070785522,0.9921214580535889,0.5789457559585571,0.40876826643943787,0.9924076199531555,0.9582412242889404,0.9870060086250305,0.8405632972717285,0.7259921431541443,0.9858730435371399,0.9842703938484192,0.9923625588417053
100,0.5482308864593506,0.03933575749397278,0.021994667127728462,0.019247017800807953,0.3711441457271576,0.09650939702987671,0.9527415633201599,0.9097965359687805,0.964400053024292,0.966726541519165,0.9824174642562866,0.9739823341369629,0.949314534664154,0.9812695384025574,0.9821373224258423,0.9906513690948486,0.9778329133987427,0.9566589593887329,0.983351469039917,0.9857912063598633,0.9921222925186157,0.579288125038147,0.40899214148521423,0.9922610521316528,0.9589465260505676,0.9871648550033569,0.8410630226135254,0.7265871167182922,0.9863126277923584,0.9844815731048584,0.9925280213356018
101,0.5492988228797913,0.0395464189350605,0.022382337599992752,0.019309591501951218,0.37139129638671875,0.09666904807090759,0.9522327184677124,0.908909022808075,0.9628701210021973,0.9675922393798828,0.9822676181793213,0.9734949469566345,0.9484166502952576,0.980015754699707,0.982850968837738,0.9905219078063965,0.9775916337966919,0.9562245607376099,0.9827550053596497,0.9863889813423157,0.99212646484375,0.5785090923309326,0.4084174335002899,0.9917514324188232,0.9609717130661011,0.9875972270965576,0.8402119874954224,0.7255053520202637,0.9854062795639038,0.9850240349769592,0.992440938949585
102,0.548731803894043,0.03945956379175186,0.022339925169944763,0.01913909986615181,0.371221125125885,0.09657201170921326,0.9525456428527832,0.9094507098197937,0.9643229842185974,0.9668528437614441,0.9824317097663879,0.973721444606781,0.9488224983215332,0.9804922938346863,0.9822489023208618,0.9904853105545044,0.9779295325279236,0.9568489193916321,0.9835734367370605,0.9857321381568909,0.9921629428863525,0.5787568092346191,0.408586710691452,0.9921009540557861,0.9594268798828125,0.9872580766677856,0.8406606316566467,0.7260258793830872,0.9861346483230591,0.9842804074287415,0.9924309253692627
103,0.5477588176727295,0.03939720615744591,0.022175943478941917,0.019094165414571762,0.37071236968040466,0.09637900441884995,0.9528742432594299,0.9100326299667358,0.9638003706932068,0.9675365686416626,0.9824827909469604,0.9740168452262878,0.9493794441223145,0.9801894426345825,0.982807457447052,0.9905542731285095,0.9781526327133179,0.9572631120681763,0.9832760095596313,0.9859923720359802,0.9921553134918213,0.5796154737472534,0.40912148356437683,0.9919924139976501,0.9603890180587769,0.9874962568283081,0.8415725827217102,0.7271178960800171,0.9858708381652832,0.9848787784576416,0.9925201535224915
104,0.5475133061408997,0.039247505366802216,0.021947573870420456,0.019158465787768364,0.37081417441368103,0.09634552150964737,0.9528377652168274,0.9099804759025574,0.9647647738456726,0.9668080806732178,0.9825289845466614,0.9739542007446289,0.9492699503898621,0.9809118509292603,0.9824939370155334,0.9906542897224426,0.9781259298324585,0.9572377800941467,0.9837400913238525,0.9856455326080322,0.9921824932098389,0.5792182683944702,0.4089357852935791,0.9918197989463806,0.9602522253990173,0.9874163269996643,0.8412330746650696,0.7268151640892029,0.9864575862884521,0.9845776557922363,0.9925894737243652
105,0.5473890900611877,0.03940104693174362,0.02185440994799137,0.019159944728016853,0.370643675327301,0.09633014351129532,0.9524861574172974,0.9093806147575378,0.9638568162918091,0.9672912359237671,0.9824321269989014,0.9737253785133362,0.9488987922668457,0.9811609387397766,0.982743501663208,0.9907816052436829,0.977706789970398,0.9564862251281738,0.9836282730102539,0.9859420657157898,0.9922310709953308,0.5791285634040833,0.40896502137184143,0.99201899766922,0.9602694511413574,0.9874699115753174,0.8407871723175049,0.72636878490448,0.9863408803939819,0.9848330020904541,0.9926265478134155
106,0.5450974702835083,0.03908877447247505,0.021405301988124847,0.01850360818207264,0.37014731764793396,0.09595246613025665,0.9527347683906555,0.9098307490348816,0.9647490382194519,0.9668759107589722,0.9825429916381836,0.974456787109375,0.9502404928207397,0.981141984462738,0.9831979870796204,0.9908947944641113,0.9785012602806091,0.9579553008079529,0.984144926071167,0.9862469434738159,0.9924401044845581,0.5794296860694885,0.4092940390110016,0.9926806092262268,0.961322009563446,0.9879212975502014,0.8412268757820129,0.7270212769508362,0.9867164492607117,0.9850382804870605,0.9927744269371033
107,0.5454904437065125,0.03930642455816269,0.021559253334999084,0.018428511917591095,0.37022513151168823,0.09597111493349075,0.9528869390487671,0.910068929195404,0.96384596824646,0.9672540426254272,0.9824196696281433,0.9744957089424133,0.9502946138381958,0.9811864495277405,0.9828203320503235,0.9908079504966736,0.9787434935569763,0.9584025740623474,0.9839419722557068,0.9866349101066589,0.992489218711853,0.5791965126991272,0.4090224504470825,0.9923560619354248,0.96202152967453,0.9880334734916687,0.8412856459617615,0.726963460445404,0.9864401817321777,0.9852151870727539,0.9927508234977722
108,0.5460848808288574,0.03961598500609398,0.021515341475605965,0.018487056717276573,0.3703785836696625,0.09608791768550873,0.9524884223937988,0.9093440771102905,0.9635615348815918,0.9670360684394836,0.9822920560836792,0.9745186567306519,0.9503408670425415,0.9811512231826782,0.9831286668777466,0.9908791184425354,0.9787017107009888,0.9583227038383484,0.9842806458473206,0.9860144853591919,0.9924141764640808,0.578946053981781,0.40877604484558105,0.9921416640281677,0.9613983631134033,0.9878100156784058,0.8410971760749817,0.7266440391540527,0.9866040945053101,0.9850456714630127,0.9927480816841125
109,0.5485788583755493,0.040296413004398346,0.02288788929581642,0.01905478537082672,0.36984553933143616,0.09649429470300674,0.9516835808753967,0.9078990817070007,0.9632039070129395,0.9662550091743469,0.9819979667663574,0.9736337065696716,0.948672890663147,0.9802350401878357,0.9820306897163391,0.9903640747070312,0.978190004825592,0.9573604464530945,0.983220100402832,0.9861466884613037,0.992181122303009,0.5796576738357544,0.4093966484069824,0.9920081496238708,0.962028443813324,0.9879499673843384,0.8410252928733826,0.7265743613243103,0.9855794310569763,0.9846143126487732,0.9923781156539917
110,0.5481958985328674,0.04021000489592552,0.022383030503988266,0.019068574532866478,0.3700864017009735,0.09644787758588791,0.9517001509666443,0.907922625541687,0.9635718464851379,0.9662337899208069,0.9820831418037415,0.9737997055053711,0.9489854574203491,0.9801656007766724,0.9826604723930359,0.9905101656913757,0.9781977534294128,0.9573649764060974,0.983278214931488,0.985992431640625,0.9921558499336243,0.5791118741035461,0.4089133143424988,0.9917096495628357,0.9621030688285828,0.9878971576690674,0.8407559394836426,0.7261538505554199,0.985704779624939,0.984616219997406,0.9924101233482361
111,0.5487895011901855,0.039618633687496185,0.022490274161100388,0.019727878272533417,0.370362788438797,0.09658971428871155,0.9517683386802673,0.9081384539604187,0.9639914035797119,0.9665976762771606,0.9822825789451599,0.9730597734451294,0.9476564526557922,0.9803208112716675,0.9821950793266296,0.9904283285140991,0.9771106243133545,0.9554033875465393,0.9835495352745056,0.985181987285614,0.9920145273208618,0.5784836411476135,0.4086448550224304,0.9917818307876587,0.9606550931930542,0.987517774105072,0.8397935628890991,0.7252069711685181,0.9858388304710388,0.984163224697113,0.9923260807991028
112,0.5468943119049072,0.03946855664253235,0.02242877706885338,0.019032269716262817,0.3697165846824646,0.09624824672937393,0.952555775642395,0.9094592928886414,0.9643170237541199,0.966589093208313,0.9823607206344604,0.9738095998764038,0.948991060256958,0.9804613590240479,0.9824150204658508,0.9905206561088562,0.9782828092575073,0.9575172662734985,0.9833959937095642,0.9862640500068665,0.9922557473182678,0.5794486403465271,0.4091573655605316,0.9920228123664856,0.9621869921684265,0.9879969954490662,0.8412526845932007,0.7267833352088928,0.9859793782234192,0.9848061800003052,0.9925286173820496
113,0.5422358512878418,0.03883548825979233,0.021209752187132835,0.01810244470834732,0.3685287535190582,0.0955594927072525,0.9530515670776367,0.910359799861908,0.9643083810806274,0.9673187136650085,0.982550859451294,0.9748758673667908,0.9510090351104736,0.9815598726272583,0.9831302165985107,0.990982174873352,0.9790773987770081,0.9590343832969666,0.9849395155906677,0.986024796962738,0.9925828576087952,0.581032395362854,0.41049063205718994,0.9928282499313354,0.9628044962882996,0.9883639216423035,0.8427489399909973,0.7289126515388489,0.9870453476905823,0.9851087927818298,0.9928755164146423
114,0.5455601215362549,0.039371754974126816,0.021591080352663994,0.018559355288743973,0.3699917793273926,0.0960460975766182,0.9522602558135986,0.9089639186859131,0.9636288285255432,0.966957688331604,0.9822880029678345,0.9742521643638611,0.9498524069786072,0.9809026122093201,0.9830421209335327,0.9907942414283752,0.9784976840019226,0.957943320274353,0.9836896061897278,0.9865525960922241,0.9924043416976929,0.5781168341636658,0.4084025025367737,0.991982638835907,0.9629185199737549,0.988187313079834,0.840044379234314,0.7254807949066162,0.9861693382263184,0.9852341413497925,0.9926875829696655
115,0.5418338179588318,0.03861239552497864,0.021187834441661835,0.0180061012506485,0.3685899078845978,0.09543774276971817,0.9534603953361511,0.9111002683639526,0.9648440480232239,0.9674715399742126,0.9827234148979187,0.9750919938087463,0.951420783996582,0.9815652966499329,0.9831768274307251,0.9909956455230713,0.979404091835022,0.9596644043922424,0.9841905236244202,0.986784815788269,0.992590606212616,0.5804960131645203,0.4100431203842163,0.9923022985458374,0.96433025598526,0.9886514544487,0.8426233530044556,0.7287327647209167,0.9866839051246643,0.9854323863983154,0.9928686022758484
116,0.5404819250106812,0.03848550096154213,0.020930632948875427,0.017694948241114616,0.3681566119194031,0.09521427750587463,0.9537044167518616,0.911558210849762,0.9647517800331116,0.9676175713539124,0.9827390909194946,0.9750281572341919,0.951319694519043,0.9815995097160339,0.9835254549980164,0.991094708442688,0.9792725443840027,0.9594283103942871,0.9847289323806763,0.9868375658988953,0.9927400350570679,0.5809090733528137,0.4104995131492615,0.992906391620636,0.9639228582382202,0.9886889457702637,0.8427831530570984,0.7291064262390137,0.9871007204055786,0.9857204556465149,0.993048369884491
117,0.5418354272842407,0.03871816024184227,0.02067844569683075,0.018037224188447,0.3689439594745636,0.09545764327049255,0.9528229236602783,0.9100637435913086,0.9648657441139221,0.967012882232666,0.982607901096344,0.9747613668441772,0.9509039521217346,0.9823772311210632,0.9830574989318848,0.9911686182022095,0.9785314798355103,0.9581434726715088,0.9849433302879333,0.9860382676124573,0.9925872683525085,0.579342782497406,0.4094145596027374,0.9927571415901184,0.9621344208717346,0.9881629347801208,0.841189980506897,0.7272680401802063,0.9874106049537659,0.985071063041687,0.9929576516151428
118,0.5405973792076111,0.03844176232814789,0.020731668919324875,0.017630422487854958,0.36858075857162476,0.09521273523569107,0.9530424475669861,0.9104359745979309,0.9644842147827148,0.9682014584541321,0.9828266501426697,0.9748960137367249,0.9511520862579346,0.9817324876785278,0.9839299321174622,0.9912329912185669,0.9791252017021179,0.9592081904411316,0.9845319390296936,0.9871491193771362,0.992770791053772,0.5796434283256531,0.40967056155204773,0.992581307888031,0.9637082815170288,0.9885503649711609,0.8414793014526367,0.7276794910430908,0.9870328903198242,0.9859861135482788,0.9931002259254456
119,0.5382779836654663,0.038037825375795364,0.020256638526916504,0.01725214160978794,0.36786994338035583,0.09486132860183716,0.9540522694587708,0.9121928215026855,0.965455174446106,0.9674962162971497,0.9828808903694153,0.9759019613265991,0.9529621005058289,0.9825655817985535,0.9835029244422913,0.9913316369056702,0.9799051880836487,0.9606327414512634,0.9854627251625061,0.9868955016136169,0.9929400086402893,0.5806542038917542,0.4103938639163971,0.9931929707527161,0.9640517234802246,0.9887946248054504,0.8429083824157715,0.729377031326294,0.9877699017524719,0.9855890274047852,0.9931827783584595
120,0.5398719310760498,0.038553230464458466,0.02047119289636612,0.017445137724280357,0.36830949783325195,0.09509293735027313,0.9534595012664795,0.9111289978027344,0.9644668102264404,0.9676352143287659,0.9826733469963074,0.9755942821502686,0.9523895382881165,0.9819908142089844,0.9836912751197815,0.9912360310554504,0.9797095060348511,0.9602615833282471,0.9845747947692871,0.9872662425041199,0.9928118586540222,0.5797646641731262,0.4096328318119049,0.9924271702766418,0.9653395414352417,0.9889572262763977,0.8421386480331421,0.7282676100730896,0.9869720935821533,0.9859200716018677,0.9930678009986877
121,0.5413779616355896,0.03882075101137161,0.02086774818599224,0.01769733615219593,0.36865195631980896,0.09534025937318802,0.9531402587890625,0.9105451703071594,0.9647973775863647,0.9671968221664429,0.982639491558075,0.9752781987190247,0.9517874121665955,0.9812966585159302,0.9838115572929382,0.9910927414894104,0.9795170426368713,0.9598863124847412,0.9845346212387085,0.9867083430290222,0.9926576018333435,0.5790709257125854,0.4091237783432007,0.9919593334197998,0.964913010597229,0.9887258410453796,0.8414138555526733,0.7272989153862,0.9867576956748962,0.9857556223869324,0.9929711222648621
122,0.541021466255188,0.038457270711660385,0.021340928971767426,0.017935460433363914,0.36807337403297424,0.09521441906690598,0.9535536766052246,0.9112962484359741,0.9643957614898682,0.9676950573921204,0.9826715588569641,0.9752833843231201,0.9518072009086609,0.9820928573608398,0.9830601811408997,0.9910978674888611,0.9795153737068176,0.959892749786377,0.9848325848579407,0.9865679740905762,0.9926964640617371,0.579816997051239,0.4097265899181366,0.9928233623504639,0.9645079970359802,0.988828182220459,0.8420431017875671,0.7281527519226074,0.9871278405189514,0.9851692914962769,0.9929119944572449
123,0.5383118987083435,0.038175031542778015,0.020972419530153275,0.017306629568338394,0.36705467104911804,0.09480320662260056,0.9540364146232605,0.9121641516685486,0.9659148454666138,0.9667254686355591,0.982791006565094,0.9756661057472229,0.9525330066680908,0.9818399548530579,0.9836919903755188,0.9911983013153076,0.9800814390182495,0.9609761238098145,0.985380232334137,0.9868590235710144,0.9929097890853882,0.5814082622528076,0.41093531250953674,0.9930643439292908,0.9658966064453125,0.9892658591270447,0.8435305953025818,0.7301266193389893,0.9874746799468994,0.9856461882591248,0.9931232929229736
124,0.5391128063201904,0.038380641490221024,0.02058490924537182,0.017563339322805405,0.3676761984825134,0.09490764141082764,0.953567385673523,0.9113604426383972,0.963967502117157,0.9685656428337097,0.9827945828437805,0.9752472043037415,0.9518103003501892,0.9815946221351624,0.9840851426124573,0.991238534450531,0.9794312715530396,0.9598265886306763,0.9844342470169067,0.9875074028968811,0.9928386211395264,0.5799199342727661,0.4099709391593933,0.992581844329834,0.965961217880249,0.9891644716262817,0.8418582081794739,0.7282056212425232,0.9867984056472778,0.986487865447998,0.9931712746620178
125,0.5362633466720581,0.03809138387441635,0.020006923004984856,0.01667855679988861,0.36696237325668335,0.09452410787343979,0.9541587829589844,0.9123843312263489,0.9652038812637329,0.9674280285835266,0.9828008413314819,0.9760589003562927,0.9532710909843445,0.9828261137008667,0.9836845993995667,0.9914442300796509,0.9803913235664368,0.9615669250488281,0.9856972098350525,0.9873583912849426,0.9931188225746155,0.5810602307319641,0.4107419550418854,0.9931652545928955,0.9659575819969177,0.9893073439598083,0.8433635234832764,0.7300004363059998,0.9879289269447327,0.9860638380050659,0.9933462142944336
126,0.5373921394348145,0.03809090703725815,0.02014131471514702,0.017268167808651924,0.3672318756580353,0.09465979039669037,0.9538401961326599,0.9118363261222839,0.9647327661514282,0.9681308269500732,0.9828695058822632,0.9761461019515991,0.9534448385238647,0.982630729675293,0.9838401675224304,0.9914355278015137,0.9801368117332458,0.9610888361930847,0.9852743744850159,0.9868817925453186,0.9928889870643616,0.580364465713501,0.4102819859981537,0.9930816888809204,0.9658645391464233,0.9892614483833313,0.8426997661590576,0.7291855812072754,0.9875392317771912,0.9858676791191101,0.9931970834732056
127,0.5355077385902405,0.03783528879284859,0.01974531263113022,0.016666924580931664,0.36687058210372925,0.09438955038785934,0.9540748000144958,0.912244975566864,0.965360164642334,0.9682283401489258,0.9830502867698669,0.9764311909675598,0.9539823532104492,0.9827967882156372,0.9841417074203491,0.9915555119514465,0.9805598258972168,0.9619001150131226,0.9853878021240234,0.9878358244895935,0.9931640625,0.5808259844779968,0.4105890393257141,0.9928863048553467,0.966677725315094,0.9894342422485352,0.8432526588439941,0.7299143075942993,0.9877889156341553,0.9863627552986145,0.9933885335922241
128,0.5351527333259583,0.037693846970796585,0.019843341782689095,0.016479909420013428,0.3668392300605774,0.09429647028446198,0.9542803168296814,0.9126129150390625,0.9656614065170288,0.9678102731704712,0.9830145835876465,0.9764213562011719,0.9539612531661987,0.9827061295509338,0.9841204881668091,0.9915271997451782,0.9808951020240784,0.9625336527824402,0.9858426451683044,0.9876485466957092,0.9932305216789246,0.5804762840270996,0.4104030728340149,0.9931267499923706,0.9668627977371216,0.9895438551902771,0.8430149555206299,0.7296587228775024,0.9879668951034546,0.9863715767860413,0.9934356808662415
129,0.5347777009010315,0.037662897258996964,0.01947568543255329,0.01602841354906559,0.367378294467926,0.09423243254423141,0.9540490508079529,0.9122222065925598,0.9651886820793152,0.9682339429855347,0.9830093383789062,0.9765161871910095,0.9541499018669128,0.9830730557441711,0.984442949295044,0.9917030930519104,0.9809040427207947,0.9625574350357056,0.9860988259315491,0.9878654479980469,0.99335116147995,0.5792062878608704,0.40950843691825867,0.9932016134262085,0.9664357304573059,0.9894463419914246,0.8419378995895386,0.7283638119697571,0.9882339239120483,0.9864853024482727,0.9935324788093567
130,0.5328578352928162,0.037369146943092346,0.019279293715953827,0.015834173187613487,0.3664332628250122,0.09394201636314392,0.9547898173332214,0.9135358929634094,0.9652706384658813,0.9685513377189636,0.9831131100654602,0.9770129323005676,0.9550818800926208,0.983100175857544,0.9846997261047363,0.9917764663696289,0.9815587997436523,0.96380215883255,0.9861742258071899,0.9881677627563477,0.9934483170509338,0.5808894038200378,0.4105760455131531,0.9928515553474426,0.9682340621948242,0.9898476600646973,0.8438928127288818,0.7307119369506836,0.988165557384491,0.9869062900543213,0.9936244487762451
131,0.5346662998199463,0.0378405824303627,0.019474642351269722,0.0166477058082819,0.3665127158164978,0.09419063478708267,0.9540268182754517,0.9122182130813599,0.9649015665054321,0.968299150466919,0.9829555153846741,0.9765620827674866,0.9542760252952576,0.9832380414009094,0.9843353629112244,0.9917166829109192,0.9804539680480957,0.9617634415626526,0.9857302904129028,0.9876068830490112,0.9931913614273071,0.5805016756057739,0.41052791476249695,0.9931967854499817,0.9673597812652588,0.9896960258483887,0.8428727388381958,0.7296848893165588,0.987876832485199,0.9865398406982422,0.9934566020965576
132,0.5328927040100098,0.037317804992198944,0.019467733800411224,0.016334932297468185,0.36583375930786133,0.09393841028213501,0.9544993042945862,0.9130218029022217,0.9658562541007996,0.9680382013320923,0.9831228256225586,0.9768072366714478,0.9546980857849121,0.9830334186553955,0.9842668771743774,0.991647481918335,0.9810672998428345,0.9628756642341614,0.9859484434127808,0.9876750707626343,0.9932640790939331,0.5813905000686646,0.41117921471595764,0.9935832023620605,0.967697262763977,0.9898830056190491,0.8437637090682983,0.7307379841804504,0.9881812930107117,0.9866904020309448,0.9935724139213562
133,0.5322652459144592,0.03758460283279419,0.018908439204096794,0.015975845977663994,0.36599409580230713,0.09380227327346802,0.9546244740486145,0.9132358431816101,0.9648994207382202,0.9686055779457092,0.9830355644226074,0.977316677570343,0.9556668400764465,0.9832836389541626,0.9850232601165771,0.991906464099884,0.9814354181289673,0.9635744690895081,0.9862426519393921,0.987964391708374,0.9934130311012268,0.5810444951057434,0.41078341007232666,0.9931240081787109,0.9684136509895325,0.9899635910987854,0.8438990712165833,0.730800449848175,0.9882106184959412,0.9868945479393005,0.9936327934265137
134,0.5315812230110168,0.03727613762021065,0.018795276060700417,0.015621514990925789,0.36619889736175537,0.0936894565820694,0.9547626972198486,0.9135075211524963,0.9657232761383057,0.9682003855705261,0.9831326603889465,0.9773302674293518,0.9557015895843506,0.9835256934165955,0.9848154187202454,0.9919135570526123,0.9815463423728943,0.963796854019165,0.9861916303634644,0.9883802533149719,0.9935075044631958,0.5801032781600952,0.41021203994750977,0.9934583306312561,0.9686653017997742,0.9901143908500671,0.8431036472320557,0.729905366897583,0.9885867238044739,0.9870272874832153,0.9937620759010315
135,0.5333113670349121,0.0379374623298645,0.019421270117163658,0.01594606414437294,0.36605194211006165,0.09395462274551392,0.9540306329727173,0.9121824502944946,0.9650660157203674,0.967842161655426,0.9828758835792542,0.9769493937492371,0.9549806118011475,0.983676552772522,0.9840391874313354,0.9917501211166382,0.9814137816429138,0.9635425209999084,0.9864873886108398,0.987872302532196,0.9934510588645935,0.5804310441017151,0.4104852080345154,0.993194580078125,0.9678959250450134,0.9898408651351929,0.8430856466293335,0.7298665642738342,0.9884439706802368,0.986526608467102,0.9935961365699768
136,0.5324060320854187,0.03745239973068237,0.019413098692893982,0.01589306630194187,0.36583399772644043,0.09381351619958878,0.9545131921768188,0.9130533933639526,0.9653775691986084,0.9684239625930786,0.9831060171127319,0.9768049716949463,0.9546990394592285,0.9829633831977844,0.9844059348106384,0.9916658997535706,0.9813597202301025,0.9634398221969604,0.986208438873291,0.9880192875862122,0.9934186339378357,0.580592930316925,0.41063305735588074,0.993229329586029,0.9685168266296387,0.9900175333023071,0.843228280544281,0.730089008808136,0.9881519675254822,0.9868419170379639,0.9936043620109558
137,0.5318345427513123,0.03716430068016052,0.01944105140864849,0.01638438180088997,0.3651117980480194,0.09373293817043304,0.9550750255584717,0.9140615463256836,0.9657368659973145,0.968367338180542,0.9831799864768982,0.9771209955215454,0.9552960395812988,0.9833172559738159,0.9842852354049683,0.9917236566543579,0.9813053607940674,0.9633259773254395,0.9855837225914001,0.9878140091896057,0.9932078719139099,0.581925630569458,0.4115537405014038,0.9927104711532593,0.9692502021789551,0.9900874495506287,0.8445104956626892,0.7316790223121643,0.9879522919654846,0.9867767095565796,0.9935370683670044
138,0.5303941369056702,0.03744225203990936,0.018663236871361732,0.015547016635537148,0.3652147948741913,0.09352683275938034,0.9545691013336182,0.9131436347961426,0.9654535055160522,0.9681886434555054,0.9830628633499146,0.9775418639183044,0.95609450340271,0.9835197329521179,0.9850739240646362,0.9919790029525757,0.981711208820343,0.9641022682189941,0.9866687059402466,0.9878852367401123,0.9935001730918884,0.58123379945755,0.41111132502555847,0.9936917424201965,0.9686806201934814,0.990176260471344,0.8439423441886902,0.7309947609901428,0.9886073470115662,0.986900269985199,0.9937343001365662
139,0.541040301322937,0.039428118616342545,0.021907204762101173,0.01838187873363495,0.366231232881546,0.09509174525737762,0.952612578868866,0.9095979928970337,0.9637731909751892,0.9668819308280945,0.9823036789894104,0.9752527475357056,0.9517595171928406,0.981503963470459,0.9822973012924194,0.9907518029212952,0.9798575043678284,0.9605638384819031,0.9847891926765442,0.9860253930091858,0.9925451278686523,0.5798624753952026,0.4100458025932312,0.9921210408210754,0.9675748944282532,0.9894886612892151,0.8417056798934937,0.7278951406478882,0.9867870211601257,0.9849464893341064,0.9927682876586914
140,0.5384130477905273,0.0390462800860405,0.020855985581874847,0.017387477681040764,0.3663465678691864,0.09477673470973969,0.9523993134498596,0.9092280864715576,0.9641954898834229,0.9669980406761169,0.9824385046958923,0.9755066633224487,0.952237069606781,0.9816239476203918,0.9835771918296814,0.9911142587661743,0.9801109433174133,0.961050808429718,0.9849264621734619,0.9870516657829285,0.9928451776504517,0.5792650580406189,0.40962204337120056,0.9924266338348389,0.9679722785949707,0.9896717667579651,0.8412336111068726,0.7273232936859131,0.9869139790534973,0.9859694838523865,0.9930660128593445
141,0.5346781015396118,0.038277316838502884,0.0204035472124815,0.016626577824354172,0.3651683032512665,0.09420239180326462,0.9537975788116455,0.9117380380630493,0.9650644063949585,0.9672466516494751,0.9827185869216919,0.9761372208595276,0.9534189105033875,0.9822155237197876,0.9835382699966431,0.9912528395652771,0.9808253645896912,0.9624037146568298,0.9857085943222046,0.9873762726783752,0.9931263327598572,0.5810900330543518,0.41101977229118347,0.9928450584411621,0.9684188961982727,0.9898960590362549,0.8431710004806519,0.729925811290741,0.9877036809921265,0.9860286712646484,0.993280291557312
142,0.5340614914894104,0.0382075272500515,0.01997862383723259,0.016472917050123215,0.36526429653167725,0.09413807094097137,0.9536884427070618,0.9115578532218933,0.9641194939613342,0.968533992767334,0.9828238487243652,0.9761529564857483,0.9534665942192078,0.9824754595756531,0.9841954708099365,0.9914886355400085,0.9806415438652039,0.9620601534843445,0.9856743812561035,0.9875454902648926,0.9931614398956299,0.5807807445526123,0.410774290561676,0.9928233623504639,0.9684448838233948,0.9898977279663086,0.8429015278816223,0.7295827865600586,0.9876526594161987,0.9864753484725952,0.9933833479881287
143,0.532677948474884,0.03792571276426315,0.019807657226920128,0.01635005883872509,0.3646913766860962,0.0939030721783638,0.9542146325111389,0.9125017523765564,0.9648923277854919,0.9680183529853821,0.9828793406486511,0.9765429496765137,0.9541979432106018,0.9823929667472839,0.9843724370002747,0.991513729095459,0.9810457825660706,0.9628283381462097,0.9857313632965088,0.9877067804336548,0.9932174682617188,0.5816494226455688,0.4113861918449402,0.9927777647972107,0.9690806865692139,0.9900583624839783,0.8438805341720581,0.7308162450790405,0.9877139925956726,0.9866906404495239,0.9934546947479248
144,0.5316281914710999,0.037833072245121,0.019604090601205826,0.016134051606059074,0.3642955422401428,0.09376153349876404,0.9545590281486511,0.9131134748458862,0.9657878875732422,0.9672598838806152,0.9829007387161255,0.9768251180648804,0.9547250866889954,0.982847273349762,0.984214723110199,0.9915871620178223,0.9812569618225098,0.9632267355918884,0.9859815835952759,0.9876406192779541,0.9932635426521301,0.5822010636329651,0.41176220774650574,0.9930518269538879,0.9693405628204346,0.9901963472366333,0.8445799946784973,0.731685996055603,0.9880884885787964,0.986336350440979,0.9934571981430054
145,0.5310076475143433,0.03761187195777893,0.019338281825184822,0.016083626076579094,0.36430805921554565,0.09366575628519058,0.9543876051902771,0.9128105640411377,0.9655485153198242,0.96784508228302,0.982995867729187,0.9769667983055115,0.9550074934959412,0.9834160208702087,0.9841184020042419,0.9917051792144775,0.9813977479934692,0.9635064601898193,0.9862404465675354,0.9876303672790527,0.9933262467384338,0.5818457007408142,0.41157063841819763,0.9929074645042419,0.9696013331413269,0.9902310371398926,0.8442655205726624,0.731372058391571,0.9882866144180298,0.9863711595535278,0.9935161471366882
146,0.5292759537696838,0.03718576952815056,0.018880119547247887,0.015328435227274895,0.3644729554653168,0.09340878576040268,0.9545668959617615,0.9131375551223755,0.9656635522842407,0.968411386013031,0.9831734299659729,0.9773804545402527,0.9557836651802063,0.9834301471710205,0.9849103093147278,0.9919140934944153,0.9817942380905151,0.9642597436904907,0.9865112900733948,0.9884086847305298,0.9935956001281738,0.5810019373893738,0.4110260009765625,0.9932608008384705,0.9701741337776184,0.9904730916023254,0.8436999320983887,0.7306998372077942,0.9885634183883667,0.9872420430183411,0.993811845779419
147,0.527502715587616,0.03704805299639702,0.01854008063673973,0.015107033774256706,0.36372140049934387,0.09308606386184692,0.9550955891609192,0.9141061902046204,0.9663371443748474,0.9682288765907288,0.9832919239997864,0.9777767658233643,0.9565438628196716,0.9839951395988464,0.9848129153251648,0.9920310378074646,0.9821545481681824,0.9649587273597717,0.9872749447822571,0.9881641268730164,0.9937252998352051,0.582187294960022,0.4119500517845154,0.99366295337677,0.9699771404266357,0.9905195832252502,0.8448391556739807,0.7322809100151062,0.989052951335907,0.9870814681053162,0.9938936829566956
148,0.5294638276100159,0.03768815100193024,0.019233599305152893,0.015607228502631187,0.3635574281215668,0.09337739646434784,0.9543392658233643,0.9127190113067627,0.9651837944984436,0.9679386615753174,0.9829304218292236,0.9773218035697937,0.9556724429130554,0.9831550121307373,0.9845924377441406,0.9917624592781067,0.9818928837776184,0.9644511342048645,0.9860423803329468,0.9885361194610596,0.9935100078582764,0.5824457406997681,0.41205495595932007,0.9932938814163208,0.970882773399353,0.9906722903251648,0.8448007106781006,0.7320773005485535,0.9882284998893738,0.9871666431427002,0.9937078356742859
149,0.5279133319854736,0.037275347858667374,0.018725179135799408,0.015108480118215084,0.3636726438999176,0.0931316539645195,0.9548532366752625,0.9136649966239929,0.9658915400505066,0.9680092930793762,0.9831238985061646,0.9776758551597595,0.9563494324684143,0.9834301471710205,0.9852155447006226,0.9919931292533875,0.9821730852127075,0.9649910926818848,0.9869639277458191,0.9883812069892883,0.9937028288841248,0.5818855166435242,0.41173189878463745,0.9933731555938721,0.9706034064292908,0.9906166791915894,0.84452223777771,0.7318580746650696,0.9887403249740601,0.9874022006988525,0.9938980340957642
