,loss,side_6_loss,side_7_loss,side_8_loss,activation_233_loss,average_1_loss,side_6_dice_coef,side_6_jacard,side_6_recall_1,side_6_precision_1,side_6_accuracy,side_7_dice_coef,side_7_jacard,side_7_recall_1,side_7_precision_1,side_7_accuracy,side_8_dice_coef,side_8_jacard,side_8_recall_1,side_8_precision_1,side_8_accuracy,activation_233_dice_coef,activation_233_jacard,activation_233_recall_1,activation_233_precision_1,activation_233_accuracy,average_1_dice_coef,average_1_jacard,average_1_recall_1,average_1_precision_1,average_1_accuracy
0,3.3661739826202393,0.48738932609558105,0.6375117897987366,0.749703586101532,0.7704910039901733,0.721077561378479,0.547347366809845,0.38803988695144653,0.5200039148330688,0.7687737941741943,0.7891315221786499,0.503727376461029,0.34769800305366516,0.781234860420227,0.48387888073921204,0.6514052152633667,0.45349353551864624,0.30186426639556885,0.7293938398361206,0.41650766134262085,0.5717595219612122,0.39015525579452515,0.2490873634815216,0.5207660794258118,0.3607621192932129,0.5354577302932739,0.21334974467754364,0.11978193372488022,0.0,0.0,0.6686537265777588
1,2.57769513130188,0.36386775970458984,0.4020363688468933,0.5069677829742432,0.6458562016487122,0.6589677333831787,0.6830549836158752,0.5272765755653381,0.7209351062774658,0.8225759267807007,0.8560082912445068,0.6443629264831543,0.4866481423377991,0.7774403095245361,0.7399551272392273,0.8357257843017578,0.5730080604553223,0.41201990842819214,0.8035618662834167,0.6169832944869995,0.7696212530136108,0.4541991353034973,0.30110156536102295,0.6839040517807007,0.4814679026603699,0.6512089967727661,0.26131588220596313,0.1505306214094162,0.0,0.0,0.6686537265777588
2,2.279341697692871,0.3277967572212219,0.3394103944301605,0.3994777798652649,0.5713528394699097,0.6413038969039917,0.7146614789962769,0.5650078654289246,0.7630597352981567,0.8409450650215149,0.8736695647239685,0.6999817490577698,0.5488705635070801,0.7707778811454773,0.8216198086738586,0.8685999512672424,0.6526872515678406,0.4954245686531067,0.8007766008377075,0.74048912525177,0.8409993648529053,0.49708205461502075,0.33721938729286194,0.7605925798416138,0.5623464584350586,0.7245357632637024,0.2793627083301544,0.16271522641181946,0.0,0.0,0.6686537265777588
3,2.1723427772521973,0.3041934072971344,0.32115399837493896,0.3701876699924469,0.5398744344711304,0.6369333863258362,0.7214473485946655,0.5750800371170044,0.773084282875061,0.8512881398200989,0.8800638914108276,0.7087844610214233,0.5607551336288452,0.765337347984314,0.844510555267334,0.8755546808242798,0.6751099824905396,0.5225898027420044,0.7865993976593018,0.7816440463066101,0.8564804196357727,0.5129284858703613,0.35243549942970276,0.7897132039070129,0.6063022613525391,0.7604097723960876,0.28230664134025574,0.1647331714630127,0.0,0.0,0.6686537265777588
4,2.22035813331604,0.32155025005340576,0.338640034198761,0.38149726390838623,0.5338194370269775,0.6448517441749573,0.7144505381584167,0.5675836801528931,0.7742466330528259,0.8401104211807251,0.8763721585273743,0.6991413235664368,0.5495455265045166,0.7568302154541016,0.8313323259353638,0.8685476779937744,0.6678600907325745,0.5143536329269409,0.7588710188865662,0.7794369459152222,0.8489484190940857,0.5109820365905762,0.3520262539386749,0.7858656644821167,0.6185206174850464,0.7684467434883118,0.2823197543621063,0.1647750288248062,0.0,0.0,0.6686537265777588
5,2.022193431854248,0.2686896324157715,0.29025569558143616,0.33055993914604187,0.5076387524604797,0.6250494718551636,0.747638463973999,0.6067079901695251,0.8097791075706482,0.8709923028945923,0.897229015827179,0.7288387417793274,0.5832632780075073,0.7889875173568726,0.8674666285514832,0.8901402950286865,0.6983017325401306,0.5478944778442383,0.7902082800865173,0.8220300078392029,0.8737993836402893,0.5283445715904236,0.3675878047943115,0.8234677910804749,0.6566175222396851,0.798816442489624,0.2897043824195862,0.1696934700012207,0.0,0.0,0.6686537265777588
6,2.0855660438537598,0.286563515663147,0.3089597821235657,0.34598901867866516,0.5106083154678345,0.633445143699646,0.7354755401611328,0.5943938493728638,0.7966293096542358,0.8590415120124817,0.8893011808395386,0.7183353900909424,0.5742979645729065,0.7756527662277222,0.8526633381843567,0.881253182888031,0.6922248601913452,0.5437639951705933,0.7736533880233765,0.8170259594917297,0.8675916194915771,0.5258136987686157,0.3659864068031311,0.8103413581848145,0.6581818461418152,0.7977134585380554,0.2862788140773773,0.1675432324409485,0.0,0.0,0.6686537265777588
7,1.9985666275024414,0.2611776888370514,0.2893688678741455,0.3247072398662567,0.4970015585422516,0.6263114213943481,0.7565783262252808,0.6192962527275085,0.813675045967102,0.8794254064559937,0.9012969732284546,0.7330824136734009,0.590389609336853,0.7809259295463562,0.8730856776237488,0.8897969722747803,0.7070775032043457,0.5598827600479126,0.7726556062698364,0.8388189077377319,0.875476062297821,0.5342929363250732,0.37307727336883545,0.8176626563072205,0.684179961681366,0.8145211338996887,0.2911810874938965,0.17082299292087555,0.0,0.0,0.6686537265777588
8,1.9689470529556274,0.25563564896583557,0.282900333404541,0.317650705575943,0.4929679334163666,0.6197925806045532,0.7606182098388672,0.6251124143600464,0.826665997505188,0.8730102181434631,0.9027225375175476,0.7380599975585938,0.5968790650367737,0.8015322089195251,0.8621813654899597,0.8917850255966187,0.7115561962127686,0.5649874806404114,0.783344030380249,0.8336854577064514,0.8764317631721497,0.5348791480064392,0.37401893734931946,0.8227466940879822,0.6918115615844727,0.8198235630989075,0.2940817177295685,0.1727743297815323,0.0,0.0,0.6686537265777588
9,1.942188024520874,0.25104862451553345,0.2758506238460541,0.30890291929244995,0.4866308271884918,0.6197551488876343,0.7713549733161926,0.6385867595672607,0.8220309615135193,0.880427896976471,0.9040387272834778,0.7499357461929321,0.6112004518508911,0.8006488084793091,0.8757035732269287,0.8962904810905457,0.7205770015716553,0.5754150152206421,0.788581132888794,0.8435232043266296,0.8814762234687805,0.5382120013237,0.37713128328323364,0.8314234614372253,0.7012408375740051,0.8267724514007568,0.29671722650527954,0.17458929121494293,0.0,0.0,0.6686537265777588
10,1.909364104270935,0.24340856075286865,0.2677229940891266,0.3044692575931549,0.4832005500793457,0.6105630397796631,0.7682110667228699,0.6360956430435181,0.8442509174346924,0.8743691444396973,0.908199667930603,0.7460300326347351,0.6088699102401733,0.8252484202384949,0.8640696406364441,0.8990802764892578,0.720107913017273,0.5773295164108276,0.8070667386054993,0.8349866271018982,0.8832239508628845,0.5401386022567749,0.37995079159736633,0.8419890403747559,0.7083143591880798,0.832754909992218,0.29779207706451416,0.17536135017871857,0.0,0.0,0.6686537265777588
11,1.8744100332260132,0.2338699847459793,0.2580784261226654,0.29420849680900574,0.47578245401382446,0.6124711036682129,0.7918031215667725,0.6620301008224487,0.8448941111564636,0.8904669880867004,0.9141703248023987,0.7683573961257935,0.631170928478241,0.8195622563362122,0.8892502188682556,0.9063919186592102,0.7377561926841736,0.5925799608230591,0.7962961792945862,0.8670417070388794,0.8920429348945618,0.5466550588607788,0.38339993357658386,0.8314541578292847,0.7322368025779724,0.8434088230133057,0.30304190516471863,0.17885293066501617,0.0,0.0,0.6686537265777588
12,1.8837400674819946,0.232600599527359,0.2614522874355316,0.29850542545318604,0.4774624705314636,0.61371910572052,0.784795343875885,0.6578342914581299,0.8353366255760193,0.8954711556434631,0.9131300449371338,0.7635148763656616,0.6309025287628174,0.8144816756248474,0.8856611847877502,0.9036883115768433,0.7326002717018127,0.5931103825569153,0.7960567474365234,0.8557105660438538,0.8879473209381104,0.5420396327972412,0.3818123936653137,0.8292410373687744,0.7309317588806152,0.8422737121582031,0.29953569173812866,0.17658795416355133,0.0,0.0,0.6686537265777588
13,1.7391941547393799,0.19645458459854126,0.22535410523414612,0.26046013832092285,0.4616212844848633,0.595304012298584,0.7999882698059082,0.6760793924331665,0.8658871650695801,0.9066518545150757,0.9260223507881165,0.777868926525116,0.6471204161643982,0.8437677621841431,0.8965306282043457,0.9159665703773499,0.7494290471076965,0.611564576625824,0.8243504166603088,0.8769531846046448,0.9034736752510071,0.5533296465873718,0.391725093126297,0.8548771739006042,0.7570539116859436,0.8610130548477173,0.30559736490249634,0.1806412637233734,0.0,0.0,0.6686537265777588
14,1.7649695873260498,0.20646581053733826,0.22869563102722168,0.2682347297668457,0.46415773034095764,0.5974153280258179,0.8018315434455872,0.6780784726142883,0.8620752692222595,0.8974223732948303,0.921649158000946,0.7827504873275757,0.653165340423584,0.8464966416358948,0.8935444951057434,0.9157208800315857,0.7513073086738586,0.6137480735778809,0.8230137825012207,0.8723567128181458,0.9014543890953064,0.5506815314292908,0.38952672481536865,0.8540447950363159,0.754676103591919,0.8596479892730713,0.306770384311676,0.18147291243076324,0.0,0.0,0.6686537265777588
15,1.7083988189697266,0.1957278847694397,0.21410207450389862,0.25106072425842285,0.4547683596611023,0.5927397012710571,0.814948558807373,0.695353627204895,0.8699319362640381,0.9067828059196472,0.9272705316543579,0.7995723485946655,0.6746748685836792,0.8487144112586975,0.9102947115898132,0.9221593141555786,0.7678999900817871,0.6337790489196777,0.8291707634925842,0.890229344367981,0.9095189571380615,0.558600664138794,0.39615002274513245,0.8617939949035645,0.7775082588195801,0.8724923729896545,0.3106794059276581,0.18419919908046722,0.0,0.0,0.6686537265777588
16,1.7381713390350342,0.2004013955593109,0.22449293732643127,0.2590751051902771,0.4596324563026428,0.5945693254470825,0.8082802891731262,0.6869391202926636,0.8635097742080688,0.900454580783844,0.923143744468689,0.7913365960121155,0.6651409864425659,0.8495156764984131,0.8938444256782532,0.9167077541351318,0.76045823097229,0.6251257658004761,0.8260400891304016,0.8768956065177917,0.9039344787597656,0.55283123254776,0.39149412512779236,0.8554781079292297,0.771711528301239,0.8682599663734436,0.30930134654045105,0.18324057757854462,0.0,0.0,0.6686537265777588
17,1.6890592575073242,0.18879085779190063,0.2110709697008133,0.24491152167320251,0.4533427357673645,0.5909433960914612,0.8227826952934265,0.7060656547546387,0.8693133592605591,0.910313606262207,0.9283186793327332,0.8061805963516235,0.6831499934196472,0.8518926501274109,0.9080304503440857,0.9223354458808899,0.7746673226356506,0.6416498422622681,0.8334193825721741,0.8920837044715881,0.9113979339599609,0.5575554370880127,0.39530354738235474,0.8616393208503723,0.7859452366828918,0.8763975501060486,0.31190225481987,0.1850103884935379,0.0,0.0,0.6686537265777588
18,1.6625773906707764,0.18280459940433502,0.20632553100585938,0.23820969462394714,0.4490533769130707,0.5861842036247253,0.8220393061637878,0.7047579288482666,0.8814516067504883,0.9025682210922241,0.9291910529136658,0.8070982098579407,0.6839318871498108,0.8651668429374695,0.8991937041282654,0.9231857061386108,0.7816095948219299,0.6497136354446411,0.8425117135047913,0.890916645526886,0.9136362671852112,0.560907781124115,0.3978791832923889,0.8646553158760071,0.7929424047470093,0.8803414702415466,0.31460514664649963,0.18687328696250916,0.0,0.0,0.6686537265777588
19,1.5749647617340088,0.1650061309337616,0.18161743879318237,0.21385958790779114,0.4408441185951233,0.5736376643180847,0.8356568217277527,0.7227681875228882,0.8961445093154907,0.9122518301010132,0.9370262026786804,0.8230412602424622,0.7052874565124512,0.8853574395179749,0.9098597764968872,0.9329503178596497,0.7926154136657715,0.6642653942108154,0.8593709468841553,0.9003668427467346,0.9218931794166565,0.5683624744415283,0.404928982257843,0.8815762996673584,0.8064259886741638,0.8906435370445251,0.3179362416267395,0.1892050802707672,0.0,0.0,0.6686537265777588
20,1.6048415899276733,0.16772058606147766,0.18946707248687744,0.22245755791664124,0.44372254610061646,0.5814740061759949,0.8404847979545593,0.7298564314842224,0.8822912573814392,0.9211472868919373,0.9359722137451172,0.825901985168457,0.7095242738723755,0.8647021055221558,0.9193438291549683,0.9300328493118286,0.7945188879966736,0.6670182943344116,0.8441725969314575,0.9036670327186584,0.918549120426178,0.5650078654289246,0.40169137716293335,0.8657743334770203,0.8080553412437439,0.8873817324638367,0.3173592984676361,0.18881472945213318,0.0,0.0,0.6686537265777588
21,1.658621072769165,0.1875591278076172,0.20404720306396484,0.23477813601493835,0.44700509309768677,0.5852319002151489,0.8240476846694946,0.7099705934524536,0.8782994151115417,0.9023903608322144,0.9281958341598511,0.8133512735366821,0.6958923935890198,0.8647032380104065,0.9045177698135376,0.9249248504638672,0.7869609594345093,0.6612953543663025,0.8448906540870667,0.8949721455574036,0.9157518744468689,0.5608603358268738,0.39895838499069214,0.8650797009468079,0.8015140891075134,0.884311318397522,0.3151516914367676,0.1874331831932068,0.0,0.0,0.6686537265777588
22,1.6147270202636719,0.17763176560401917,0.19047167897224426,0.22146561741828918,0.44344788789749146,0.5817099809646606,0.8293563723564148,0.7156544327735901,0.8802538514137268,0.9141121506690979,0.9329180121421814,0.8202866315841675,0.7031635642051697,0.8723189234733582,0.9146208763122559,0.9307117462158203,0.7938022613525391,0.6685752272605896,0.8506961464881897,0.9061234593391418,0.9213258028030396,0.5645794868469238,0.4018412232398987,0.8665011525154114,0.8168993592262268,0.891412079334259,0.3159342408180237,0.18789789080619812,0.0,0.0,0.6686537265777588
23,1.5888471603393555,0.1628880500793457,0.18341612815856934,0.2185741662979126,0.4453369081020355,0.578631579875946,0.8369452357292175,0.726350724697113,0.8893550634384155,0.9236359000205994,0.9389743804931641,0.8241179585456848,0.7089804410934448,0.8753237724304199,0.9216336607933044,0.934027373790741,0.7930704355239868,0.6680161356925964,0.854084312915802,0.9078061580657959,0.9229110479354858,0.5589575171470642,0.3980063199996948,0.8683823347091675,0.8157292604446411,0.8913905024528503,0.31715813279151917,0.1887071132659912,0.0,0.0,0.6686537265777588
24,1.5715440511703491,0.16588914394378662,0.17978648841381073,0.21133264899253845,0.4407876431941986,0.5737481117248535,0.837360680103302,0.7272411584854126,0.899540364742279,0.9155206084251404,0.9392097592353821,0.8286385536193848,0.7151585817337036,0.8885307312011719,0.915692150592804,0.9359586238861084,0.8014160990715027,0.6783128976821899,0.8656265735626221,0.9020760655403137,0.9243401885032654,0.564398467540741,0.4021030068397522,0.8763959407806396,0.81724613904953,0.8941066861152649,0.31981390714645386,0.1905931830406189,0.0,0.0,0.6686537265777588
25,1.6063216924667358,0.1724705845117569,0.1889210045337677,0.22005805373191833,0.44250020384788513,0.5823716521263123,0.836254894733429,0.725711464881897,0.879404604434967,0.9208807945251465,0.9350060820579529,0.825011134147644,0.7102851271629333,0.8651971817016602,0.9201235771179199,0.9304467439651489,0.7972966432571411,0.6741027235984802,0.8457333445549011,0.906762957572937,0.9200698733329773,0.5624985694885254,0.40093082189559937,0.8639445900917053,0.8203926682472229,0.8922470211982727,0.31702572107315063,0.18864567577838898,0.0,0.0,0.6686537265777588
26,1.5735913515090942,0.159649059176445,0.17716753482818604,0.21420800685882568,0.4454832077026367,0.5770835876464844,0.8409236669540405,0.7314623594284058,0.8920578956604004,0.9243276119232178,0.9400354027748108,0.8307512998580933,0.7175807952880859,0.8776159286499023,0.9234322309494019,0.9353368282318115,0.8005479574203491,0.6772554516792297,0.8539860844612122,0.9114503860473633,0.9241281151771545,0.5598329305648804,0.3979913592338562,0.8571586012840271,0.8255946040153503,0.8926721215248108,0.31964311003685,0.19048604369163513,0.0,0.0,0.6686537265777588
27,1.52107572555542,0.1489233821630478,0.1664518564939499,0.19795261323451996,0.43649744987487793,0.5712506771087646,0.8523082733154297,0.7478961944580078,0.8986201286315918,0.9268758893013,0.9429174065589905,0.8406502604484558,0.7318509221076965,0.8848766088485718,0.9283392429351807,0.9392214417457581,0.8116048574447632,0.6921015977859497,0.8637511730194092,0.9197900295257568,0.9298964142799377,0.56669020652771,0.40415674448013306,0.8716626763343811,0.8369878530502319,0.9012247920036316,0.322157084941864,0.192247211933136,0.0,0.0,0.6686537265777588
28,1.5275554656982422,0.15636543929576874,0.17022928595542908,0.19758237898349762,0.43329086899757385,0.5700873136520386,0.8490082025527954,0.7444330453872681,0.8960025310516357,0.91861492395401,0.9392379522323608,0.8417146801948547,0.7339679002761841,0.8868210911750793,0.9199607968330383,0.9369332790374756,0.8158513307571411,0.6981849670410156,0.8685439229011536,0.9111706018447876,0.9283861517906189,0.5708873271942139,0.4077486991882324,0.8802796006202698,0.8391047716140747,0.904403030872345,0.3218357563018799,0.19201141595840454,0.0,0.0,0.6686537265777588
29,1.4636622667312622,0.14077168703079224,0.15470895171165466,0.18008874356746674,0.42680230736732483,0.5612906813621521,0.8597752451896667,0.7583309412002563,0.9114944338798523,0.9227846264839172,0.9454020261764526,0.8488381505012512,0.7422701120376587,0.8994144797325134,0.9230412244796753,0.9418240785598755,0.8241448402404785,0.7080239653587341,0.8855535387992859,0.9164702892303467,0.9353350400924683,0.5750316381454468,0.41175907850265503,0.8940016031265259,0.8456939458847046,0.9108285307884216,0.3253247141838074,0.1944153755903244,0.0,0.0,0.6686537265777588
30,1.452933669090271,0.13740956783294678,0.15049919486045837,0.17610237002372742,0.4283556342124939,0.5605669617652893,0.866428554058075,0.7683224678039551,0.9155526757240295,0.9267404675483704,0.9480374455451965,0.8552467226982117,0.7529569268226624,0.9012312293052673,0.9261457920074463,0.9434603452682495,0.8302632570266724,0.7181903123855591,0.884763777256012,0.9213613867759705,0.9367952942848206,0.5726069211959839,0.4102511405944824,0.8896962404251099,0.8514626026153564,0.9120239019393921,0.3262161910533905,0.195095032453537,0.0,0.0,0.6686537265777588
31,1.4490082263946533,0.13998155295848846,0.14920854568481445,0.17337815463542938,0.42577821016311646,0.5606616735458374,0.8606828451156616,0.7606291770935059,0.9102222323417664,0.92884761095047,0.9471491575241089,0.854876697063446,0.7517510056495667,0.9013379216194153,0.9319987893104553,0.9455179572105408,0.8310911059379578,0.7183442115783691,0.8889102935791016,0.9264957904815674,0.9398235082626343,0.5737540125846863,0.4114680290222168,0.898289680480957,0.8555039167404175,0.9160259366035461,0.3256351351737976,0.19464275240898132,0.0,0.0,0.6686537265777588
32,1.434507966041565,0.13150839507579803,0.14537279307842255,0.17407836019992828,0.42652660608291626,0.5570217967033386,0.8689911961555481,0.7738410234451294,0.9173601269721985,0.9300531148910522,0.9497572779655457,0.8591620326042175,0.76030433177948,0.9087198376655579,0.9309257864952087,0.9474131464958191,0.833225429058075,0.7240149974822998,0.893432080745697,0.9225873947143555,0.939849317073822,0.572117805480957,0.4109093248844147,0.900822103023529,0.8525123596191406,0.9154989719390869,0.3270188271999359,0.19566217064857483,0.0,0.0,0.6686537265777588
33,1.4679025411605835,0.14262643456459045,0.15429532527923584,0.1778227686882019,0.43167439103126526,0.5614833235740662,0.8569852113723755,0.7554627060890198,0.9087424874305725,0.9232472777366638,0.9447299838066101,0.8464228510856628,0.7412678003311157,0.9017918705940247,0.9236237406730652,0.9427502751350403,0.8220327496528625,0.7083951830863953,0.8859845399856567,0.9189864993095398,0.9363418817520142,0.565956175327301,0.40574154257774353,0.8884842991828918,0.8443251252174377,0.9087696075439453,0.3238542079925537,0.19344645738601685,0.0,0.0,0.6686537265777588
34,1.4412975311279297,0.13636068999767303,0.14511069655418396,0.1713186800479889,0.4295504689216614,0.5589569807052612,0.8623762130737305,0.7641218304634094,0.9138476252555847,0.9255111217498779,0.9470831751823425,0.8544106483459473,0.7529837489128113,0.9088687300682068,0.9274609684944153,0.9462502598762512,0.8269408941268921,0.7150061726570129,0.8918928503990173,0.9202882051467896,0.9385818243026733,0.5675461888313293,0.40719446539878845,0.8941627740859985,0.8488691449165344,0.912182629108429,0.32458215951919556,0.19394773244857788,0.0,0.0,0.6686537265777588
35,1.453310251235962,0.14148491621017456,0.14901103079319,0.17220276594161987,0.42796000838279724,0.562651515007019,0.8617266416549683,0.7631129622459412,0.9046148061752319,0.9303475618362427,0.9459537267684937,0.8583407402038574,0.7587694525718689,0.8989920020103455,0.9320465922355652,0.9448137879371643,0.8355008363723755,0.7268397212028503,0.8874596953392029,0.9262022972106934,0.9392804503440857,0.5713406801223755,0.40948349237442017,0.8898147940635681,0.8592199683189392,0.9151826500892639,0.3257959187030792,0.19483664631843567,0.0,0.0,0.6686537265777588
36,1.4175173044204712,0.1312141716480255,0.13825295865535736,0.16546136140823364,0.42610272765159607,0.5564859509468079,0.8684135675430298,0.7724749445915222,0.9203484654426575,0.9279937744140625,0.949945330619812,0.8624679446220398,0.7642146348953247,0.9117150902748108,0.9326258897781372,0.9489234685897827,0.835227370262146,0.7262465953826904,0.8950415849685669,0.9237094521522522,0.9407283663749695,0.5710757970809937,0.40970128774642944,0.8950173854827881,0.8557869791984558,0.9152394533157349,0.3269810378551483,0.1956339329481125,0.0,0.0,0.6686537265777588
37,1.4166710376739502,0.12775366008281708,0.13713721930980682,0.16656844317913055,0.42777568101882935,0.5574358701705933,0.8730800747871399,0.7783632278442383,0.9165738224983215,0.9332412481307983,0.950631856918335,0.8667422533035278,0.7690209746360779,0.9108911752700806,0.9336621761322021,0.9490293860435486,0.83946293592453,0.7298408150672913,0.8887755870819092,0.9281615614891052,0.9403528571128845,0.5694213509559631,0.4075569212436676,0.8885311484336853,0.8636572957038879,0.9165874719619751,0.32810917496681213,0.19640184938907623,0.0,0.0,0.6686537265777588
38,1.436201810836792,0.13202616572380066,0.14367349445819855,0.1688995063304901,0.4331120550632477,0.5584905743598938,0.8659681081771851,0.7681561708450317,0.9183605909347534,0.9298803806304932,0.9500030279159546,0.8603947758674622,0.7604248523712158,0.9104567170143127,0.9311979413032532,0.9480406641960144,0.8310421109199524,0.7195127010345459,0.8917151689529419,0.9268409013748169,0.9407979249954224,0.5614056587219238,0.4020937979221344,0.8850124478340149,0.8565303087234497,0.9127804040908813,0.3259961009025574,0.19492372870445251,0.0,0.0,0.6686537265777588
39,1.3614956140518188,0.11954671144485474,0.12533144652843475,0.14640289545059204,0.419249951839447,0.5509639382362366,0.879248321056366,0.7876971960067749,0.9223678112030029,0.9384859800338745,0.9542444944381714,0.8758260011672974,0.7825830578804016,0.9172438979148865,0.9388549327850342,0.9527852535247803,0.8531230092048645,0.7493060827255249,0.9045852422714233,0.9345288872718811,0.9473861455917358,0.5764512419700623,0.41379791498184204,0.9020466804504395,0.8777180910110474,0.925902783870697,0.33068183064460754,0.19820770621299744,0.0,0.0,0.6686537265777588
40,1.3866772651672363,0.1210266500711441,0.1300690472126007,0.15631744265556335,0.42417851090431213,0.5550855398178101,0.8825351595878601,0.7935915589332581,0.9167752861976624,0.9418573975563049,0.9536715149879456,0.8760800361633301,0.7837920784950256,0.9106336236000061,0.9419430494308472,0.9517912268638611,0.8513398170471191,0.7478402853012085,0.8953884840011597,0.9333767294883728,0.9441604614257812,0.5726392865180969,0.4107305109500885,0.894743025302887,0.8678898215293884,0.9199948906898499,0.32997560501098633,0.19775348901748657,0.0,0.0,0.6686537265777588
41,1.3517042398452759,0.11652687937021255,0.12339295446872711,0.14734473824501038,0.41971641778945923,0.544723391532898,0.8774417638778687,0.7874181270599365,0.9378516674041748,0.9239621162414551,0.9538337588310242,0.8736451864242554,0.781995415687561,0.9311750531196594,0.9277603030204773,0.953170657157898,0.8497593998908997,0.7465289831161499,0.9160411953926086,0.9208933711051941,0.9461069703102112,0.5763726830482483,0.4142669141292572,0.910992443561554,0.8697208166122437,0.9252917170524597,0.3311018943786621,0.19855040311813354,0.0,0.0,0.6686537265777588
42,1.385987401008606,0.12779197096824646,0.12956294417381287,0.15246990323066711,0.42174944281578064,0.5544129610061646,0.877906322479248,0.785929799079895,0.9165001511573792,0.9378048777580261,0.9521926641464233,0.8757308721542358,0.7829189300537109,0.9155699014663696,0.9401735067367554,0.9527198672294617,0.8522810935974121,0.7486441731452942,0.902873694896698,0.9359935522079468,0.9473597407341003,0.5739325284957886,0.411756694316864,0.8988803029060364,0.8739230632781982,0.9235262274742126,0.3299587070941925,0.19772964715957642,0.0,0.0,0.6686537265777588
43,1.376252293586731,0.12101025879383087,0.12720003724098206,0.15210458636283875,0.4215072989463806,0.5544296503067017,0.8867491483688354,0.7990792989730835,0.9146212935447693,0.9381124973297119,0.9517173767089844,0.8858796954154968,0.7979529500007629,0.9123778343200684,0.9408103227615356,0.9519471526145935,0.8643801808357239,0.7655919194221497,0.896769642829895,0.93863445520401,0.9463686347007751,0.5758206248283386,0.4124894142150879,0.8951029777526855,0.8829197883605957,0.925913393497467,0.3324200510978699,0.19950084388256073,0.0,0.0,0.6686537265777588
44,1.3792986869812012,0.12242323160171509,0.12871089577674866,0.15138785541057587,0.42534828186035156,0.5514281988143921,0.8782111406326294,0.7866690158843994,0.9255406856536865,0.9293264150619507,0.9520061612129211,0.8755761384963989,0.7835148572921753,0.9206470251083374,0.933020293712616,0.9518075585365295,0.8540462255477905,0.7518413066864014,0.9051950573921204,0.9292803406715393,0.9457613825798035,0.5690455436706543,0.40766972303390503,0.897399365901947,0.8770915269851685,0.9243354797363281,0.33029890060424805,0.19796273112297058,0.0,0.0,0.6686537265777588
45,1.3147997856140137,0.11064877361059189,0.11396153271198273,0.1312909871339798,0.41392773389816284,0.5449707508087158,0.889269232749939,0.804207980632782,0.9292106032371521,0.9413565993309021,0.9573636651039124,0.8859623670578003,0.7997052669525146,0.9253280758857727,0.9418525695800781,0.956328809261322,0.8669437170028687,0.7710406184196472,0.916702389717102,0.9389634728431702,0.9526548981666565,0.5795776844024658,0.41758981347084045,0.910911500453949,0.8882788419723511,0.932519257068634,0.3337840139865875,0.20046058297157288,0.0,0.0,0.6686537265777588
46,1.3184866905212402,0.10982269048690796,0.11393032968044281,0.1331305354833603,0.4169609546661377,0.5446416139602661,0.8892496824264526,0.8037183880805969,0.9302179217338562,0.9386196732521057,0.9567219018936157,0.8865609169006348,0.799688994884491,0.9284530282020569,0.9422394037246704,0.9574344754219055,0.8644029498100281,0.7672045230865479,0.9167641997337341,0.9382548332214355,0.9524297118186951,0.575926661491394,0.41431134939193726,0.9108205437660217,0.8833118677139282,0.9305824041366577,0.33321818709373474,0.2000596821308136,0.0,0.0,0.6686537265777588
47,1.348146677017212,0.11965618282556534,0.12176211923360825,0.1421327143907547,0.4157986640930176,0.5487971901893616,0.8866202235221863,0.7995905876159668,0.9248360991477966,0.9389037489891052,0.9551540613174438,0.8857356905937195,0.7987069487571716,0.922288715839386,0.9433091282844543,0.9558849334716797,0.8663344383239746,0.7704269289970398,0.9129266142845154,0.9351581335067749,0.9501742124557495,0.5786746740341187,0.4162018895149231,0.9093833565711975,0.8849196434020996,0.9307889342308044,0.3332318663597107,0.20009419322013855,0.0,0.0,0.6686537265777588
48,1.351858377456665,0.1151234358549118,0.12386631965637207,0.1441631317138672,0.4197630286216736,0.5489423274993896,0.888035774230957,0.801934540271759,0.9255717992782593,0.9391573667526245,0.9554701447486877,0.8831250071525574,0.7947591543197632,0.9215412139892578,0.9377503991127014,0.9537333250045776,0.8654394149780273,0.7683607935905457,0.9096224308013916,0.9361705183982849,0.9495038390159607,0.5736635327339172,0.41204047203063965,0.904443621635437,0.886400043964386,0.9299306273460388,0.3321290612220764,0.19927890598773956,0.0,0.0,0.6686537265777588
49,1.3327081203460693,0.11646512895822525,0.12084192037582397,0.1329464316368103,0.41604653000831604,0.5464082956314087,0.883213996887207,0.7945439219474792,0.9255706667900085,0.9357998371124268,0.9542981386184692,0.8801721334457397,0.7903522849082947,0.9235378503799438,0.9359856247901917,0.9537357091903687,0.8637281656265259,0.766527533531189,0.9159225821495056,0.9374649524688721,0.9518966674804688,0.5750724673271179,0.41425570845603943,0.9113858342170715,0.8851193785667419,0.9314431548118591,0.33145400881767273,0.19881492853164673,0.0,0.0,0.6686537265777588
50,1.3236838579177856,0.11407268047332764,0.1147911325097084,0.13192100822925568,0.4179885983467102,0.5449106097221375,0.8873792886734009,0.8005490303039551,0.9326839447021484,0.9332534074783325,0.9555923342704773,0.8864997029304504,0.7998841404914856,0.929651141166687,0.9374865293502808,0.956149697303772,0.8678595423698425,0.7724809050559998,0.9173244833946228,0.936902642250061,0.9521356225013733,0.5747681856155396,0.41297370195388794,0.9062269330024719,0.8869032859802246,0.9306380152702332,0.3337462842464447,0.200464129447937,0.0,0.0,0.6686537265777588
51,1.3574204444885254,0.11719413846731186,0.12316863238811493,0.14631885290145874,0.4196661412715912,0.5510724186897278,0.8864429593086243,0.7996352910995483,0.9239246845245361,0.9348418712615967,0.9534549713134766,0.8830270767211914,0.7950644493103027,0.9150353670120239,0.9408929944038391,0.9528006315231323,0.8650854825973511,0.7689221501350403,0.9013079404830933,0.9365478157997131,0.9470652341842651,0.5755185484886169,0.41334253549575806,0.896470308303833,0.892356812953949,0.929864227771759,0.33238479495048523,0.1995234191417694,0.0,0.0,0.6686537265777588
52,1.326538324356079,0.11536214500665665,0.11638177931308746,0.13519242405891418,0.4138014316558838,0.5458006858825684,0.8923590779304504,0.8079546093940735,0.9269437193870544,0.9375194311141968,0.9553239345550537,0.8898574113845825,0.8041890263557434,0.9273766279220581,0.9393792152404785,0.9561067223548889,0.8737190365791321,0.7799338102340698,0.9163478016853333,0.9362915754318237,0.9516222476959229,0.579157829284668,0.4168528616428375,0.91100013256073,0.8946282267570496,0.9349567294120789,0.3343024253845215,0.2008204162120819,0.0,0.0,0.6686537265777588
53,1.3786481618881226,0.126164510846138,0.12865911424160004,0.1498062163591385,0.42162925004959106,0.5523892045021057,0.8816860914230347,0.7931332588195801,0.9205176830291748,0.9350216388702393,0.9524675011634827,0.8837281465530396,0.7968435883522034,0.9178958535194397,0.9397112727165222,0.9532824158668518,0.8680394291877747,0.773248553276062,0.9051198363304138,0.9393494129180908,0.9491977691650391,0.5722239017486572,0.4104945659637451,0.8991950154304504,0.8897765278816223,0.9296899437904358,0.33226126432418823,0.19940510392189026,0.0,0.0,0.6686537265777588
54,1.2789560556411743,0.10358692705631256,0.1035805493593216,0.1206575483083725,0.4110305905342102,0.5401002764701843,0.8967779278755188,0.8151112794876099,0.9380604028701782,0.941128134727478,0.9600331783294678,0.8979089856147766,0.8170682191848755,0.9361005425453186,0.9461612105369568,0.9611775875091553,0.8809199333190918,0.791137158870697,0.9266251921653748,0.9419171214103699,0.9567544460296631,0.5782908797264099,0.41683903336524963,0.9190225601196289,0.9022229313850403,0.9401671290397644,0.33629417419433594,0.2022494524717331,0.0,0.0,0.6686537265777588
55,1.2650773525238037,0.09897936880588531,0.10213398933410645,0.11595581471920013,0.4096929430961609,0.538314938545227,0.8980910181999207,0.817745566368103,0.9386436939239502,0.9435373544692993,0.9610581994056702,0.8949025273323059,0.8133694529533386,0.9344369769096375,0.9477818012237549,0.9612172245979309,0.8768420219421387,0.7870758771896362,0.9297984838485718,0.943231999874115,0.9581969976425171,0.5787510275840759,0.4182717204093933,0.9210546016693115,0.8954469561576843,0.938207745552063,0.33582764863967896,0.20195241272449493,0.0,0.0,0.6686537265777588
56,1.2782716751098633,0.10561114549636841,0.10346190631389618,0.11952747404575348,0.4085457921028137,0.5411251783370972,0.8969635963439941,0.8162860870361328,0.9286667704582214,0.9455544352531433,0.9586458802223206,0.8960634469985962,0.8155070543289185,0.9300916790962219,0.9478119015693665,0.9598671197891235,0.8792769312858582,0.7902044057846069,0.92293381690979,0.9435463547706604,0.9561673402786255,0.5805929899215698,0.4195311963558197,0.9200679659843445,0.9014634490013123,0.9401912689208984,0.3347814381122589,0.20120146870613098,0.0,0.0,0.6686537265777588
57,1.324459195137024,0.1170244812965393,0.11357246339321136,0.13274767994880676,0.41455888748168945,0.5465556979179382,0.8895379304885864,0.8051549196243286,0.9229169487953186,0.9385393857955933,0.9544330835342407,0.8921090960502625,0.8098069429397583,0.9242839217185974,0.9437705874443054,0.9566650390625,0.8759662508964539,0.7857987880706787,0.9145157337188721,0.939581573009491,0.9521897435188293,0.5783404111862183,0.41584816575050354,0.9082390069961548,0.89454185962677,0.9341171383857727,0.3347286581993103,0.20118550956249237,0.0,0.0,0.6686537265777588
58,1.2936325073242188,0.10788126289844513,0.10746227204799652,0.12445634603500366,0.4126977324485779,0.5411345958709717,0.891889750957489,0.8090664744377136,0.936150074005127,0.9393171668052673,0.9588043093681335,0.8920219540596008,0.8098334074020386,0.9347915649414062,0.9423781633377075,0.959454357624054,0.8762021064758301,0.7865267395973206,0.9246596097946167,0.9399183392524719,0.9554516077041626,0.5779789686203003,0.4166245460510254,0.9141262173652649,0.893308162689209,0.9353702664375305,0.3354196846485138,0.20168812572956085,0.0,0.0,0.6686537265777588
59,1.2913572788238525,0.10542501509189606,0.10490942001342773,0.12378199398517609,0.4150729179382324,0.5421674251556396,0.896105170249939,0.8140155076980591,0.9374237656593323,0.9404144287109375,0.9595849514007568,0.8981348276138306,0.8172119855880737,0.9336686730384827,0.9463751912117004,0.9604915380477905,0.8810566663742065,0.7909401655197144,0.9227258563041687,0.9457220435142517,0.9568480253219604,0.5744920372962952,0.4126743674278259,0.9097456336021423,0.9027266502380371,0.937612771987915,0.3358691334724426,0.2019461840391159,0.0,0.0,0.6686537265777588
60,1.2711880207061768,0.09714898467063904,0.10041166841983795,0.1187187060713768,0.4152592718601227,0.5396493673324585,0.9014018774032593,0.8226200342178345,0.9376294612884521,0.9475690722465515,0.9621431827545166,0.9010357856750488,0.8222460746765137,0.936573326587677,0.9472920298576355,0.9617168307304382,0.8847000002861023,0.7970576286315918,0.9254317283630371,0.9443279504776001,0.9572144746780396,0.5731264352798462,0.4121685028076172,0.9137938618659973,0.9042249321937561,0.9393653869628906,0.33573076128959656,0.20184044539928436,0.0,0.0,0.6686537265777588
61,1.2595648765563965,0.09779635816812515,0.09677103906869888,0.11389146000146866,0.41346144676208496,0.537644624710083,0.8981302976608276,0.817915141582489,0.9430788159370422,0.9429669976234436,0.9622394442558289,0.8987758755683899,0.8192031979560852,0.940205991268158,0.9491018056869507,0.9634806513786316,0.8800711631774902,0.7905808091163635,0.9301143288612366,0.9440867900848389,0.9585912227630615,0.5734552145004272,0.4131637215614319,0.918617308139801,0.8964823484420776,0.9378870725631714,0.33584338426589966,0.20193979144096375,0.0,0.0,0.6686537265777588
62,1.2343345880508423,0.09916357696056366,0.09418274462223053,0.10585339367389679,0.40109866857528687,0.5340365171432495,0.9012583494186401,0.8236483335494995,0.9404584765434265,0.940586268901825,0.9605873227119446,0.9057472944259644,0.8309224843978882,0.9439242482185364,0.9457846879959106,0.9634907841682434,0.8931047320365906,0.8111716508865356,0.9377484321594238,0.9428028464317322,0.9605227112770081,0.5895592570304871,0.4265698492527008,0.9311255216598511,0.9054158926010132,0.9449487328529358,0.3395041525363922,0.20457033812999725,0.0,0.0,0.6686537265777588
63,1.2181546688079834,0.08927643299102783,0.08739449083805084,0.10156750679016113,0.40693584084510803,0.5329803824424744,0.906126856803894,0.8305217623710632,0.9451265335083008,0.949020504951477,0.9649953246116638,0.9081409573554993,0.8340476751327515,0.9449856877326965,0.9525285959243774,0.9661663174629211,0.8906930088996887,0.8069629669189453,0.939354419708252,0.9466041326522827,0.9623482823371887,0.5779040455818176,0.41808372735977173,0.9269748330116272,0.908625602722168,0.9449154138565063,0.3375541567802429,0.203172966837883,0.0,0.0,0.6686537265777588
64,1.2352275848388672,0.09424662590026855,0.09229176491498947,0.10891380161046982,0.40448474884033203,0.535290539264679,0.9062293767929077,0.8315662145614624,0.9431083798408508,0.9456013441085815,0.9631718993186951,0.9102897644042969,0.8381623029708862,0.9410210847854614,0.9510199427604675,0.9643988013267517,0.895694375038147,0.8161693811416626,0.9283363819122314,0.9484459161758423,0.9595344662666321,0.5845593810081482,0.4223751127719879,0.9236407279968262,0.9120506048202515,0.9451866149902344,0.33908993005752563,0.20431745052337646,0.0,0.0,0.6686537265777588
65,1.2158467769622803,0.09176678955554962,0.08865556120872498,0.09800325334072113,0.40544694662094116,0.5319741368293762,0.9065070152282715,0.8314793705940247,0.9428209066390991,0.9462109804153442,0.9632949829101562,0.9100116491317749,0.8376946449279785,0.946517288684845,0.9487166404724121,0.9653255343437195,0.8958579897880554,0.8158228993415833,0.9436333179473877,0.9451566934585571,0.9631803035736084,0.5783501863479614,0.41821736097335815,0.9338195323944092,0.9122515916824341,0.9483088254928589,0.3384931683540344,0.20384880900382996,0.0,0.0,0.6686537265777588
66,1.2432358264923096,0.10104633867740631,0.09354893863201141,0.10440228879451752,0.4084375500679016,0.5358004570007324,0.9021456837654114,0.8239254951477051,0.9384506940841675,0.9432057738304138,0.9608821868896484,0.9106114506721497,0.8375445604324341,0.9424571394920349,0.9481438398361206,0.9638540744781494,0.8985357284545898,0.8179279565811157,0.9344185590744019,0.9466513991355896,0.9608213901519775,0.5778791308403015,0.4161599278450012,0.9257797598838806,0.9136403799057007,0.9464122653007507,0.338440477848053,0.20377770066261292,0.0,0.0,0.6686537265777588
67,1.2462468147277832,0.09763382375240326,0.09531218558549881,0.10929238796234131,0.40664273500442505,0.5373656153678894,0.9065893888473511,0.831447422504425,0.9348433613777161,0.9475968480110168,0.9612807035446167,0.9119663238525391,0.8405801653862,0.9386647939682007,0.9512750506401062,0.9637460112571716,0.8999441862106323,0.8218713998794556,0.9314540028572083,0.9488610029220581,0.9606536626815796,0.5811548233032227,0.41922158002853394,0.9237093925476074,0.9180429577827454,0.9473975896835327,0.33880603313446045,0.20408344268798828,0.0,0.0,0.6686537265777588
68,1.2394495010375977,0.09481772780418396,0.09316275268793106,0.10613115131855011,0.4103080630302429,0.5350297689437866,0.9040755033493042,0.8269152641296387,0.9454308748245239,0.9436574578285217,0.9632147550582886,0.910673975944519,0.8377529382705688,0.9448049664497375,0.949500322341919,0.9650611877441406,0.8968156576156616,0.8158941268920898,0.9366148114204407,0.9487720131874084,0.9622408747673035,0.5753633379936218,0.41453248262405396,0.9240044951438904,0.9130384922027588,0.9456587433815002,0.33840829133987427,0.20376984775066376,0.0,0.0,0.6686537265777588
69,1.2460618019104004,0.0958886370062828,0.0922105461359024,0.10634680837392807,0.41425490379333496,0.5373609066009521,0.9067224264144897,0.8313790559768677,0.9369360208511353,0.9507095217704773,0.9630083441734314,0.9100662469863892,0.8370696902275085,0.9405759572982788,0.9526246190071106,0.9648109674453735,0.8959506154060364,0.815043568611145,0.9322906136512756,0.9493354558944702,0.9610786437988281,0.5710183382034302,0.4107264578342438,0.9169491529464722,0.9158873558044434,0.9445787072181702,0.33730047941207886,0.20299291610717773,0.0,0.0,0.6686537265777588
70,1.2360255718231201,0.0965116024017334,0.09268653392791748,0.10363680124282837,0.4073789715766907,0.5358115434646606,0.9040933847427368,0.8267425298690796,0.9423803687095642,0.9435593485832214,0.9622299075126648,0.910958468914032,0.8383255004882812,0.9392435550689697,0.9501196146011353,0.9635301232337952,0.9005889892578125,0.822036862373352,0.9315822124481201,0.9493708610534668,0.9608685970306396,0.5809773802757263,0.4183788299560547,0.9194696545600891,0.916883111000061,0.9456984400749207,0.338985800743103,0.20417363941669464,0.0,0.0,0.6686537265777588
71,1.2126386165618896,0.09097541868686676,0.08603304624557495,0.09833350032567978,0.40643081068992615,0.5308656096458435,0.9048182368278503,0.8299409747123718,0.9451104402542114,0.9463015198707581,0.9640421271324158,0.9101361036300659,0.8385391235351562,0.9492166042327881,0.9489500522613525,0.9662531614303589,0.8967452049255371,0.8177570104598999,0.9469605088233948,0.9426470398902893,0.9633349180221558,0.5772201418876648,0.4171202778816223,0.9339188933372498,0.9108264446258545,0.9478078484535217,0.33833402395248413,0.20375549793243408,0.0,0.0,0.6686537265777588
72,1.2012736797332764,0.09437381476163864,0.08756933361291885,0.09229686111211777,0.39719101786613464,0.5298427939414978,0.907758891582489,0.8335161209106445,0.9435887932777405,0.9423235058784485,0.9621717929840088,0.9150320291519165,0.845332145690918,0.9485711455345154,0.9465402364730835,0.9652075171470642,0.9076164960861206,0.8333485722541809,0.946748673915863,0.9483131766319275,0.9652574062347412,0.5879760980606079,0.42581409215927124,0.9400866627693176,0.9216547012329102,0.9536693692207336,0.340800940990448,0.2054855078458786,0.0,0.0,0.6686537265777588
73,1.2394438982009888,0.09826639294624329,0.09240482747554779,0.10316059738397598,0.41061514616012573,0.5349966883659363,0.9055301547050476,0.8293519020080566,0.9414359331130981,0.9405902028083801,0.9608920812606812,0.909875214099884,0.8367697596549988,0.9435078501701355,0.9488188624382019,0.9644177556037903,0.8986746072769165,0.8195805549621582,0.9378424286842346,0.9469656944274902,0.9620009064674377,0.5743027925491333,0.41387683153152466,0.9238659739494324,0.9115121364593506,0.9450557827949524,0.3380649983882904,0.20354178547859192,0.0,0.0,0.6686537265777588
74,1.2016550302505493,0.09097660332918167,0.08964236080646515,0.09605147689580917,0.3944600522518158,0.5305243730545044,0.9136235117912292,0.8428522348403931,0.942945659160614,0.9470682144165039,0.9636328220367432,0.9161602854728699,0.8473076820373535,0.9452908039093018,0.949678361415863,0.9652754664421082,0.9076756238937378,0.8337556719779968,0.9424870610237122,0.9460967183113098,0.9631507992744446,0.5921908020973206,0.4293850362300873,0.936473548412323,0.9228246212005615,0.9530007839202881,0.3414667248725891,0.20599794387817383,0.0,0.0,0.6686537265777588
75,1.201053500175476,0.08736754953861237,0.08536411076784134,0.09591518342494965,0.40101712942123413,0.5313896536827087,0.9114829897880554,0.8393881916999817,0.9471086263656616,0.9484845399856567,0.965429961681366,0.9158145189285278,0.847152054309845,0.9461196660995483,0.9523767232894897,0.9664708375930786,0.907748818397522,0.8347489237785339,0.9397312998771667,0.9503580927848816,0.9637654423713684,0.5843098163604736,0.4229774475097656,0.9316439628601074,0.9198684096336365,0.9504593014717102,0.3408091962337494,0.20552568137645721,0.0,0.0,0.6686537265777588
76,1.2374050617218018,0.09628048539161682,0.0924280434846878,0.10939262807369232,0.40426668524742126,0.535037100315094,0.9074490666389465,0.8321675062179565,0.9465667605400085,0.9428918957710266,0.9632987976074219,0.9145021438598633,0.8436695337295532,0.9442500472068787,0.9496344923973083,0.9649336338043213,0.9047401547431946,0.8279964327812195,0.935238242149353,0.949821949005127,0.962170422077179,0.5825554132461548,0.4206957221031189,0.9244155287742615,0.9235503673553467,0.949600338935852,0.3402177691459656,0.20508500933647156,0.0,0.0,0.6686537265777588
77,1.1790204048156738,0.08589271456003189,0.08213239163160324,0.08661326766014099,0.3954106867313385,0.5289714932441711,0.9145916700363159,0.8444721102714539,0.9435193538665771,0.9522285461425781,0.9656012058258057,0.9174586534500122,0.8493172526359558,0.9483051896095276,0.9537414908409119,0.967630922794342,0.9105240106582642,0.8381935358047485,0.9475054144859314,0.9523725509643555,0.9669055938720703,0.5887107849121094,0.42683395743370056,0.9410602450370789,0.9234871864318848,0.9546358585357666,0.34144243597984314,0.20595474541187286,0.0,0.0,0.6686537265777588
78,1.1810266971588135,0.08268065750598907,0.0796363353729248,0.08733075112104416,0.40289106965065,0.528488278388977,0.9137246012687683,0.8430688977241516,0.9509205222129822,0.9503887295722961,0.9672899842262268,0.9177275896072388,0.8498002290725708,0.9512800574302673,0.9527751803398132,0.9682336449623108,0.9094134569168091,0.836468517780304,0.9470072984695435,0.9526365399360657,0.9668400883674622,0.5797324180603027,0.41914209723472595,0.934746265411377,0.9241644144058228,0.9529628753662109,0.34086063504219055,0.20554904639720917,0.0,0.0,0.6686537265777588
79,1.1816818714141846,0.0879182443022728,0.07944945991039276,0.08960505574941635,0.39659982919692993,0.5281093120574951,0.9142471551895142,0.8434427976608276,0.9486076235771179,0.9455381631851196,0.9648669958114624,0.9226220846176147,0.8572908639907837,0.9518073797225952,0.952921986579895,0.968450665473938,0.9156103134155273,0.8456382751464844,0.9475457668304443,0.950302004814148,0.9661999940872192,0.5892176032066345,0.4264359474182129,0.9372215270996094,0.9250463247299194,0.9540360569953918,0.342934787273407,0.20702674984931946,0.0,0.0,0.6686537265777588
80,1.1775293350219727,0.084621362388134,0.07815276831388474,0.08752569556236267,0.3988977074623108,0.5283320546150208,0.9136725664138794,0.8431029319763184,0.9474743604660034,0.9491779804229736,0.965786337852478,0.92140132188797,0.8557335138320923,0.9513149857521057,0.9544224143028259,0.9688156247138977,0.9124447703361511,0.841524600982666,0.9464482069015503,0.9520825147628784,0.9664725065231323,0.5844234824180603,0.4228920340538025,0.9356549978256226,0.9241809844970703,0.9532452821731567,0.3415753245353699,0.2060684859752655,0.0,0.0,0.6686537265777588
81,1.1638368368148804,0.0791344866156578,0.07493430376052856,0.08429288119077682,0.39858478307724,0.5268903374671936,0.9180464744567871,0.8500868082046509,0.9526370167732239,0.9533727765083313,0.968868613243103,0.9243815541267395,0.8608539700508118,0.9541459679603577,0.9558494687080383,0.9702033996582031,0.915360152721405,0.846193790435791,0.9481939077377319,0.9534595012664795,0.9674984216690063,0.5852442979812622,0.42327451705932617,0.9355748295783997,0.9270666241645813,0.9542649388313293,0.34281113743782043,0.20695176720619202,0.0,0.0,0.6686537265777588
82,1.1949312686920166,0.08567575365304947,0.08265560865402222,0.09434692561626434,0.40100687742233276,0.5312463641166687,0.9152406454086304,0.8455135226249695,0.9471516013145447,0.9512866735458374,0.9664180874824524,0.9208886027336121,0.8552203178405762,0.9472947716712952,0.9553608894348145,0.9678701758384705,0.9118670225143433,0.8409959077835083,0.9415990114212036,0.9536415338516235,0.9654823541641235,0.5825933814048767,0.4217700958251953,0.9304896593093872,0.9250052571296692,0.9519714117050171,0.3411337435245514,0.20577171444892883,0.0,0.0,0.6686537265777588
83,1.179024338722229,0.084596648812294,0.07973287254571915,0.08831724524497986,0.39922860264778137,0.5271490812301636,0.9136874079704285,0.8434240221977234,0.9525974988937378,0.9454794526100159,0.9660921692848206,0.9214323163032532,0.8566142320632935,0.9542461633682251,0.9517377018928528,0.9688059687614441,0.9122582674026489,0.8420768976211548,0.9503110647201538,0.9488611221313477,0.9665651917457581,0.5834728479385376,0.42251983284950256,0.9384514689445496,0.9245901107788086,0.9542447328567505,0.34173130989074707,0.20619556307792664,0.0,0.0,0.6686537265777588
84,1.1766541004180908,0.08495794236660004,0.07969851791858673,0.08536911010742188,0.3976394236087799,0.5289891958236694,0.9174700975418091,0.8488327860832214,0.9478113055229187,0.951643705368042,0.9667493104934692,0.924048900604248,0.8600537180900574,0.9488044381141663,0.9568157196044922,0.968847393989563,0.9179285168647766,0.8500922918319702,0.9466726779937744,0.9552474617958069,0.9676347374916077,0.5840742588043213,0.4232708811759949,0.9384621977806091,0.9298874139785767,0.9561639428138733,0.3422146439552307,0.2065242975950241,0.0,0.0,0.6686537265777588
85,1.1876252889633179,0.086805060505867,0.0817207619547844,0.09066545963287354,0.399333655834198,0.5291004180908203,0.9130538105964661,0.8418124318122864,0.9504572749137878,0.9466102719306946,0.9658218622207642,0.9208729863166809,0.8546186685562134,0.9511584043502808,0.9517475366592407,0.9678381681442261,0.9137757420539856,0.8430215716362,0.9466166496276855,0.9501363635063171,0.9658507108688354,0.5841931104660034,0.4224383234977722,0.9351165890693665,0.9265921115875244,0.9539539217948914,0.34187230467796326,0.20626290142536163,0.0,0.0,0.6686537265777588
86,1.1648178100585938,0.08067206293344498,0.07429289817810059,0.08107517659664154,0.4030541777610779,0.5257238745689392,0.9173370599746704,0.8487460017204285,0.9522241353988647,0.9507409930229187,0.9678223729133606,0.9237384796142578,0.8597976565361023,0.9588708281517029,0.9530555009841919,0.9707221984863281,0.9146575927734375,0.8454772233963013,0.9540392756462097,0.9519806504249573,0.96882563829422,0.574569582939148,0.41563716530799866,0.9403080940246582,0.9260149598121643,0.9553282260894775,0.34141531586647034,0.20596246421337128,0.0,0.0,0.6686537265777588
87,1.1762053966522217,0.082639679312706,0.08005926012992859,0.08691269159317017,0.39837446808815,0.5282191038131714,0.9189008474349976,0.8513902425765991,0.9503912925720215,0.9503143429756165,0.9670978784561157,0.9258080720901489,0.8629814386367798,0.951677680015564,0.9533712267875671,0.9685657620429993,0.9184242486953735,0.8507120013237,0.946096658706665,0.9535071849822998,0.9668538570404053,0.5821072459220886,0.42137831449508667,0.9374505877494812,0.9313609600067139,0.9563825130462646,0.34213268756866455,0.20645949244499207,0.0,0.0,0.6686537265777588
88,1.1528526544570923,0.07932965457439423,0.07296660542488098,0.07872037589550018,0.39609044790267944,0.5257455706596375,0.9195325970649719,0.8528028726577759,0.9510371685028076,0.9533336162567139,0.9683508276939392,0.924599289894104,0.861598014831543,0.9552028775215149,0.9570233821868896,0.9709435701370239,0.9166005253791809,0.8490957021713257,0.9528976082801819,0.9563419222831726,0.9699789881706238,0.5843967795372009,0.42402416467666626,0.942132830619812,0.9290805459022522,0.9569969177246094,0.34248703718185425,0.206750750541687,0.0,0.0,0.6686537265777588
89,1.2241079807281494,0.09405000507831573,0.09339040517807007,0.10266151279211044,0.40214014053344727,0.5318659543991089,0.910243809223175,0.8385788798332214,0.9484851956367493,0.9402997493743896,0.9629771113395691,0.9158600568771362,0.8481834530830383,0.9468434453010559,0.9476955533027649,0.9650714993476868,0.9091057777404785,0.8374929428100586,0.941822350025177,0.9471461772918701,0.963308572769165,0.5802160501480103,0.419935941696167,0.9321892857551575,0.923194408416748,0.951833963394165,0.34017354249954224,0.20508070290088654,0.0,0.0,0.6686537265777588
90,1.1601837873458862,0.08021264523267746,0.07389739155769348,0.08090957254171371,0.39880234003067017,0.5263618230819702,0.9190505743026733,0.8516263961791992,0.9530307650566101,0.9503800272941589,0.9679496884346008,0.9248747825622559,0.861548125743866,0.9551563858985901,0.9566153287887573,0.9707878232002258,0.9173294305801392,0.8489294052124023,0.9513975381851196,0.954450786113739,0.9688514471054077,0.580493152141571,0.42037397623062134,0.9385305047035217,0.9303615689277649,0.9563552737236023,0.34195950627326965,0.20634619891643524,0.0,0.0,0.6686537265777588
91,1.212462306022644,0.091030053794384,0.08666140586137772,0.10033652931451797,0.40096086263656616,0.5334734916687012,0.9153164029121399,0.8450968861579895,0.945245087146759,0.9469578266143799,0.9643136262893677,0.923127293586731,0.8583596348762512,0.9458215236663818,0.9533098936080933,0.9666990637779236,0.9154052734375,0.845899224281311,0.9375219941139221,0.9525522589683533,0.9638245701789856,0.5831236839294434,0.4213342070579529,0.9277147054672241,0.9317806959152222,0.953542947769165,0.3417602479457855,0.2062084674835205,0.0,0.0,0.6686537265777588
92,1.1477867364883423,0.07768913358449936,0.072269968688488,0.07730833441019058,0.3958677053451538,0.5246514678001404,0.9199755787849426,0.8534932136535645,0.9550608396530151,0.9511083364486694,0.9688422083854675,0.926826000213623,0.8650261759757996,0.9565889835357666,0.9569859504699707,0.9713693261146545,0.9214292764663696,0.8561460375785828,0.9541110396385193,0.9554519653320312,0.9700547456741333,0.5854424834251404,0.4237285256385803,0.9421581625938416,0.932876706123352,0.9583719968795776,0.3436022400856018,0.20751526951789856,0.0,0.0,0.6686537265777588
93,1.1378297805786133,0.07591395080089569,0.06982937455177307,0.07350347191095352,0.39363548159599304,0.5249473452568054,0.9241236448287964,0.8599817156791687,0.949515163898468,0.9574961066246033,0.9693059325218201,0.9313598871231079,0.8724325895309448,0.9539353251457214,0.960893988609314,0.971872866153717,0.9267293810844421,0.8647360801696777,0.9541171789169312,0.9591755270957947,0.9713411927223206,0.5868848562240601,0.4253489077091217,0.9414106011390686,0.9370959401130676,0.9596475958824158,0.3438885509967804,0.20773212611675262,0.0,0.0,0.6686537265777588
94,1.109499454498291,0.07090670615434647,0.0651886910200119,0.0681699737906456,0.38556259870529175,0.5196715593338013,0.9298397302627563,0.8699085116386414,0.9617712497711182,0.9528864026069641,0.9715765714645386,0.9356913566589355,0.8801276087760925,0.9633630514144897,0.9582175016403198,0.9739416837692261,0.9310017824172974,0.8723527193069458,0.9617961645126343,0.9577085375785828,0.9732683897018433,0.5960236191749573,0.4334487020969391,0.9515460133552551,0.9388575553894043,0.9634118676185608,0.3471761643886566,0.2101275473833084,0.0,0.0,0.6686537265777588
95,1.1510088443756104,0.07759187370538712,0.0727485939860344,0.0791744589805603,0.39718562364578247,0.5243083238601685,0.92200767993927,0.8565748333930969,0.9556349515914917,0.9511987566947937,0.9690542817115784,0.9288155436515808,0.8682328462600708,0.9584152698516846,0.9547203183174133,0.9711597561836243,0.9217583537101746,0.8570661544799805,0.9552174210548401,0.953581690788269,0.9697545170783997,0.582988440990448,0.42225661873817444,0.9406154751777649,0.9306140542030334,0.9570853114128113,0.34369009733200073,0.20761480927467346,0.0,0.0,0.6686537265777588
96,1.1420414447784424,0.0747971385717392,0.0709267258644104,0.07778268307447433,0.3938324749469757,0.5247021913528442,0.9266089200973511,0.8644672632217407,0.9561085104942322,0.953575849533081,0.9700334072113037,0.9327055215835571,0.8748669624328613,0.9557496905326843,0.9579071998596191,0.9714219570159912,0.9272161722183228,0.8655562400817871,0.9512137174606323,0.9575621485710144,0.9698664546012878,0.5887571573257446,0.4259839951992035,0.9414021372795105,0.9367475509643555,0.9595212340354919,0.34513750672340393,0.20863774418830872,0.0,0.0,0.6686537265777588
97,1.1553412675857544,0.07521393895149231,0.07364707440137863,0.085384801030159,0.39437779784202576,0.5267176032066345,0.9250911474227905,0.8618036508560181,0.954551637172699,0.9554444551467896,0.9701912999153137,0.9307296872138977,0.8715119361877441,0.9520571827888489,0.9588809609413147,0.9705866575241089,0.9256638288497925,0.8631788492202759,0.9474256038665771,0.9574702382087708,0.9686354398727417,0.5887690782546997,0.4265294075012207,0.9372026920318604,0.9374455213546753,0.9584705233573914,0.34462398290634155,0.20827841758728027,0.0,0.0,0.6686537265777588
98,1.1586428880691528,0.07717734575271606,0.07307682931423187,0.08266057819128036,0.3997005820274353,0.526027262210846,0.9199771881103516,0.8536590337753296,0.9552462100982666,0.9519033432006836,0.9691783785820007,0.9260510206222534,0.8639411926269531,0.9555482268333435,0.9577822089195251,0.9713150262832642,0.9187113642692566,0.8521450161933899,0.9501656293869019,0.9548121690750122,0.9685876369476318,0.5813982486724854,0.4202866554260254,0.9373343586921692,0.9301488995552063,0.9559122920036316,0.342727929353714,0.20690491795539856,0.0,0.0,0.6686537265777588
99,1.1256388425827026,0.0752992182970047,0.07022242993116379,0.07284092158079147,0.3852251172065735,0.5220510959625244,0.9267278909683228,0.8643749356269836,0.9560893177986145,0.9518197178840637,0.9694144129753113,0.9328032732009888,0.8749149441719055,0.9578906893730164,0.9568265676498413,0.9717260003089905,0.9296172261238098,0.8695682287216187,0.956997275352478,0.9562321901321411,0.971237301826477,0.5962721705436707,0.4336819648742676,0.9517071843147278,0.9370357394218445,0.9628087282180786,0.3462373614311218,0.2094259262084961,0.0,0.0,0.6686537265777588
100,1.1517102718353271,0.07568540424108505,0.0729275643825531,0.08104448020458221,0.3963291645050049,0.525723934173584,0.9219814538955688,0.8565561175346375,0.9551790356636047,0.9538400769233704,0.9698323607444763,0.9286576509475708,0.867913544178009,0.954376220703125,0.9582857489585876,0.9711172580718994,0.9245837330818176,0.8613556027412415,0.950893223285675,0.9574810862541199,0.9697371125221252,0.5838735699653625,0.42272448539733887,0.940619707107544,0.9375019073486328,0.9595471620559692,0.3436310291290283,0.2075636386871338,0.0,0.0,0.6686537265777588
101,1.13213050365448,0.07340951263904572,0.07013378292322159,0.07781574875116348,0.3863076865673065,0.5244637727737427,0.9277795553207397,0.8664256930351257,0.9542899131774902,0.9560973048210144,0.9703346490859985,0.9333370327949524,0.8760548830032349,0.9543992877006531,0.9613657593727112,0.9721818566322327,0.9299542307853699,0.8705030679702759,0.9491997361183167,0.9600197076797485,0.9700695276260376,0.5983830094337463,0.43468570709228516,0.9416934251785278,0.9397733807563782,0.9606837034225464,0.3465442657470703,0.2096669226884842,0.0,0.0,0.6686537265777588
102,1.1163917779922485,0.07185138016939163,0.06577842682600021,0.07010708749294281,0.38747838139533997,0.521176278591156,0.9264410734176636,0.8642687797546387,0.9584632515907288,0.9543099403381348,0.9710318446159363,0.932942271232605,0.8755599856376648,0.9605470299720764,0.9601951241493225,0.9737333655357361,0.9291425943374634,0.8690817952156067,0.9596195220947266,0.957646369934082,0.9725574254989624,0.5930429100990295,0.430861234664917,0.9487414956092834,0.9394091367721558,0.9627397060394287,0.34590572118759155,0.20920753479003906,0.0,0.0,0.6686537265777588
103,1.2210148572921753,0.09476935118436813,0.0891764685511589,0.09924771636724472,0.404655784368515,0.5331655144691467,0.9123589396476746,0.8419011235237122,0.9433501362800598,0.9420479536056519,0.9620005488395691,0.920178234577179,0.8547480702400208,0.946196436882019,0.9499187469482422,0.9656431674957275,0.913460910320282,0.8442233204841614,0.9408230781555176,0.9511982798576355,0.9643980860710144,0.577234148979187,0.4167958199977875,0.9289903044700623,0.9262621402740479,0.9519664645195007,0.34074264764785767,0.20548956096172333,0.0,0.0,0.6686537265777588
104,1.1939281225204468,0.09010051190853119,0.08204399794340134,0.08950380980968475,0.4014756679534912,0.5308040380477905,0.9150203466415405,0.845063328742981,0.9455505609512329,0.945867121219635,0.9640276432037354,0.9229843020439148,0.8581037521362305,0.9513338208198547,0.9517761468887329,0.9679032564163208,0.9168509244918823,0.8480817079544067,0.9449173808097839,0.9531270861625671,0.9663512110710144,0.5810867547988892,0.4190264642238617,0.9302317500114441,0.9299426674842834,0.953662097454071,0.34168094396591187,0.20612506568431854,0.0,0.0,0.6686537265777588
105,1.1521085500717163,0.07770837098360062,0.07381007820367813,0.07867519557476044,0.3965529501438141,0.5253620743751526,0.921380877494812,0.8555672764778137,0.9547389149665833,0.9523035287857056,0.969158411026001,0.9273669123649597,0.8657287359237671,0.9551464319229126,0.9560144543647766,0.9705767035484314,0.9222248792648315,0.8571852445602417,0.9540205001831055,0.9545941948890686,0.9697288274765015,0.5835190415382385,0.42149853706359863,0.9397635459899902,0.9346866011619568,0.958281934261322,0.34353703260421753,0.20747129619121552,0.0,0.0,0.6686537265777588
106,1.1374000310897827,0.07500208169221878,0.06892707198858261,0.0757465586066246,0.3942272663116455,0.5234970450401306,0.9259103536605835,0.8630345463752747,0.9545845985412598,0.9551971554756165,0.9701160192489624,0.9330399632453918,0.8754067420959473,0.9588263034820557,0.9572188258171082,0.9721580743789673,0.9271262288093567,0.8655087351799011,0.9562650918960571,0.9542593955993652,0.9703207612037659,0.5855810642242432,0.42371201515197754,0.946061372756958,0.935757577419281,0.9606067538261414,0.3446156084537506,0.20825819671154022,0.0,0.0,0.6686537265777588
107,1.1768449544906616,0.08308501541614532,0.0781690925359726,0.09039242565631866,0.3962344527244568,0.5289639234542847,0.9202753901481628,0.8541027307510376,0.9475085139274597,0.9495611786842346,0.9659305810928345,0.9277475476264954,0.8669705390930176,0.9488017559051514,0.9557056427001953,0.9684649109840393,0.9228253364562988,0.8590995669364929,0.9429966807365417,0.9564692974090576,0.9668915867805481,0.5849218964576721,0.4234139025211334,0.9344573020935059,0.9365177154541016,0.9572943449020386,0.3431454598903656,0.20723648369312286,0.0,0.0,0.6686537265777588
108,1.1807572841644287,0.08439014852046967,0.07788669317960739,0.08707784861326218,0.4021468758583069,0.5292560458183289,0.9158881306648254,0.8467850685119629,0.9499952793121338,0.9487304091453552,0.9664204716682434,0.9232102632522583,0.8589847683906555,0.9504784345626831,0.9568219184875488,0.969379186630249,0.915418803691864,0.8465402722358704,0.9470449090003967,0.9536986351013184,0.9672187566757202,0.5775994658470154,0.41720741987228394,0.93317711353302,0.9292398691177368,0.9543130397796631,0.34132975339889526,0.20590806007385254,0.0,0.0,0.6686537265777588
109,1.1673643589019775,0.08583200722932816,0.07746301591396332,0.08505156636238098,0.3918932378292084,0.527124285697937,0.9206835627555847,0.8548158407211304,0.9498920440673828,0.9501268267631531,0.9668757319450378,0.927524745464325,0.8667052388191223,0.9550846219062805,0.9541948437690735,0.9699259400367737,0.9229620099067688,0.8600943684577942,0.9529632329940796,0.9552529454231262,0.969623327255249,0.5903505682945251,0.42829346656799316,0.9430143237113953,0.932046115398407,0.9583367705345154,0.34424588084220886,0.20804259181022644,0.0,0.0,0.6686537265777588
110,1.1214860677719116,0.07319218665361404,0.0667308121919632,0.07012581080198288,0.39005836844444275,0.5213789939880371,0.9263237714767456,0.8640302419662476,0.9596164226531982,0.9520582556724548,0.9706076383590698,0.9337023496627808,0.8766643404960632,0.9611572027206421,0.9591912031173706,0.9735800623893738,0.9293510317802429,0.8694062232971191,0.9602323770523071,0.9576807022094727,0.9727634191513062,0.5878531336784363,0.4268956780433655,0.9490512013435364,0.9390235543251038,0.962698221206665,0.3454814851284027,0.20890431106090546,0.0,0.0,0.6686537265777588
111,1.1418449878692627,0.07168273627758026,0.07082243263721466,0.07856239378452301,0.39621785283088684,0.5245591402053833,0.923714280128479,0.8601702451705933,0.9566438794136047,0.9568535089492798,0.9713408350944519,0.9274775385856628,0.8667618632316589,0.9569443464279175,0.9583267569541931,0.9719453454017639,0.9221083521842957,0.8581374883651733,0.9520214796066284,0.9578432440757751,0.9702188968658447,0.5828416347503662,0.4223753809928894,0.9397846460342407,0.9355356693267822,0.9585908055305481,0.3433728516101837,0.20739948749542236,0.0,0.0,0.6686537265777588
112,1.1134846210479736,0.07190917432308197,0.06572787463665009,0.06990273296833038,0.38465964794158936,0.5212854146957397,0.9278357625007629,0.8665652275085449,0.957379162311554,0.9556649923324585,0.9711611270904541,0.9346485137939453,0.8783314824104309,0.9592384696006775,0.9598738551139832,0.9732069373130798,0.930629551410675,0.8719246983528137,0.9582986235618591,0.9575585126876831,0.9721087217330933,0.5947039723396301,0.43239322304725647,0.9518165588378906,0.9409908056259155,0.9642571806907654,0.34599053859710693,0.20927119255065918,0.0,0.0,0.6686537265777588
113,1.1066051721572876,0.06926463544368744,0.06302130222320557,0.06732839345932007,0.3873887062072754,0.5196021199226379,0.9280157089233398,0.8675676584243774,0.960637629032135,0.9551110863685608,0.9719975590705872,0.9344545602798462,0.8783848881721497,0.9652665257453918,0.9593011736869812,0.9749219417572021,0.9300400018692017,0.8709138035774231,0.9628415107727051,0.958224356174469,0.9737787842750549,0.5895472764968872,0.4286958575248718,0.9542587995529175,0.9402681589126587,0.9647573828697205,0.3459168076515198,0.2092234343290329,0.0,0.0,0.6686537265777588
114,1.1020125150680542,0.06806856393814087,0.061303507536649704,0.06460932642221451,0.38793545961380005,0.5200955867767334,0.9291461110115051,0.8688729405403137,0.9587668180465698,0.9572228789329529,0.9721406102180481,0.9372169375419617,0.8828398585319519,0.9627851247787476,0.9633311629295349,0.9755257964134216,0.9338374137878418,0.8775750398635864,0.9613736867904663,0.9618546366691589,0.9745683073997498,0.5904287695884705,0.4283774495124817,0.9511626362800598,0.9404453039169312,0.9638597965240479,0.34654614329338074,0.20967085659503937,0.0,0.0,0.6686537265777588
115,1.0945955514907837,0.06888570636510849,0.06127852946519852,0.06443172693252563,0.3810354471206665,0.5189641714096069,0.9307007789611816,0.872052013874054,0.9625548720359802,0.9537066221237183,0.9721112847328186,0.9383329153060913,0.8851251602172852,0.9634923934936523,0.9620175361633301,0.9752987027168274,0.9357687830924988,0.8807767033576965,0.9611683487892151,0.9624059796333313,0.9746926426887512,0.5993222594261169,0.43634265661239624,0.9530203938484192,0.9421637654304504,0.9650488495826721,0.348050981760025,0.21077287197113037,0.0,0.0,0.6686537265777588
116,1.1204078197479248,0.07184605300426483,0.06461018323898315,0.06923913210630417,0.39238861203193665,0.5223238468170166,0.9261466860771179,0.8641557693481445,0.9560693502426147,0.955176055431366,0.970577597618103,0.9354497194290161,0.8799207806587219,0.9597668647766113,0.9619171023368835,0.9740784764289856,0.9314090609550476,0.8733633756637573,0.9574025273323059,0.9603493809700012,0.9727877378463745,0.5844586491584778,0.4238547384738922,0.9477494955062866,0.9402872920036316,0.962744414806366,0.344785213470459,0.2084120512008667,0.0,0.0,0.6686537265777588
117,1.1553452014923096,0.08221020549535751,0.07079656422138214,0.07928246259689331,0.39547377824783325,0.5275822877883911,0.9213054776191711,0.8554812669754028,0.9472422003746033,0.9551659226417542,0.9677865505218506,0.9313918948173523,0.8727927207946777,0.9554438591003418,0.9596576690673828,0.9719278812408447,0.9271767735481262,0.8661524653434753,0.9484471678733826,0.9602503180503845,0.969909131526947,0.5838887691497803,0.4228101372718811,0.938582718372345,0.9386828541755676,0.9593345522880554,0.3437775671482086,0.20769326388835907,0.0,0.0,0.6686537265777588
118,1.1284101009368896,0.07122667133808136,0.06495766341686249,0.07422319054603577,0.3949955105781555,0.523007333278656,0.9277281761169434,0.866387665271759,0.9580307602882385,0.9555357694625854,0.9713221192359924,0.9339421391487122,0.8771513104438782,0.9617900252342224,0.9598562121391296,0.9740110039710999,0.9290423393249512,0.8690766096115112,0.9554169774055481,0.960017740726471,0.9720430970191956,0.5840622782707214,0.422405868768692,0.9431759119033813,0.941047728061676,0.961593747138977,0.34530138969421387,0.208761528134346,0.0,0.0,0.6686537265777588
119,1.132874608039856,0.07100386172533035,0.06657267361879349,0.07387302815914154,0.3973725736141205,0.5240525603294373,0.9283852577209473,0.8674390912055969,0.9595769047737122,0.9543947577476501,0.9714127779006958,0.934667706489563,0.8783835172653198,0.9584490656852722,0.9593197107315063,0.9727652072906494,0.9282882809638977,0.8683371543884277,0.9514155387878418,0.9602210521697998,0.9708420038223267,0.5815964937210083,0.4204004406929016,0.9365364909172058,0.9396376013755798,0.9590367674827576,0.3445616662502289,0.20824722945690155,0.0,0.0,0.6686537265777588
120,1.1212860345840454,0.07150385528802872,0.06417560577392578,0.06988875567913055,0.3939332962036133,0.5217843055725098,0.9260256886482239,0.8638851046562195,0.9578814506530762,0.9544509053230286,0.9708974361419678,0.9340939521789551,0.8776901364326477,0.9626845717430115,0.9592254757881165,0.9740764498710632,0.9285629987716675,0.8686363101005554,0.9590381383895874,0.9588000774383545,0.9727725982666016,0.5839651226997375,0.4225979745388031,0.948129415512085,0.9386914372444153,0.9622942805290222,0.3450320065021515,0.20856952667236328,0.0,0.0,0.6686537265777588
121,1.108161211013794,0.06858658045530319,0.06238049268722534,0.06732915341854095,0.38929399847984314,0.5205709338188171,0.9291197657585144,0.8692849278450012,0.9595972299575806,0.9580468535423279,0.9726892113685608,0.9368585348129272,0.8827892541885376,0.9623169302940369,0.9623479843139648,0.9750384092330933,0.9313556551933289,0.8743332624435425,0.9599226713180542,0.9613755345344543,0.9739418029785156,0.5871707201004028,0.4265177249908447,0.949790358543396,0.9415954351425171,0.9638426303863525,0.34522995352745056,0.20876669883728027,0.0,0.0,0.6686537265777588
122,1.1131198406219482,0.06915492564439774,0.06438011676073074,0.06793130934238434,0.39106953144073486,0.5205837488174438,0.9288484454154968,0.8683279752731323,0.9611679911613464,0.9549748301506042,0.9721174836158752,0.9362053871154785,0.881098747253418,0.9613855481147766,0.9610573053359985,0.9742973446846008,0.9324514269828796,0.8749710321426392,0.961524486541748,0.9602358341217041,0.9740579128265381,0.5850132703781128,0.4241905212402344,0.9525411128997803,0.9422118067741394,0.9649168848991394,0.34553688764572144,0.2089463472366333,0.0,0.0,0.6686537265777588
123,1.1025311946868896,0.06544102728366852,0.06132318824529648,0.06644386053085327,0.3897716999053955,0.5195518732070923,0.9312722086906433,0.8726746439933777,0.9640756845474243,0.9561187028884888,0.9734356999397278,0.9366787672042847,0.8821988105773926,0.9639509916305542,0.9616938233375549,0.9753329157829285,0.9321187138557434,0.8747506141662598,0.9614036083221436,0.9605877995491028,0.9741410613059998,0.5871299505233765,0.4260171055793762,0.9490692615509033,0.9430065751075745,0.9641183018684387,0.34642356634140015,0.20959420502185822,0.0,0.0,0.6686537265777588
124,1.146964192390442,0.0786842480301857,0.07152614742517471,0.07524700462818146,0.39580124616622925,0.5257053375244141,0.9261811971664429,0.8636837005615234,0.9519574046134949,0.953920304775238,0.9688443541526794,0.9340496063232422,0.8772488832473755,0.9559316039085388,0.9578017592430115,0.9714431762695312,0.9313263893127441,0.8725587129592896,0.953439474105835,0.9582535028457642,0.970809280872345,0.5833708047866821,0.4211295545101166,0.9414950609207153,0.9400318264961243,0.9607134461402893,0.3447176218032837,0.20833608508110046,0.0,0.0,0.6686537265777588
125,1.1198471784591675,0.07502610236406326,0.06634221971035004,0.07016011327505112,0.3863123655319214,0.5220063924789429,0.92662113904953,0.8643496632575989,0.9548497796058655,0.9549307823181152,0.97010737657547,0.9348682165145874,0.8784816861152649,0.960591197013855,0.9589653015136719,0.9733222723007202,0.9306398630142212,0.8715676069259644,0.9587433934211731,0.9574254751205444,0.9722034335136414,0.5919423699378967,0.4301142692565918,0.9491786360740662,0.9392452239990234,0.9628167748451233,0.3455817699432373,0.20896963775157928,0.0,0.0,0.6686537265777588
126,1.1032068729400635,0.06857861578464508,0.06180327385663986,0.06651299446821213,0.3857094347476959,0.5206027626991272,0.932209849357605,0.874096691608429,0.9594728946685791,0.9570283889770508,0.9722966551780701,0.9393365979194641,0.886417031288147,0.9614569544792175,0.9634979367256165,0.9751597046852112,0.9361160397529602,0.8808504939079285,0.9575207233428955,0.9639474153518677,0.9740583896636963,0.5933796167373657,0.4308130145072937,0.9519670009613037,0.9439572691917419,0.9653573632240295,0.3468806743621826,0.20991380512714386,0.0,0.0,0.6686537265777588
127,1.1132011413574219,0.06641808152198792,0.06361564248800278,0.07108394801616669,0.39138245582580566,0.5207011699676514,0.930397629737854,0.8713732957839966,0.9630257487297058,0.9568841457366943,0.9733707308769226,0.935114860534668,0.8796713948249817,0.9632183909416199,0.9613015651702881,0.9749643802642822,0.9299982786178589,0.8715887069702148,0.96034175157547,0.9591678977012634,0.9733132719993591,0.5856412053108215,0.4249882102012634,0.9501314759254456,0.938871443271637,0.9629786014556885,0.3455870747566223,0.20900371670722961,0.0,0.0,0.6686537265777588
128,1.099665641784668,0.06514832377433777,0.06072376295924187,0.06354537606239319,0.3911665678024292,0.5190817713737488,0.9308570623397827,0.8719943165779114,0.9624812006950378,0.9581541419029236,0.9736402034759521,0.9359345436096191,0.8811944127082825,0.9655708074569702,0.9604277610778809,0.9754096865653992,0.9322993159294128,0.8756755590438843,0.9648942351341248,0.959248423576355,0.9747855067253113,0.5817871689796448,0.4220716953277588,0.9557734727859497,0.9423015117645264,0.9659541845321655,0.34522050619125366,0.20874424278736115,0.0,0.0,0.6686537265777588
129,1.1110284328460693,0.06831812113523483,0.06381243467330933,0.06999900192022324,0.3879827857017517,0.5209161639213562,0.9310137033462524,0.8721804618835449,0.9608007073402405,0.9559271931648254,0.9723336696624756,0.9377236366271973,0.8838309049606323,0.9610244631767273,0.9615827798843384,0.9743635654449463,0.9339451789855957,0.8778637647628784,0.9567351937294006,0.9613497257232666,0.972919225692749,0.5908142328262329,0.4288976788520813,0.947542667388916,0.9445486068725586,0.9641866087913513,0.3466736674308777,0.20978045463562012,0.0,0.0,0.6686537265777588
130,1.1177899837493896,0.06961025297641754,0.06278058886528015,0.0705682560801506,0.39259177446365356,0.5222392082214355,0.929294228553772,0.8692741394042969,0.9587717652320862,0.9560399651527405,0.9717315435409546,0.938132643699646,0.8843066096305847,0.9607815146446228,0.962268590927124,0.9745222926139832,0.933020293712616,0.8758121728897095,0.9560812711715698,0.9597910642623901,0.9721761345863342,0.5851331949234009,0.42390894889831543,0.9436655640602112,0.9416415691375732,0.9619553685188293,0.34549203515052795,0.2089240550994873,0.0,0.0,0.6686537265777588
131,1.1000113487243652,0.0676361620426178,0.06156507879495621,0.06325710564851761,0.38772913813591003,0.5198237895965576,0.9324740171432495,0.8744624853134155,0.9588263034820557,0.9582074284553528,0.9725005030632019,0.9399398565292358,0.8874478340148926,0.9635146260261536,0.9621577262878418,0.9753541350364685,0.9363747835159302,0.8815404772758484,0.9631508588790894,0.9614992737770081,0.9750111699104309,0.5872960090637207,0.4262632429599762,0.9534490704536438,0.9448476433753967,0.9661346673965454,0.34631240367889404,0.2095070332288742,0.0,0.0,0.6686537265777588
132,1.080235242843628,0.0647527426481247,0.058583252131938934,0.06082751229405403,0.37916386127471924,0.5169080495834351,0.9334644079208374,0.876381516456604,0.9636516571044922,0.957073986530304,0.9736349582672119,0.9410803914070129,0.8896127939224243,0.966895580291748,0.9609578847885132,0.9760145545005798,0.9396230578422546,0.8870051503181458,0.9645745754241943,0.9613049626350403,0.9753968715667725,0.5969389081001282,0.43505460023880005,0.9592863917350769,0.946564257144928,0.9685660004615784,0.3482288718223572,0.2109021693468094,0.0,0.0,0.6686537265777588
133,1.0911909341812134,0.06409689038991928,0.05936354398727417,0.06328100711107254,0.3856678903102875,0.5187814831733704,0.9331929087638855,0.8759557604789734,0.962655782699585,0.9601980447769165,0.9744041562080383,0.9409233331680298,0.8894459009170532,0.9646179676055908,0.9630686640739441,0.976019561290741,0.9373788833618164,0.8836261034011841,0.9620755314826965,0.962411642074585,0.9749834537506104,0.590071439743042,0.42879143357276917,0.9540784358978271,0.946258008480072,0.9668296575546265,0.3469303250312805,0.20996133983135223,0.0,0.0,0.6686537265777588
134,1.0962915420532227,0.06464159488677979,0.05950669199228287,0.0636654943227768,0.38941407203674316,0.5190635919570923,0.9327071309089661,0.8751200437545776,0.9634214043617249,0.9575331807136536,0.9737221002578735,0.9400784373283386,0.8880702257156372,0.9652615189552307,0.9618464708328247,0.9758026003837585,0.9352596998214722,0.8803250193595886,0.9623480439186096,0.9616096019744873,0.9747938513755798,0.5860798358917236,0.42534708976745605,0.9517931342124939,0.9444149136543274,0.9654650092124939,0.34610217809677124,0.20938315987586975,0.0,0.0,0.6686537265777588
135,1.0738087892532349,0.06191033124923706,0.05530477315187454,0.057241685688495636,0.38272956013679504,0.5166223645210266,0.9360910654067993,0.88093501329422,0.9664730429649353,0.9589145183563232,0.9751701354980469,0.9433895349502563,0.8937050700187683,0.9672497510910034,0.9644118547439575,0.9773216247558594,0.9414643049240112,0.8904047012329102,0.9662773013114929,0.964655876159668,0.9770953059196472,0.5921720862388611,0.4306730628013611,0.9589433073997498,0.9474279284477234,0.9687647223472595,0.3483523726463318,0.210988849401474,0.0,0.0,0.6686537265777588
136,1.1159605979919434,0.06820816546678543,0.06130266934633255,0.06773240119218826,0.396786630153656,0.5219307541847229,0.9278128743171692,0.8668633699417114,0.9597653150558472,0.9574941396713257,0.9725508093833923,0.9377298355102539,0.8837930560112,0.9619013071060181,0.9629482626914978,0.9751125574111938,0.9336452484130859,0.8772137761116028,0.9578323364257812,0.9628534913063049,0.9737837314605713,0.5777709484100342,0.417941153049469,0.9444407820701599,0.9415642023086548,0.9621689915657043,0.34494680166244507,0.20853058993816376,0.0,0.0,0.6686537265777588
137,1.1014792919158936,0.06809946149587631,0.06082812696695328,0.06428700685501099,0.3888247609138489,0.5194400548934937,0.9282342791557312,0.8677933812141418,0.9621028304100037,0.9554858207702637,0.9725911617279053,0.9358233213424683,0.8808826208114624,0.9641904234886169,0.9622189998626709,0.9755904078483582,0.9328231811523438,0.8761135935783386,0.9628645777702332,0.9603323340415955,0.9745169281959534,0.5856809616088867,0.4250684678554535,0.9549902677536011,0.9429049491882324,0.9659254550933838,0.3454729914665222,0.20892338454723358,0.0,0.0,0.6686537265777588
138,1.0888062715530396,0.06785733997821808,0.05871032550930977,0.06369034945964813,0.37955331802368164,0.5189946889877319,0.9321438074111938,0.8741561770439148,0.9590197205543518,0.958061933517456,0.9725114107131958,0.940316379070282,0.8886328935623169,0.9637311100959778,0.963621973991394,0.9759273529052734,0.9368548393249512,0.8828434944152832,0.9608671069145203,0.9620315432548523,0.9744679927825928,0.5978130102157593,0.43554195761680603,0.9567232728004456,0.944726288318634,0.9671131372451782,0.3475784659385681,0.21044385433197021,0.0,0.0,0.6686537265777588
139,1.1089866161346436,0.06675168871879578,0.06166866421699524,0.06796835362911224,0.391042023897171,0.5215556621551514,0.9325122833251953,0.8745455741882324,0.9585161805152893,0.9595292210578918,0.9728587865829468,0.9405918121337891,0.8884899020195007,0.9628549814224243,0.9624457359313965,0.9752433896064758,0.9371274709701538,0.8826500177383423,0.9570717215538025,0.9619516134262085,0.973232626914978,0.5864450931549072,0.42457351088523865,0.9454461932182312,0.9453246593475342,0.9638050198554993,0.346468985080719,0.20961549878120422,0.0,0.0,0.6686537265777588
140,1.1130225658416748,0.07095174491405487,0.06346253305673599,0.06881962716579437,0.38806748390197754,0.5217214822769165,0.9289398193359375,0.8688685297966003,0.9583918452262878,0.9552334547042847,0.971331000328064,0.9391473531723022,0.886224091053009,0.9609534740447998,0.9633134603500366,0.9749358892440796,0.9366308450698853,0.8822976350784302,0.9583381414413452,0.962752103805542,0.9739101529121399,0.5900394916534424,0.4279457628726959,0.9500247836112976,0.9456482529640198,0.9653483033180237,0.34678053855895996,0.20985504984855652,0.0,0.0,0.6686537265777588
141,1.1186678409576416,0.07475792616605759,0.064427450299263,0.06785924732685089,0.39023369550704956,0.5213897228240967,0.9245136380195618,0.8617121577262878,0.9576780796051025,0.9505205750465393,0.9694585204124451,0.9350229501724243,0.8797513842582703,0.9626481533050537,0.9591432809829712,0.9740363955497742,0.9314254522323608,0.8746362924575806,0.959522008895874,0.9592570066452026,0.973084032535553,0.5849440097808838,0.42422962188720703,0.9479072093963623,0.9442141652107239,0.9641825556755066,0.3448132872581482,0.20847293734550476,0.0,0.0,0.6686537265777588
142,1.124039888381958,0.07632391899824142,0.06558234989643097,0.06726530194282532,0.3924456834793091,0.5224225521087646,0.9223664999008179,0.8579274415969849,0.9516473412513733,0.9550662040710449,0.9691431522369385,0.9344789385795593,0.8784704208374023,0.961888313293457,0.9581066966056824,0.9734358191490173,0.93089759349823,0.8731284141540527,0.9606084823608398,0.959401547908783,0.9734786748886108,0.5821737051010132,0.42178845405578613,0.9496740698814392,0.9407421350479126,0.9635034203529358,0.34404438734054565,0.20789825916290283,0.0,0.0,0.6686537265777588
143,1.0985050201416016,0.07091829925775528,0.06388900429010391,0.06340257823467255,0.3811153769493103,0.5191798210144043,0.9304259419441223,0.8709790110588074,0.9590941667556763,0.9537114500999451,0.9710218906402588,0.9397708773612976,0.8870509266853333,0.9622259736061096,0.959414541721344,0.9739964604377747,0.9394901990890503,0.8866931200027466,0.9633032083511353,0.9612234830856323,0.9749643802642822,0.5972862839698792,0.4335852563381195,0.9589226245880127,0.9453254342079163,0.9680123925209045,0.3477826714515686,0.21055972576141357,0.0,0.0,0.6686537265777588
144,1.1032236814498901,0.06736674159765244,0.059607040137052536,0.06419871747493744,0.39175036549568176,0.5203009843826294,0.9269834756851196,0.8657704591751099,0.9605589509010315,0.9564009308815002,0.972422182559967,0.9361341595649719,0.8814913034439087,0.9637840390205383,0.9629374146461487,0.9757086634635925,0.9332588315010071,0.8768423199653625,0.9630226492881775,0.9613786935806274,0.9749287962913513,0.5818071365356445,0.4212513864040375,0.953086793422699,0.9424997568130493,0.9651889801025391,0.34503936767578125,0.20859837532043457,0.0,0.0,0.6686537265777588
145,1.110656976699829,0.07139012962579727,0.06476215273141861,0.06826270371675491,0.3855684995651245,0.5206735730171204,0.9279877543449402,0.867254912853241,0.957610547542572,0.9553536176681519,0.9711260199546814,0.9379469156265259,0.8842228055000305,0.9631093740463257,0.9591397047042847,0.9741814732551575,0.9354697465896606,0.8802481889724731,0.9604541659355164,0.9590004682540894,0.9732910394668579,0.5910614728927612,0.4294757843017578,0.952860414981842,0.9434863924980164,0.9654688239097595,0.3463447690010071,0.2095455676317215,0.0,0.0,0.6686537265777588
146,1.1331675052642822,0.07635627686977386,0.0681443065404892,0.07395873963832855,0.39029577374458313,0.5244122743606567,0.9287213087081909,0.8681244850158691,0.9553248882293701,0.9544897079467773,0.9701042175292969,0.9366216659545898,0.8817370533943176,0.9578173756599426,0.9610807299613953,0.9731709957122803,0.9338569641113281,0.8771263360977173,0.9553294777870178,0.960270881652832,0.9721022248268127,0.5876815915107727,0.425611674785614,0.9460375905036926,0.9417862296104431,0.9627437591552734,0.3457932770252228,0.20913061499595642,0.0,0.0,0.6686537265777588
147,1.0903767347335815,0.06645458936691284,0.05813636630773544,0.05999334529042244,0.3871319890022278,0.5186605453491211,0.9315357208251953,0.8729837536811829,0.9613322019577026,0.9567770957946777,0.9727976322174072,0.9399771690368652,0.887671947479248,0.9655976891517639,0.9630140662193298,0.9763128757476807,0.9380272626876831,0.8843536376953125,0.9654280543327332,0.9628327488899231,0.9761962890625,0.5848848819732666,0.42464032769203186,0.956409752368927,0.9480235576629639,0.9681819677352905,0.3461669683456421,0.20941254496574402,0.0,0.0,0.6686537265777588
148,1.0699846744537354,0.060870297253131866,0.05567522719502449,0.056533314287662506,0.38075143098831177,0.516154408454895,0.9360179901123047,0.8807364702224731,0.9650485515594482,0.9608479142189026,0.9753893613815308,0.9431764483451843,0.8932898640632629,0.9685952067375183,0.9632430076599121,0.977347195148468,0.9413782358169556,0.8906108140945435,0.9690453410148621,0.9629707336425781,0.9773963689804077,0.5938690900802612,0.4320320188999176,0.9613502621650696,0.9464611411094666,0.9691745638847351,0.3484809994697571,0.211099311709404,0.0,0.0,0.6686537265777588
149,1.0863789319992065,0.06264163553714752,0.05666100233793259,0.0573308989405632,0.3917558789253235,0.5179897546768188,0.9317840337753296,0.8736109733581543,0.965644121170044,0.9576862454414368,0.9744793176651001,0.9395338892936707,0.8871700167655945,0.9670114517211914,0.9637781381607056,0.9770271182060242,0.9373022317886353,0.8838445544242859,0.9669032096862793,0.9648659825325012,0.9773674011230469,0.5786805152893066,0.4190518260002136,0.9577034115791321,0.9469924569129944,0.9682226777076721,0.34568148851394653,0.2090844362974167,0.0,0.0,0.6686537265777588
