,loss,side_6_loss,side_7_loss,side_8_loss,activation_76_loss,add_23_loss,side_6_dice_coef,side_6_jacard,side_6_recall,side_6_precision,side_6_accuracy,side_7_dice_coef,side_7_jacard,side_7_recall,side_7_precision,side_7_accuracy,side_8_dice_coef,side_8_jacard,side_8_recall,side_8_precision,side_8_accuracy,activation_76_dice_coef,activation_76_jacard,activation_76_recall,activation_76_precision,activation_76_accuracy,add_23_dice_coef,add_23_jacard,add_23_recall,add_23_precision,add_23_accuracy
0,2.892458915710449,0.5299749374389648,0.5979254841804504,0.6100493669509888,0.5815850496292114,0.5729241371154785,0.31544730067253113,0.188043475151062,3.799177648033947e-05,0.08728179335594177,0.7443228960037231,0.3200106918811798,0.19129213690757751,0.08286603540182114,0.27747517824172974,0.7104446291923523,0.33072882890701294,0.19884270429611206,0.05827070027589798,0.2592099905014038,0.716745138168335,0.3295145630836487,0.19798679649829865,0.0,0.0,0.7353675365447998,0.3247890770435333,0.19456252455711365,0.0,0.0,0.7441897392272949
1,2.4100184440612793,0.3269406259059906,0.5242631435394287,0.539277970790863,0.5491516590118408,0.47038549184799194,0.5398136973381042,0.37959861755371094,0.5783059597015381,0.9387094974517822,0.8825705647468567,0.31456711888313293,0.1873042732477188,0.0,0.0,0.7444134950637817,0.316343754529953,0.1885920763015747,0.0,0.0,0.7443180680274963,0.32236114144325256,0.19289788603782654,0.0,0.0,0.7356148362159729,0.37172821164131165,0.22955858707427979,0.12281981110572815,0.998213529586792,0.7757495045661926
2,2.097468137741089,0.18236930668354034,0.4592081308364868,0.5241296887397766,0.5389521718025208,0.392808735370636,0.7717829346656799,0.6302449107170105,0.8604854941368103,0.8890673518180847,0.9369009137153625,0.36653009057044983,0.22525924444198608,0.002187240868806839,1.0,0.7449737787246704,0.3249887526035309,0.194649800658226,0.0,0.0,0.7443991899490356,0.3173303008079529,0.18922510743141174,0.0,0.0,0.7356987595558167,0.44338560104370117,0.28590622544288635,0.5109405517578125,0.9974338412284851,0.8746676445007324
3,1.8562545776367188,0.1608690470457077,0.3178543448448181,0.49980786442756653,0.5361756682395935,0.34154728055000305,0.8203073740005493,0.6965557336807251,0.8735997080802917,0.8894480466842651,0.939941942691803,0.533517062664032,0.3679375648498535,0.6459535360336304,0.939850389957428,0.8989449143409729,0.3446515202522278,0.20896723866462708,0.0,0.0,0.7444093227386475,0.31755873560905457,0.1893918365240097,0.0,0.0,0.7356473207473755,0.5004752278327942,0.33516091108322144,0.7130236625671387,0.979884684085846,0.922912061214447
4,1.5974979400634766,0.1385044902563095,0.19480888545513153,0.4436028301715851,0.5321137309074402,0.2884678542613983,0.8429785370826721,0.7297526001930237,0.8895730972290039,0.9032445549964905,0.9474215507507324,0.7297731041908264,0.577821671962738,0.8799633383750916,0.9070197939872742,0.946264922618866,0.4010549485683441,0.2522584795951843,0.14952640235424042,0.9926104545593262,0.7823469638824463,0.32105425000190735,0.19193841516971588,0.0,0.0,0.7356656193733215,0.5681969523429871,0.3986265957355499,0.8217974305152893,0.9598145484924316,0.9456601142883301
5,1.3716380596160889,0.1273592859506607,0.14609134197235107,0.3287324607372284,0.5255365967750549,0.24391819536685944,0.8575606346130371,0.7512080669403076,0.8945386409759521,0.9121231436729431,0.9510185718536377,0.826324999332428,0.7049776911735535,0.902991771697998,0.9083868861198425,0.9519302248954773,0.5456928610801697,0.3794688582420349,0.8205469250679016,0.9493758082389832,0.9429513812065125,0.3246322274208069,0.19454741477966309,0.0,0.0,0.735836386680603,0.6325530409812927,0.4645128846168518,0.8682971596717834,0.9450438022613525,0.9534333944320679
6,1.18709397315979,0.12075939029455185,0.1256828010082245,0.2187841534614563,0.5133483409881592,0.2085191011428833,0.8651667237281799,0.7631569504737854,0.8994032144546509,0.9152988195419312,0.9530165195465088,0.8557700514793396,0.7487106919288635,0.9083866477012634,0.9199153780937195,0.9563730359077454,0.7070896029472351,0.5497969388961792,0.900591254234314,0.9203514456748962,0.954672634601593,0.334689199924469,0.20179839432239532,0.0,0.0,0.7363213300704956,0.686073362827301,0.5237953662872314,0.8882265686988831,0.939690351486206,0.9568622708320618
7,1.0903971195220947,0.11802598088979721,0.11961787939071655,0.16213847696781158,0.500823438167572,0.18979127705097198,0.8688226342201233,0.768761157989502,0.8988848924636841,0.9194439649581909,0.9540278911590576,0.8634902834892273,0.760670006275177,0.9049521684646606,0.9264348745346069,0.9573410153388977,0.7936214804649353,0.6599222421646118,0.9041244983673096,0.9241692423820496,0.9565348029136658,0.3451765477657318,0.20931701362133026,0.0,0.0,0.7387065291404724,0.713810920715332,0.5563699007034302,0.8884501457214355,0.9425826668739319,0.9576572775840759
8,0.9918881058692932,0.10775446146726608,0.10426678508520126,0.12493173778057098,0.4835399389266968,0.17139507830142975,0.8755976557731628,0.7794010043144226,0.9098401069641113,0.9241606593132019,0.9578734040260315,0.8796212673187256,0.7858868837356567,0.9219893217086792,0.9309521913528442,0.9625838994979858,0.8455856442451477,0.7337136268615723,0.9266101717948914,0.9279983043670654,0.9628676176071167,0.357420414686203,0.2185525745153427,0.0,0.0,0.7399091124534607,0.7356778979301453,0.5833492875099182,0.9082075357437134,0.9465546011924744,0.9634327292442322
9,0.9576008915901184,0.10705744475126266,0.10265000909566879,0.11711915582418442,0.46498122811317444,0.16579310595989227,0.8778700828552246,0.7831595540046692,0.9072311520576477,0.924161970615387,0.9572616815567017,0.8823972940444946,0.7905914783477783,0.9183871746063232,0.9329872727394104,0.9622815251350403,0.8622711896896362,0.7592984437942505,0.9231985211372375,0.9307602643966675,0.9628177881240845,0.3738665282726288,0.2312692254781723,0.0,0.0,0.7417315244674683,0.7449408173561096,0.5954654812812805,0.9060810804367065,0.9458332061767578,0.9627333283424377
10,0.9076704978942871,0.10383708029985428,0.09784296154975891,0.10706106573343277,0.4411064386367798,0.15782293677330017,0.8827657103538513,0.7906728386878967,0.9102639555931091,0.9281504154205322,0.9590550065040588,0.8899087309837341,0.8023516535758972,0.9211964011192322,0.9364954233169556,0.9638932943344116,0.8781128525733948,0.7835459113121033,0.9283057451248169,0.935554563999176,0.9653323292732239,0.3976263105869293,0.24909080564975739,0.0,0.0,0.7438454627990723,0.7594056725502014,0.6132752299308777,0.9113733172416687,0.948146402835846,0.9646093249320984
11,0.841282308101654,0.09832648187875748,0.08985155075788498,0.09622903913259506,0.40966296195983887,0.14721210300922394,0.8874067068099976,0.7980690002441406,0.9162937998771667,0.9308739900588989,0.961215078830719,0.8976283669471741,0.8148332834243774,0.9303355813026428,0.94041907787323,0.9671300649642944,0.8913587927818298,0.8047316074371338,0.9366318583488464,0.9407323002815247,0.9687221050262451,0.4301309287548065,0.2752765417098999,1.0312053746019956e-05,0.009121458977460861,0.7441310286521912,0.7744314074516296,0.6329904198646545,0.92247074842453,0.9506278038024902,0.9679396152496338
12,0.7859656810760498,0.09538544714450836,0.08655344694852829,0.0907047912478447,0.374309778213501,0.13901205360889435,0.889257550239563,0.8013031482696533,0.9175611138343811,0.9324591755867004,0.9619432091712952,0.9005174040794373,0.819700300693512,0.9307431578636169,0.9429091215133667,0.9678956270217896,0.8989337086677551,0.817195475101471,0.9397770762443542,0.9409659504890442,0.9695387482643127,0.47258108854293823,0.31159713864326477,0.4793199896812439,0.9718508124351501,0.8633735179901123,0.7867242693901062,0.6502155065536499,0.9267062544822693,0.9491098523139954,0.968567430973053
13,0.7319734692573547,0.09400182217359543,0.08412639796733856,0.08600270003080368,0.33629584312438965,0.1315467208623886,0.8919517993927002,0.8056675791740417,0.9164370894432068,0.9353066086769104,0.9624414443969727,0.9037237167358398,0.8250579833984375,0.9312609434127808,0.9447270631790161,0.9685057401657104,0.9025224447250366,0.8231580853462219,0.9388365149497986,0.9469766020774841,0.9709320068359375,0.5285305380821228,0.36202260851860046,0.8846477270126343,0.9633949995040894,0.9619266986846924,0.8019621968269348,0.6712943911552429,0.929506242275238,0.9503852725028992,0.9695806503295898
14,0.6944223642349243,0.09376252442598343,0.08516717702150345,0.08799321204423904,0.301328182220459,0.1261712610721588,0.891628086566925,0.8050163388252258,0.9182112812995911,0.9325284361839294,0.9621160626411438,0.9027010202407837,0.8233603835105896,0.9302557706832886,0.9421630501747131,0.9675789475440979,0.9005753993988037,0.8200385570526123,0.9354210495948792,0.945071280002594,0.9695989489555359,0.5865602493286133,0.419003963470459,0.913038432598114,0.9502913355827332,0.9655671715736389,0.8145560026168823,0.6891984939575195,0.9296907782554626,0.9468371272087097,0.968688428401947
15,0.6535443663597107,0.09284455329179764,0.08442757278680801,0.08592542260885239,0.270758718252182,0.11958800256252289,0.8943331837654114,0.8093873858451843,0.9195724725723267,0.9336365461349487,0.9627379179000854,0.9057663679122925,0.8284088373184204,0.9312560558319092,0.9442744255065918,0.9683837890625,0.9048466086387634,0.8270525336265564,0.9368913173675537,0.9476858973503113,0.9706519246101379,0.6409499645233154,0.4762330949306488,0.9212023615837097,0.9501907229423523,0.9675183296203613,0.8302746415138245,0.7114765048027039,0.9316283464431763,0.9478877782821655,0.9694345593452454
16,0.6187499165534973,0.09202393889427185,0.08165619522333145,0.08235657960176468,0.24924860894680023,0.1134645864367485,0.8942432999610901,0.8094077110290527,0.9199708700180054,0.9338269233703613,0.9628838300704956,0.9066985249519348,0.8302314877510071,0.9332886338233948,0.9454394578933716,0.9691839218139648,0.9065372347831726,0.8302323222160339,0.9382177591323853,0.9491073489189148,0.9713512063026428,0.6794633269309998,0.5188917517662048,0.9262145161628723,0.9499077796936035,0.9686580300331116,0.8409568667411804,0.7272121906280518,0.9339084029197693,0.9491792321205139,0.9703279137611389
17,0.5917267799377441,0.09035205841064453,0.07988523691892624,0.07973998039960861,0.23296701908111572,0.10878244042396545,0.8959574103355408,0.8120238780975342,0.921404242515564,0.9354550838470459,0.9636631608009338,0.9090650677680969,0.8338896036148071,0.9345450401306152,0.946574866771698,0.9697895646095276,0.9096826314926147,0.8350545167922974,0.9397993087768555,0.9516796469688416,0.9724177718162537,0.7087056040763855,0.5540201663970947,0.9310476183891296,0.9515621066093445,0.970263659954071,0.8501161336898804,0.7411060929298401,0.935698390007019,0.9507273435592651,0.9711711406707764
18,0.628075122833252,0.0964474156498909,0.09024936705827713,0.0906173437833786,0.23495879769325256,0.11580226570367813,0.8927797675132751,0.8069161772727966,0.9179122447967529,0.9297341108322144,0.9612889885902405,0.9037712812423706,0.8252060413360596,0.9281032681465149,0.9375844597816467,0.9658330678939819,0.9023025035858154,0.8229224681854248,0.9304500818252563,0.9435210824012756,0.9679888486862183,0.7135225534439087,0.5585511922836304,0.9163833856582642,0.9478726983070374,0.9657484292984009,0.847842812538147,0.737257719039917,0.9266785979270935,0.9438695311546326,0.967175304889679
19,0.5496174097061157,0.08708790689706802,0.07601605355739594,0.07391537725925446,0.21156445145606995,0.10103361308574677,0.8986965417861938,0.8165140151977539,0.9237803816795349,0.9389399290084839,0.9651653170585632,0.9127655029296875,0.8400370478630066,0.9386237263679504,0.949312150478363,0.9715039134025574,0.9147024154663086,0.8433523178100586,0.9442025423049927,0.9545882344245911,0.9742587208747864,0.7384911775588989,0.590678334236145,0.9350948333740234,0.9560479521751404,0.9724239110946655,0.8606315851211548,0.7567826509475708,0.9395789504051208,0.9540920257568359,0.9730023741722107
20,0.5323427319526672,0.0852736234664917,0.0738135352730751,0.07199442386627197,0.2036275565624237,0.09763356298208237,0.9007182717323303,0.8197923898696899,0.9243719577789307,0.9396775364875793,0.9655041694641113,0.9151714444160461,0.844064474105835,0.9374975562095642,0.9529085159301758,0.9721840620040894,0.9178648591041565,0.8487319350242615,0.9437000155448914,0.9566727876663208,0.9746869206428528,0.7529465556144714,0.6087098121643066,0.9368098974227905,0.9579832553863525,0.9733480215072632,0.866594135761261,0.7659580707550049,0.9396505951881409,0.9562992453575134,0.9736007452011108
21,0.5331070423126221,0.08630504459142685,0.07504095882177353,0.07293710857629776,0.20091471076011658,0.09790927916765213,0.8985630869865417,0.8164891600608826,0.9234704375267029,0.9370385408401489,0.9645811319351196,0.9129678010940552,0.8406545519828796,0.9373298287391663,0.9493647217750549,0.9712048768997192,0.9157058000564575,0.8454824686050415,0.9437390565872192,0.9533187747001648,0.9738094210624695,0.7551450729370117,0.6133586764335632,0.9348630905151367,0.9559510350227356,0.9723420739173889,0.8650199174880981,0.7642297744750977,0.9388951063156128,0.9534122943878174,0.9726566672325134
22,0.49576252698898315,0.08154413849115372,0.06850936263799667,0.06596475839614868,0.18921542167663574,0.09052882343530655,0.9027299880981445,0.8233275413513184,0.9288837313652039,0.940538227558136,0.9668145179748535,0.9187557697296143,0.8504120707511902,0.9435925483703613,0.9536622166633606,0.9738649129867554,0.9224986433982849,0.8569708466529846,0.9493808150291443,0.9584560990333557,0.9765450358390808,0.7716332077980042,0.6340312361717224,0.9441553354263306,0.959600567817688,0.975567638874054,0.8740537762641907,0.7780320048332214,0.9459095001220703,0.957786500453949,0.9755198955535889
23,0.49281570315361023,0.08083246648311615,0.06847460567951202,0.06625645607709885,0.1873314082622528,0.08992068469524384,0.9040187001228333,0.8254033923149109,0.9280115365982056,0.94188392162323,0.9669659733772278,0.9196599721908569,0.8518507480621338,0.9433466792106628,0.9532501101493835,0.9736958146095276,0.9231758713722229,0.8579658269882202,0.9496060609817505,0.9581311941146851,0.9765142202377319,0.7751411199569702,0.6385523676872253,0.9431387782096863,0.9599484205245972,0.975409746170044,0.8756349086761475,0.7802795171737671,0.9456044435501099,0.9579578042030334,0.9754905104637146
24,0.5255980491638184,0.08571846783161163,0.07606247812509537,0.07397125661373138,0.1937650740146637,0.09608092159032822,0.9021040201187134,0.8220517039299011,0.9228609800338745,0.9377886652946472,0.9646372199058533,0.9163470268249512,0.8460922837257385,0.9338080286979675,0.9480224251747131,0.9699968099594116,0.9186233282089233,0.8500803709030151,0.938794732093811,0.9539996385574341,0.9727872014045715,0.7712833285331726,0.632982075214386,0.9289640784263611,0.9574366211891174,0.9712892174720764,0.8722528219223022,0.7746084332466125,0.9346004128456116,0.9537652134895325,0.9717053771018982
25,0.4884102940559387,0.08065377175807953,0.06934567540884018,0.06622814387083054,0.18302330374717712,0.08915941417217255,0.9046720266342163,0.8263290524482727,0.9309320449829102,0.9380202293395996,0.9666258096694946,0.9201521873474121,0.852541446685791,0.9431871175765991,0.949344277381897,0.9726165533065796,0.9233413934707642,0.8581175804138184,0.9479594230651855,0.9552968740463257,0.9753614664077759,0.7811134457588196,0.6461714506149292,0.9416050314903259,0.957348644733429,0.9743533134460449,0.8775025010108948,0.7830153107643127,0.9449781179428101,0.9548389911651611,0.9745139479637146
26,0.5323430895805359,0.0874975398182869,0.07847917824983597,0.07613448798656464,0.1928776651620865,0.09735425561666489,0.9009741544723511,0.8202560544013977,0.9227068424224854,0.9370366930961609,0.9643986225128174,0.9145100712776184,0.8431041240692139,0.93477463722229,0.9459104537963867,0.9696676135063171,0.9158948659896851,0.8456392884254456,0.9390530586242676,0.9511702060699463,0.9721016883850098,0.7736842632293701,0.6365491151809692,0.9271301627159119,0.955100953578949,0.97023606300354,0.8716788291931152,0.7741512656211853,0.9347246885299683,0.9513570070266724,0.9711015224456787
27,0.4675246477127075,0.07841159403324127,0.06570839136838913,0.06290245056152344,0.1754661500453949,0.08503594994544983,0.9074540734291077,0.8309788107872009,0.9292956590652466,0.9436264634132385,0.9677395820617676,0.9232462048530579,0.8578680753707886,0.9439865350723267,0.9558489322662354,0.9745394587516785,0.9279052019119263,0.8659388422966003,0.9502921104431152,0.959662675857544,0.9770864248275757,0.7899249196052551,0.6598062515258789,0.94407719373703,0.962354838848114,0.9762681722640991,0.8821990489959717,0.7908006310462952,0.9464098811149597,0.9601696133613586,0.9762689471244812
28,0.46575820446014404,0.07805587351322174,0.06580650061368942,0.06283929198980331,0.17427663505077362,0.08477994054555893,0.9072522521018982,0.8307240605354309,0.9303491115570068,0.9420835971832275,0.9675800800323486,0.9218810796737671,0.8556920289993286,0.9425721764564514,0.9546917080879211,0.973889172077179,0.9262880086898804,0.8634039163589478,0.9480424523353577,0.958807110786438,0.9763103127479553,0.7917065024375916,0.6616278886795044,0.9417651295661926,0.9612770676612854,0.9754198789596558,0.8821892738342285,0.7906850576400757,0.9448527693748474,0.9589774012565613,0.9755748510360718
29,0.4846966862678528,0.08238331228494644,0.07049450278282166,0.0665583461523056,0.17674852907657623,0.08851195126771927,0.905310332775116,0.8274811506271362,0.9288120865821838,0.937728762626648,0.9660411477088928,0.9206827878952026,0.8535328507423401,0.9418460130691528,0.9500954151153564,0.9724925756454468,0.9247395396232605,0.860536515712738,0.9474383592605591,0.9561105370521545,0.9754502773284912,0.7905747890472412,0.6586180925369263,0.9398188591003418,0.9598812460899353,0.9745791554450989,0.8809987902641296,0.7883936166763306,0.9434074759483337,0.9555529356002808,0.9743201732635498
30,0.4815264046192169,0.07994258403778076,0.06937345862388611,0.06755426526069641,0.17721761763095856,0.08743847161531448,0.9064182639122009,0.8293270468711853,0.9304777383804321,0.9403616189956665,0.9671486616134644,0.9206711649894714,0.8535113334655762,0.9430139660835266,0.9515231847763062,0.9731560349464417,0.9243066906929016,0.8598793148994446,0.9469054341316223,0.9563353657722473,0.9753798246383667,0.7909636497497559,0.6633424162864685,0.9406372904777527,0.9583420157432556,0.9743772745132446,0.8802050948143005,0.7882733345031738,0.9444646835327148,0.9566616415977478,0.9748705625534058
31,0.5052323937416077,0.08470581471920013,0.07515721023082733,0.07210623472929001,0.18122361600399017,0.09203964471817017,0.903669536113739,0.8249216079711914,0.9262216091156006,0.9375330209732056,0.9653702974319458,0.9185731410980225,0.850094199180603,0.9374220967292786,0.9494487643241882,0.971249520778656,0.9215574264526367,0.855311393737793,0.9424549341201782,0.9547650218009949,0.9738799929618835,0.7891574501991272,0.658217191696167,0.9337754249572754,0.9583417177200317,0.9726996421813965,0.8784048557281494,0.7850430607795715,0.938615083694458,0.9542760252952576,0.9728163480758667
32,0.4716830551624298,0.07995054125785828,0.06866594403982162,0.06508971005678177,0.17193034291267395,0.0860464945435524,0.9058261513710022,0.8285436630249023,0.9283035397529602,0.9431866407394409,0.9673839211463928,0.9210589528083801,0.8544448018074036,0.9403583407402039,0.9556713700294495,0.9736082553863525,0.9243597388267517,0.8602589964866638,0.9449824690818787,0.9617272019386292,0.9763267040252686,0.7923587560653687,0.6649826765060425,0.936061441898346,0.9659023880958557,0.9752126336097717,0.8806435465812683,0.7892904877662659,0.9416061043739319,0.961211621761322,0.9753638505935669
33,0.4513244032859802,0.07665645331144333,0.06437449157238007,0.061341531574726105,0.16688868403434753,0.08206319808959961,0.9082914590835571,0.8325089812278748,0.9324424862861633,0.9423404932022095,0.9681511521339417,0.9238882064819336,0.8591356873512268,0.946357250213623,0.9544444680213928,0.9747450351715088,0.9291355013847351,0.8683449625968933,0.9515138268470764,0.9591122269630432,0.9772401452064514,0.8025771975517273,0.6768812537193298,0.9466736316680908,0.9618390798568726,0.9767709970474243,0.8867721557617188,0.7982465624809265,0.9486237168312073,0.959044337272644,0.9765150547027588
34,0.4346705675125122,0.07464182376861572,0.06128769740462303,0.057871852070093155,0.1620897650718689,0.07877946645021439,0.9105990529060364,0.8363000154495239,0.9334204792976379,0.9441274404525757,0.9688649773597717,0.9274185299873352,0.8651262521743774,0.9464722871780396,0.9580084085464478,0.9757159352302551,0.932157576084137,0.873456597328186,0.9519930481910706,0.9627280235290527,0.9783101677894592,0.8053609132766724,0.6810713410377502,0.9479783773422241,0.9649702310562134,0.9779086112976074,0.8894174098968506,0.8023900985717773,0.9493352770805359,0.9622986912727356,0.9775447249412537
35,0.4495971202850342,0.07640743255615234,0.06469529122114182,0.06131403148174286,0.16546262800693512,0.08171769976615906,0.909320056438446,0.8341127634048462,0.9318053126335144,0.9424533247947693,0.9680285453796387,0.9246789216995239,0.8603765368461609,0.9437103271484375,0.9541926980018616,0.9740341305732727,0.9290165305137634,0.8679297566413879,0.9491485357284546,0.9579234719276428,0.9763475060462952,0.8018598556518555,0.6749723553657532,0.9428619742393494,0.9607892036437988,0.9755616784095764,0.8870949745178223,0.7983630895614624,0.9458448886871338,0.9583457708358765,0.9756513833999634
36,0.4246484339237213,0.073475182056427,0.06022915989160538,0.05584445595741272,0.15810498595237732,0.0769946426153183,0.912533700466156,0.8394775986671448,0.9328842759132385,0.9455341100692749,0.9691118001937866,0.9291715025901794,0.8680520057678223,0.9467045664787292,0.9581193327903748,0.975801944732666,0.9347534775733948,0.8778327703475952,0.9524456858634949,0.9633745551109314,0.9785910844802856,0.8114495873451233,0.6888078451156616,0.948639988899231,0.9653946161270142,0.9781820178031921,0.8929300904273987,0.807748019695282,0.9495181441307068,0.9626631140708923,0.9776851534843445
37,0.4299328923225403,0.07368288189172745,0.060836005955934525,0.057494357228279114,0.15996402502059937,0.07795561105012894,0.911704957485199,0.8381306529045105,0.9359920024871826,0.9425162076950073,0.9690501689910889,0.928430438041687,0.8668447732925415,0.9481564164161682,0.9575752019882202,0.9760130643844604,0.9335882067680359,0.8758719563484192,0.9528098702430725,0.962436318397522,0.9784342050552368,0.8098902106285095,0.6865281462669373,0.948399007320404,0.9639030694961548,0.9777340888977051,0.8918243646621704,0.8061481714248657,0.9505026936531067,0.961749255657196,0.9776872396469116
38,0.4213256537914276,0.07318808138370514,0.059415727853775024,0.05570356175303459,0.1566675901412964,0.07635064423084259,0.9122874140739441,0.8391695022583008,0.9329743385314941,0.9463995695114136,0.9693641066551208,0.9289263486862183,0.8677817583084106,0.9470177292823792,0.9604694843292236,0.9764966368675232,0.9340887069702148,0.8769066333770752,0.9517135620117188,0.9658662676811218,0.9790624380111694,0.8114262819290161,0.6899981498718262,0.9475442171096802,0.9676465392112732,0.9784957766532898,0.8922715187072754,0.8071755766868591,0.9490334987640381,0.9651303291320801,0.9782101511955261
39,0.4172523021697998,0.07266123592853546,0.05911841243505478,0.055013079196214676,0.15487754344940186,0.0755821019411087,0.9133469462394714,0.8408373594284058,0.9361569881439209,0.9440955519676208,0.9695144891738892,0.9304639101028442,0.870320737361908,0.9502584338188171,0.9574885964393616,0.9765035510063171,0.9358919858932495,0.8798943161964417,0.955227792263031,0.962822675704956,0.9791298508644104,0.8160154223442078,0.6954797506332397,0.9521260261535645,0.9653474688529968,0.9790287613868713,0.8949467539787292,0.811197817325592,0.9526904821395874,0.9620672464370728,0.978307843208313
40,0.4065282940864563,0.0709509402513504,0.05668460205197334,0.053146086633205414,0.15231849253177643,0.07342830300331116,0.9148730039596558,0.8434010148048401,0.93595290184021,0.9466966986656189,0.9701615571975708,0.9321231245994568,0.8731864094734192,0.9504120349884033,0.9604712724685669,0.977328896522522,0.9373594522476196,0.8824383020401001,0.9554888606071472,0.9643450975418091,0.9795944094657898,0.8171000480651855,0.6966551542282104,0.951748788356781,0.9665936827659607,0.9792606830596924,0.896501362323761,0.813598096370697,0.9528104066848755,0.9643511772155762,0.9789367914199829
41,0.40784329175949097,0.07176731526851654,0.05734685808420181,0.05313798785209656,0.1518539935350418,0.07373715937137604,0.9133264422416687,0.8408755660057068,0.9380055665969849,0.9443058967590332,0.9700155258178711,0.9315468668937683,0.8722754716873169,0.9514644145965576,0.9585192203521729,0.9770711660385132,0.9374642968177795,0.8827414512634277,0.9562274813652039,0.9636279344558716,0.9795876145362854,0.8165396451950073,0.6991543173789978,0.9528598189353943,0.9656848907470703,0.9792976975440979,0.8948013782501221,0.8116201758384705,0.9539452791213989,0.9628114700317383,0.9788118004798889
42,0.4299980103969574,0.0735306665301323,0.06175510212779045,0.058829884976148605,0.1580827385187149,0.07779964059591293,0.9136117696762085,0.8414210677146912,0.9330340623855591,0.9465789794921875,0.9694262146949768,0.9294050931930542,0.8687743544578552,0.9462704062461853,0.9577246308326721,0.975591778755188,0.9332674741744995,0.8756710290908813,0.9492191076278687,0.9643508791923523,0.9780527353286743,0.8127423524856567,0.6922361850738525,0.9436402916908264,0.9669036269187927,0.9773398637771606,0.8930152058601379,0.8083484172821045,0.9471523761749268,0.9636741876602173,0.9773677587509155
43,0.40665221214294434,0.07152146846055984,0.0574030838906765,0.053450096398591995,0.15070480108261108,0.07357270270586014,0.9145395159721375,0.8428747057914734,0.9360430240631104,0.9457007050514221,0.9699171781539917,0.9315593242645264,0.872270941734314,0.9491132497787476,0.9599970579147339,0.9768858551979065,0.9370715022087097,0.8820099830627441,0.9540923833847046,0.9644672274589539,0.9792827367782593,0.8182549476623535,0.7005589008331299,0.9515230655670166,0.9669917225837708,0.979308545589447,0.8956575989723206,0.8129266500473022,0.9518871903419495,0.9637821316719055,0.9785605669021606
44,0.43777015805244446,0.07433661818504333,0.06404589861631393,0.06067609414458275,0.15932096540927887,0.07939058542251587,0.9135928750038147,0.8412512540817261,0.9350661039352417,0.942832887172699,0.9689131379127502,0.9280688166618347,0.8661715984344482,0.9446563124656677,0.9533035159111023,0.9740282893180847,0.9322136044502258,0.8734551072120667,0.947918713092804,0.9588782787322998,0.9762988090515137,0.8113694787025452,0.6908107399940491,0.9415957927703857,0.9609115123748779,0.975283145904541,0.8915780782699585,0.8061659932136536,0.9458275437355042,0.9582891464233398,0.9756322503089905
45,0.4342222809791565,0.07436348497867584,0.06328876316547394,0.060292553156614304,0.15769164264202118,0.07858578860759735,0.9135937690734863,0.8412043452262878,0.9312077760696411,0.9460513591766357,0.968845546245575,0.9288656115531921,0.8674915432929993,0.9429564476013184,0.956308901309967,0.9744096398353577,0.9328409433364868,0.8745254278182983,0.9465830326080322,0.96138596534729,0.9766302108764648,0.8144994974136353,0.6921674013137817,0.9405336380004883,0.9649885296821594,0.9760796427726746,0.8937616944313049,0.8089746236801147,0.9440120458602905,0.9615580439567566,0.9760444164276123
46,0.40022382140159607,0.06980075687170029,0.05651890113949776,0.05274531990289688,0.14886046946048737,0.07229838520288467,0.9155800342559814,0.8447567820549011,0.9393607974052429,0.9457818269729614,0.9707382321357727,0.932702362537384,0.8743705153465271,0.9530660510063171,0.9579804539680481,0.9773198962211609,0.9379018545150757,0.8835963010787964,0.9576207399368286,0.962630033493042,0.9796669483184814,0.8222814798355103,0.704643964767456,0.9547501802444458,0.9647971391677856,0.9795311689376831,0.8984215259552002,0.8171491026878357,0.955421507358551,0.9623451828956604,0.9790516495704651
47,0.3971179723739624,0.06958497315645218,0.05619441717863083,0.052148111164569855,0.1474866420030594,0.07170386612415314,0.9163747429847717,0.8461366295814514,0.9360147714614868,0.9487190842628479,0.9707151651382446,0.933769166469574,0.8762884140014648,0.9492934346199036,0.9616125226020813,0.9773545861244202,0.9388909935951233,0.885366678237915,0.9538313150405884,0.9667056202888489,0.979803740978241,0.8221588730812073,0.7053611874580383,0.9502264261245728,0.9687678217887878,0.9794489145278931,0.8987153768539429,0.8178271055221558,0.951483964920044,0.966274619102478,0.9791122674942017
48,0.3784468173980713,0.06751901656389236,0.05201125890016556,0.048123959451913834,0.14268730580806732,0.0681052878499031,0.9187999963760376,0.8501554727554321,0.9394422173500061,0.9479856491088867,0.971347987651825,0.936948299407959,0.881747305393219,0.955277144908905,0.9613163471221924,0.978744626045227,0.942450761795044,0.8915391564369202,0.9600570797920227,0.9667099118232727,0.9813413023948669,0.8264222145080566,0.7114184498786926,0.9576424360275269,0.9685788154602051,0.9812338948249817,0.9021582007408142,0.8231954574584961,0.957581102848053,0.9656336903572083,0.9804480671882629
49,0.39987415075302124,0.06964413821697235,0.0566847026348114,0.05363122373819351,0.14775413274765015,0.0721600279211998,0.9177381992340088,0.8483419418334961,0.9384462833404541,0.9480206370353699,0.9711167812347412,0.9349347949028015,0.8782341480255127,0.9494855999946594,0.9626936912536621,0.9776851534843445,0.9405158758163452,0.8881848454475403,0.9536136984825134,0.9675095677375793,0.9799595475196838,0.8248740434646606,0.7081129550933838,0.9510573744773865,0.9692353010177612,0.9797754287719727,0.9008216857910156,0.8207745552062988,0.9521862864494324,0.966512143611908,0.9793473482131958
50,0.3987500071525574,0.06919369101524353,0.05672088637948036,0.05296351760625839,0.14772948622703552,0.07214237749576569,0.9164177775382996,0.8460565209388733,0.938988983631134,0.9467096328735352,0.9708973169326782,0.9336575865745544,0.8759428262710571,0.9514888525009155,0.9588426351547241,0.9771627187728882,0.9379984736442566,0.8836353421211243,0.954807698726654,0.9648145437240601,0.9795498847961426,0.822648823261261,0.7054887413978577,0.9502003788948059,0.9676008820533752,0.9791401028633118,0.8987775444984436,0.8175095915794373,0.952852189540863,0.9643071293830872,0.9789355397224426
51,0.3773801028728485,0.06720978766679764,0.05241318792104721,0.04822782054543495,0.14156405627727509,0.06796528398990631,0.9197222590446472,0.8516731858253479,0.9384294152259827,0.9503828287124634,0.9717415571212769,0.937412440776825,0.8825265765190125,0.9532635807991028,0.9625373482704163,0.9785722494125366,0.9427779912948608,0.8921122550964355,0.9579740166664124,0.9669725298881531,0.98089599609375,0.8301723003387451,0.7160081267356873,0.9562405347824097,0.9685256481170654,0.9808734059333801,0.9038694500923157,0.825806200504303,0.955912172794342,0.9665995836257935,0.9802895188331604
52,0.39155203104019165,0.06851176917552948,0.055410414934158325,0.05162353813648224,0.1453959047794342,0.07061037421226501,0.9194519519805908,0.8511598110198975,0.9392538666725159,0.9473924040794373,0.9711439609527588,0.9359830021858215,0.8799578547477722,0.9513298273086548,0.9602758884429932,0.9775022864341736,0.9409388899803162,0.8888053297996521,0.9549254775047302,0.9660094976425171,0.979891836643219,0.8248821496963501,0.7095017433166504,0.9501070380210876,0.9687254428863525,0.9794083833694458,0.9009214639663696,0.8212882876396179,0.952695369720459,0.9652761220932007,0.9791504144668579
53,0.3949030339717865,0.06832711398601532,0.056157536804676056,0.05317528918385506,0.1462079882621765,0.07103513181209564,0.9181845784187317,0.8492367267608643,0.9388978481292725,0.9478095173835754,0.9711694717407227,0.9348145127296448,0.8782324194908142,0.9500918388366699,0.9599486589431763,0.9771127700805664,0.939609944820404,0.8868518471717834,0.954088568687439,0.9648784399032593,0.9793895483016968,0.8245090246200562,0.7102541923522949,0.9509053826332092,0.9668781161308289,0.979126513004303,0.8999693393707275,0.8202260732650757,0.9523528814315796,0.9646776914596558,0.9789095520973206
54,0.39530909061431885,0.0688067376613617,0.056073855608701706,0.05270813778042793,0.14639420807361603,0.0713261291384697,0.9178977012634277,0.8486419916152954,0.9363399147987366,0.9491154551506042,0.9708991050720215,0.9350093007087708,0.8783993721008301,0.9498975276947021,0.9611718058586121,0.977387011051178,0.9393904209136963,0.8862239718437195,0.9540712237358093,0.9657338857650757,0.9796091318130493,0.8219460248947144,0.7051459550857544,0.9473091959953308,0.9689607620239258,0.9787771105766296,0.8996286392211914,0.8191527128219604,0.951063334941864,0.9656851291656494,0.9788549542427063
55,0.37818583846092224,0.06635682284832001,0.05275985598564148,0.04949861392378807,0.14151154458522797,0.06805901229381561,0.9199829697608948,0.8522219657897949,0.9415540099143982,0.9480351209640503,0.9718713760375977,0.9376853108406067,0.8831081986427307,0.9555647969245911,0.9605681300163269,0.9786173105239868,0.9425210356712341,0.8917701840400696,0.9588109254837036,0.9655511975288391,0.9807295203208923,0.8301765322685242,0.7169390320777893,0.957076370716095,0.9672942161560059,0.980758547782898,0.9036849737167358,0.8259224891662598,0.9573319554328918,0.9648427963256836,0.980178952217102
56,0.36900031566619873,0.0658116340637207,0.051119059324264526,0.04711737483739853,0.13853634893894196,0.0664159506559372,0.9208705425262451,0.8536422848701477,0.94089674949646,0.9494606852531433,0.9720934629440308,0.9388164281845093,0.8850015997886658,0.9544364809989929,0.9628557562828064,0.9789441227912903,0.9438844323158264,0.8940736651420593,0.958590030670166,0.9683061838150024,0.9813970327377319,0.8307996392250061,0.717393696308136,0.9558209776878357,0.9702913165092468,0.9812286496162415,0.9047750234603882,0.8274990916252136,0.9564065933227539,0.967437744140625,0.98063063621521
57,0.373759925365448,0.0658908486366272,0.05234877020120621,0.0484004020690918,0.13978342711925507,0.06733646988868713,0.9210633635520935,0.8540138006210327,0.9399046301841736,0.9503019452095032,0.9720773696899414,0.9385773539543152,0.8846630454063416,0.9526296854019165,0.9630177021026611,0.978542685508728,0.9432634115219116,0.8930533528327942,0.9568342566490173,0.968046247959137,0.9808951616287231,0.8289225697517395,0.7155793905258179,0.9541780948638916,0.9701806902885437,0.9807929396629333,0.9039422869682312,0.8262014389038086,0.9548717141151428,0.9674743413925171,0.9802610874176025
58,0.3839316666126251,0.06614556163549423,0.05436136573553085,0.05111100897192955,0.14329971373081207,0.0690140575170517,0.921448290348053,0.8546668887138367,0.9414818286895752,0.9484148621559143,0.9719555974006653,0.9375649094581604,0.8828434348106384,0.9534953236579895,0.9594299793243408,0.9778091311454773,0.9421170949935913,0.8909623622894287,0.9565216898918152,0.9643922448158264,0.9798610210418701,0.8305370807647705,0.7170202732086182,0.952803909778595,0.9663612246513367,0.9794604182243347,0.9042341709136963,0.8266445398330688,0.9551007747650146,0.9641557335853577,0.9794492125511169
59,0.36288556456565857,0.06459484994411469,0.05001009628176689,0.046289391815662384,0.13688890635967255,0.06510232388973236,0.9227878451347351,0.8569883704185486,0.9423496723175049,0.9508237242698669,0.9728087186813354,0.941460371017456,0.889727771282196,0.956489086151123,0.9641362428665161,0.9797857403755188,0.9462852478027344,0.8984225392341614,0.9606394171714783,0.9685178995132446,0.9819591045379639,0.8338686227798462,0.7220475077629089,0.9582350850105286,0.9702765345573425,0.9818229079246521,0.9073096513748169,0.8317442536354065,0.9585064649581909,0.9678779244422913,0.9812644124031067
60,0.37253430485725403,0.06571456044912338,0.052596163004636765,0.04843265190720558,0.13869310915470123,0.06709785759449005,0.921995222568512,0.8555572032928467,0.9409211874008179,0.9506223797798157,0.9724088907241821,0.9385451078414917,0.8845062851905823,0.9526655077934265,0.9635709524154663,0.9786966443061829,0.9438552260398865,0.893994927406311,0.9574703574180603,0.9680402278900146,0.9810507893562317,0.8325571417808533,0.7195549607276917,0.9540852904319763,0.9705458283424377,0.9808645248413086,0.9056359529495239,0.8288112282752991,0.9553499221801758,0.9676406383514404,0.9804225564002991
61,0.35707902908325195,0.06318563967943192,0.04888087138533592,0.04542968049645424,0.1354759782552719,0.06410688906908035,0.9235958456993103,0.8583247661590576,0.9440180063247681,0.9503862261772156,0.9730962514877319,0.9417067766189575,0.8901448845863342,0.9582367539405823,0.9636220335960388,0.9800801873207092,0.9466304183006287,0.8989952802658081,0.9620608687400818,0.9682973623275757,0.9822527766227722,0.8355088233947754,0.7251307964324951,0.959693968296051,0.969758927822113,0.9820494055747986,0.9080072641372681,0.8330110311508179,0.9602236747741699,0.9676195979118347,0.9816210865974426
62,0.3675214648246765,0.06509831547737122,0.051471319049596786,0.04742804914712906,0.13737852871418,0.06614524126052856,0.9226341247558594,0.8568105697631836,0.9413119554519653,0.9505642652511597,0.9724881052970886,0.9398120045661926,0.8869585394859314,0.9538866877555847,0.9635118246078491,0.9789814352989197,0.9446722269058228,0.8956393599510193,0.9574790596961975,0.9682658314704895,0.9811118245124817,0.8330569863319397,0.720402181148529,0.9541032314300537,0.9707704186439514,0.980927050113678,0.9064624905586243,0.8302196860313416,0.955769956111908,0.9678298830986023,0.980575680732727
63,0.35410282015800476,0.06288222968578339,0.04832763597369194,0.04497417062520981,0.13441990315914154,0.0634988397359848,0.9245412945747375,0.8598964810371399,0.9434905052185059,0.9510196447372437,0.9731374382972717,0.9428998231887817,0.8921912312507629,0.957545816898346,0.9646251201629639,0.9801744222640991,0.9478519558906555,0.9011136889457703,0.9610524773597717,0.969121515750885,0.9822192192077637,0.8378092050552368,0.7263420224189758,0.9586345553398132,0.9713231325149536,0.9821939468383789,0.9098901748657227,0.8355964422225952,0.9596120119094849,0.9687505960464478,0.981765866279602
64,0.3790845572948456,0.06613780558109283,0.05395382270216942,0.0502033494412899,0.14049972593784332,0.06828989833593369,0.9218562245368958,0.8553667664527893,0.9401960372924805,0.9496310353279114,0.9719693064689636,0.9378977417945862,0.8834299445152283,0.9519219398498535,0.9608967304229736,0.9778110980987549,0.9426316022872925,0.8918523788452148,0.9552028179168701,0.9654202461242676,0.9798059463500977,0.8309838771820068,0.7185412049293518,0.9514817595481873,0.9673120975494385,0.9793816208839417,0.9044377207756042,0.8269590735435486,0.9534074068069458,0.9649915099143982,0.9792513847351074
65,0.39441201090812683,0.06768336147069931,0.05776887387037277,0.05392025038599968,0.14396950602531433,0.07107008248567581,0.9216952323913574,0.8551214337348938,0.9404250979423523,0.9475176930427551,0.971460223197937,0.9365688562393188,0.8811540603637695,0.950594425201416,0.9572449922561646,0.9765210151672363,0.9407927989959717,0.8886866569519043,0.9539887309074402,0.9626201391220093,0.9787721037864685,0.828069806098938,0.7148893475532532,0.9489195346832275,0.9658316373825073,0.9783645868301392,0.9024844765663147,0.8239651322364807,0.9521770477294922,0.9624413251876831,0.9782800674438477
66,0.36342063546180725,0.06392461061477661,0.05037020891904831,0.04718312621116638,0.13671812415122986,0.06522458791732788,0.9237163662910461,0.8584843873977661,0.9418095946311951,0.9523236751556396,0.973076581954956,0.9412074685096741,0.8891735672950745,0.9539843797683716,0.9652578234672546,0.9794632196426392,0.9454126358032227,0.8967767953872681,0.9578410387039185,0.9683778285980225,0.9812305569648743,0.8340149521827698,0.7220337390899658,0.9539827108383179,0.9705727696418762,0.9808460474014282,0.9074755311012268,0.8318010568618774,0.9559040069580078,0.9686326384544373,0.9808180332183838
67,0.3471846580505371,0.06212639436125755,0.04714474081993103,0.04367922618985176,0.1319808065891266,0.06225345656275749,0.9253247976303101,0.8611857891082764,0.9449102878570557,0.9516037702560425,0.9736375212669373,0.9438040852546692,0.8937813639640808,0.9586356282234192,0.9657436013221741,0.9807369112968445,0.9488180875778198,0.9028486609458923,0.9624532461166382,0.9701082706451416,0.9828240275382996,0.840602457523346,0.7311256527900696,0.960568904876709,0.9719932675361633,0.9828479886054993,0.9112703204154968,0.8380119204521179,0.9609020948410034,0.9695807099342346,0.9823020100593567
68,0.3334284722805023,0.06057584658265114,0.04449157416820526,0.04067714884877205,0.1281183809041977,0.05956560745835304,0.9268726706504822,0.8639518618583679,0.9441607594490051,0.9546141028404236,0.974255383014679,0.9463964104652405,0.8984784483909607,0.9598676562309265,0.9682998657226562,0.981711208820343,0.9514665603637695,0.907676637172699,0.9641726613044739,0.9721413254737854,0.9837811589241028,0.8428604602813721,0.7356755137443542,0.9635843634605408,0.9733260273933411,0.9839434623718262,0.913284420967102,0.8416244387626648,0.9624103903770447,0.9717603921890259,0.9832444787025452
69,0.3321843147277832,0.06007960066199303,0.044069088995456696,0.040583908557891846,0.12806636095046997,0.05938534438610077,0.9266390204429626,0.8635605573654175,0.9459490776062012,0.9532350301742554,0.9743242859840393,0.9461259245872498,0.8979839086532593,0.9610068798065186,0.9675710797309875,0.9818018078804016,0.9514284133911133,0.907609760761261,0.9646307229995728,0.9716210961341858,0.9837591052055359,0.8421193957328796,0.7348901629447937,0.9634774327278137,0.9731929302215576,0.9838823080062866,0.9129585027694702,0.8412581086158752,0.963066041469574,0.9712263941764832,0.9832679033279419
70,0.3384971022605896,0.060714270919561386,0.04567177966237068,0.042076677083969116,0.1294410675764084,0.06059330329298973,0.9268794655799866,0.8640251159667969,0.9449254870414734,0.9538938999176025,0.9742504954338074,0.9457367062568665,0.8973636031150818,0.9590790867805481,0.9670405387878418,0.9811866283416748,0.9509766101837158,0.9068414568901062,0.9628679156303406,0.9710930585861206,0.9831839799880981,0.8408500552177429,0.7324371933937073,0.9615572094917297,0.9722943902015686,0.9831716418266296,0.9124721884727478,0.8403880596160889,0.9613113403320312,0.9706793427467346,0.982690155506134
71,0.35639819502830505,0.06243468075990677,0.049433089792728424,0.04623693972826004,0.13434769213199615,0.06394579261541367,0.9256595969200134,0.8618506789207458,0.944389283657074,0.9521381258964539,0.9736534953117371,0.9427857995033264,0.8920820355415344,0.956512987613678,0.964057981967926,0.9797710180282593,0.9470334649085999,0.8997863531112671,0.9585292339324951,0.9681168794631958,0.981332540512085,0.8379604816436768,0.7277399301528931,0.9542600512504578,0.9708431363105774,0.9809847474098206,0.909757137298584,0.8356225490570068,0.9574215412139893,0.9684872031211853,0.9811553955078125
72,0.3312503695487976,0.05969223007559776,0.044252388179302216,0.04052715748548508,0.12755848467350006,0.05922003835439682,0.9284915328025818,0.8666958808898926,0.9467344284057617,0.9536217451095581,0.974618136882782,0.9473702907562256,0.9001548886299133,0.9607903361320496,0.9674498438835144,0.981716513633728,0.9524596929550171,0.9094004034996033,0.9647876024246216,0.9713245630264282,0.9837205410003662,0.845742404460907,0.7375718951225281,0.9628787636756897,0.9732429385185242,0.9837464690208435,0.9154468178749084,0.8448147177696228,0.9629813432693481,0.9711378216743469,0.9832237958908081
73,0.3276212215423584,0.05912380665540695,0.043773580342531204,0.039746083319187164,0.12643885612487793,0.058538857847452164,0.9279692769050598,0.8659223914146423,0.947222888469696,0.9541747570037842,0.974884033203125,0.9467369914054871,0.8992104530334473,0.9622822999954224,0.9666599631309509,0.9818772673606873,0.9521885514259338,0.909086287021637,0.9654220342636108,0.9710432887077332,0.9838043451309204,0.8450636267662048,0.7381728887557983,0.9636728167533875,0.9728100895881653,0.9838312268257141,0.9145933389663696,0.8439101576805115,0.9639110565185547,0.9707874655723572,0.9833627939224243
74,0.331135630607605,0.05922772362828255,0.04429604858160019,0.04097246006131172,0.1275126039981842,0.0591268353164196,0.9288024306297302,0.8673244118690491,0.9471827745437622,0.9537041783332825,0.9747490882873535,0.9472084045410156,0.9000124335289001,0.9611306190490723,0.9675867557525635,0.9818364977836609,0.9519895315170288,0.9086686968803406,0.9651284217834473,0.9704899787902832,0.9835866689682007,0.84358811378479,0.7362733483314514,0.9632385969161987,0.9722892045974731,0.9835878014564514,0.9142882823944092,0.8435105681419373,0.9634888172149658,0.9706821441650391,0.9832305908203125
75,0.3330768346786499,0.059530846774578094,0.04463963955640793,0.04131779074668884,0.12808100879192352,0.059507571160793304,0.9282863736152649,0.8663735389709473,0.9464576244354248,0.9545081257820129,0.9747864007949829,0.9464648365974426,0.8985828161239624,0.9601976275444031,0.9675102829933167,0.9815859794616699,0.9513638615608215,0.9074833393096924,0.963607132434845,0.9711369276046753,0.9833787679672241,0.8416765332221985,0.7364487648010254,0.9613889455795288,0.9726788997650146,0.9832297563552856,0.9124085903167725,0.8409302234649658,0.9621351957321167,0.9710988402366638,0.9830037951469421
76,0.3362126350402832,0.06023554503917694,0.04539491608738899,0.04190710932016373,0.12859071791172028,0.060084402561187744,0.927757978439331,0.8655470609664917,0.9446579217910767,0.9545809030532837,0.974367618560791,0.9461493492126465,0.8981393575668335,0.9580711722373962,0.9679789543151855,0.9811832904815674,0.9508606195449829,0.9066667556762695,0.9619647860527039,0.9712790250778198,0.9830085039138794,0.8420851230621338,0.7351810932159424,0.9590111970901489,0.9732853174209595,0.9827961325645447,0.9129045605659485,0.8413994312286377,0.959945797920227,0.9714044332504272,0.9825403094291687
77,0.3214098811149597,0.058010052889585495,0.04240867495536804,0.038956623524427414,0.1247360035777092,0.057298507541418076,0.9297574162483215,0.868916392326355,0.9472527503967285,0.955271303653717,0.9751825332641602,0.9489812850952148,0.903069257736206,0.9627392888069153,0.9682957530021667,0.9824200868606567,0.9537281394004822,0.9117067456245422,0.9662253260612488,0.9720645546913147,0.9842706918716431,0.8470038771629333,0.7411790490150452,0.9648798704147339,0.9737713932991028,0.984381377696991,0.9164795875549316,0.8469148874282837,0.9646497368812561,0.9718846678733826,0.983832597732544
78,0.3552173674106598,0.06317531317472458,0.049753013998270035,0.04596308246254921,0.13269910216331482,0.06362686306238174,0.9260019659996033,0.862492561340332,0.943463921546936,0.9522134065628052,0.9734488725662231,0.9430596828460693,0.8926214575767517,0.9560543894767761,0.9639078974723816,0.9796186685562134,0.9477646350860596,0.9011021852493286,0.960018515586853,0.9686461687088013,0.981839120388031,0.8391156792640686,0.7298489212989807,0.9558426737785339,0.9713285565376282,0.981502890586853,0.9104466438293457,0.837009072303772,0.9578313231468201,0.9686517715454102,0.981299638748169
79,0.31795963644981384,0.058015938848257065,0.041674189269542694,0.038201622664928436,0.12349598854780197,0.05657193064689636,0.9298416376113892,0.869070827960968,0.9497368931770325,0.953596830368042,0.9753414988517761,0.9501284956932068,0.9051730036735535,0.9647002220153809,0.9682980179786682,0.9829054474830627,0.9549216628074646,0.9139361381530762,0.967951238155365,0.9719095230102539,0.9846585392951965,0.8486419916152954,0.7449293732643127,0.9670459628105164,0.973248302936554,0.9847836494445801,0.9171629548072815,0.8482862114906311,0.9666182398796082,0.9716354012489319,0.9842559695243835
80,0.33653518557548523,0.05931849032640457,0.04582288861274719,0.0427897684276104,0.12843292951583862,0.06017119064927101,0.928659975528717,0.8671473860740662,0.9455007910728455,0.9551314115524292,0.9747186899185181,0.9462233185768127,0.8983215093612671,0.9580445885658264,0.9674772620201111,0.9810455441474915,0.9504826664924622,0.9060545563697815,0.9605705142021179,0.9712849259376526,0.9826642274856567,0.8432909846305847,0.737396240234375,0.957737922668457,0.9740501642227173,0.9826771020889282,0.9132108688354492,0.842146098613739,0.9595116376876831,0.9716289043426514,0.9824909567832947
81,0.32475703954696655,0.05835540592670441,0.04331601411104202,0.039766259491443634,0.125314861536026,0.0580044761300087,0.9293156266212463,0.8682436943054199,0.9475268721580505,0.9545409679412842,0.9750553369522095,0.9483497142791748,0.9020460844039917,0.9621243476867676,0.9673689007759094,0.9820247292518616,0.9527656435966492,0.9100896120071411,0.9655126929283142,0.9711244106292725,0.9838480353355408,0.845740556716919,0.7401536703109741,0.9635365605354309,0.9725510478019714,0.9837299585342407,0.9154811501502991,0.8455649614334106,0.9639631509780884,0.9708834290504456,0.983400821685791
82,0.31503868103027344,0.057187195867300034,0.04125472530722618,0.03782105818390846,0.12259437143802643,0.056181348860263824,0.9307993650436401,0.870781421661377,0.9488983750343323,0.9558426737785339,0.9757351875305176,0.9502184987068176,0.9053770303726196,0.9638665914535522,0.9690496921539307,0.9828966856002808,0.9549368023872375,0.9139746427536011,0.9673487544059753,0.9725257158279419,0.9846701622009277,0.8489087820053101,0.7436231374740601,0.9662084579467773,0.9741070866584778,0.9847992062568665,0.9179510474205017,0.8493478298187256,0.9659892320632935,0.9724732637405396,0.9843187928199768
83,0.32384955883026123,0.05813058838248253,0.04342466965317726,0.03971755877137184,0.12477286159992218,0.05780387297272682,0.9302585124969482,0.8698758482933044,0.946971595287323,0.9551352262496948,0.9750779867172241,0.9487674236297607,0.9027984142303467,0.9611278772354126,0.9678627252578735,0.9819082021713257,0.9531066417694092,0.910715639591217,0.9641911387443542,0.972308337688446,0.9838293194770813,0.8455684781074524,0.7404500246047974,0.9621374011039734,0.9739559292793274,0.9837471842765808,0.9157006740570068,0.845920741558075,0.9627794623374939,0.9718039035797119,0.9833474159240723
84,0.31300368905067444,0.05679994076490402,0.040921587496995926,0.037551891058683395,0.121978260576725,0.05575205758213997,0.9314428567886353,0.8718460202217102,0.9494134187698364,0.9556671380996704,0.9758141040802002,0.950531542301178,0.9058778882026672,0.9640684723854065,0.969524621963501,0.9830712080001831,0.9554219245910645,0.9148080348968506,0.9676809310913086,0.9724324941635132,0.9847283363342285,0.849022626876831,0.74474036693573,0.9660065770149231,0.9746090173721313,0.9848794937133789,0.9180713891983032,0.8496429324150085,0.9660294055938721,0.9727007746696472,0.9843881726264954
85,0.30607840418815613,0.055734213441610336,0.03957190364599228,0.03615562617778778,0.12023482471704483,0.05438185855746269,0.9326099157333374,0.8739194869995117,0.9491751194000244,0.9572461247444153,0.9761747717857361,0.9522156715393066,0.9089691042900085,0.9647023677825928,0.9708048701286316,0.9835634827613831,0.9571181535720825,0.917932391166687,0.9684348106384277,0.9739634990692139,0.9853156208992004,0.8527317643165588,0.7500410676002502,0.9676440358161926,0.9752950072288513,0.9854655861854553,0.9203828573226929,0.8536256551742554,0.9670568108558655,0.9739375114440918,0.9849660992622375
86,0.32664409279823303,0.058244574815034866,0.0439908429980278,0.040707606822252274,0.12542523443698883,0.05827581509947777,0.9305965304374695,0.870354175567627,0.9484918117523193,0.9545438885688782,0.9752910137176514,0.9490998983383179,0.9033251404762268,0.9621243476867676,0.9669899940490723,0.9819251298904419,0.9537470936775208,0.9118074178695679,0.9654052257537842,0.9705341458320618,0.9836668372154236,0.8484654426574707,0.7423566579818726,0.9636527299880981,0.9716101288795471,0.983513593673706,0.9173693656921387,0.8482484817504883,0.9641015529632568,0.9702680706977844,0.9832741618156433
87,0.3146734833717346,0.05634835362434387,0.04145784303545952,0.03828604146838188,0.1224890947341919,0.05609205365180969,0.9319138526916504,0.8727387189865112,0.9489010572433472,0.9570854902267456,0.9760653376579285,0.9500008225440979,0.9050536155700684,0.9623870849609375,0.9702209234237671,0.9828370809555054,0.9548913836479187,0.9139358997344971,0.9660771489143372,0.9734553098678589,0.9845967888832092,0.8480308651924133,0.7438358068466187,0.9632798433303833,0.9757884740829468,0.9845060706138611,0.9175507426261902,0.8490740060806274,0.964435875415802,0.9739208221435547,0.9843097925186157
88,0.30110040307044983,0.05517753213644028,0.03844242915511131,0.0352247916162014,0.11878076195716858,0.05347484350204468,0.9331865310668945,0.8748557567596436,0.9497401118278503,0.957964301109314,0.9765028357505798,0.9534456133842468,0.9111323356628418,0.9657981991767883,0.9718126058578491,0.9840987920761108,0.9580563902854919,0.919601321220398,0.9690660238265991,0.9749218821525574,0.9857226014137268,0.8534020781517029,0.7505717873573303,0.9685162305831909,0.9762077331542969,0.9859201312065125,0.921225368976593,0.8549227714538574,0.9678388833999634,0.9750086665153503,0.985439658164978
89,0.3116150200366974,0.05602262541651726,0.040816646069288254,0.03767245635390282,0.12172292172908783,0.05538040027022362,0.9323238730430603,0.8734211921691895,0.9496549367904663,0.9561693072319031,0.9760063886642456,0.95142662525177,0.9075910449028015,0.9638128280639648,0.9697121381759644,0.9830570816993713,0.9557822942733765,0.9155746698379517,0.9665411710739136,0.9735491275787354,0.9847366213798523,0.8470959663391113,0.7450107336044312,0.9649254679679871,0.9749869704246521,0.9847084879875183,0.9171016216278076,0.8489277362823486,0.9654703736305237,0.9733868837356567,0.9844281077384949
90,0.31008580327033997,0.05587068572640419,0.04049761965870857,0.03747396543622017,0.12115389108657837,0.055089738219976425,0.9333669543266296,0.8752148747444153,0.9515230655670166,0.9551044702529907,0.9761784076690674,0.952329158782959,0.9091504812240601,0.9651257395744324,0.9686807990074158,0.9831113219261169,0.9568039178848267,0.9173550605773926,0.9683533906936646,0.9715101718902588,0.984653651714325,0.8523020148277283,0.747429370880127,0.9666573405265808,0.9733649492263794,0.9847174882888794,0.9207360148429871,0.8539474010467529,0.9670339822769165,0.9718555212020874,0.9844167828559875
91,0.3122195303440094,0.05602669343352318,0.04123680666089058,0.03785749524831772,0.12150494009256363,0.05559361353516579,0.932793378829956,0.8742697834968567,0.9475767612457275,0.9586544632911682,0.9761561751365662,0.9515426754951477,0.9077747464179993,0.9621607065200806,0.9708857536315918,0.9829545617103577,0.9560915231704712,0.9160751104354858,0.9653699398040771,0.9745579957962036,0.984707772731781,0.8502071499824524,0.746368408203125,0.9637943506240845,0.9759394526481628,0.9846733808517456,0.9192394018173218,0.8517056703567505,0.9639968276023865,0.9742736220359802,0.984292209148407
92,0.3135564923286438,0.0564962774515152,0.041325826197862625,0.03812798112630844,0.12179052084684372,0.0558159165084362,0.9326953291893005,0.8740070462226868,0.9496549367904663,0.9562236666679382,0.9760208129882812,0.9513099193572998,0.9072472453117371,0.9635723829269409,0.9690125584602356,0.9828141927719116,0.9557049870491028,0.9152871966362,0.9670708775520325,0.9718820452690125,0.9844328165054321,0.8514829874038696,0.7466520071029663,0.96471107006073,0.973517894744873,0.9842734336853027,0.9197335243225098,0.8522237539291382,0.9654822945594788,0.972178041934967,0.9841158986091614
93,0.30993765592575073,0.05612073093652725,0.04083595797419548,0.03736355900764465,0.120413638651371,0.05520371347665787,0.9327707886695862,0.874245285987854,0.9494616985321045,0.9556739926338196,0.975827693939209,0.9515141844749451,0.9077419638633728,0.964855968952179,0.9690287113189697,0.983135998249054,0.9562458395957947,0.9163805842399597,0.9677981734275818,0.9725110530853271,0.9847779870033264,0.8518847823143005,0.7473191618919373,0.9664049744606018,0.9742347598075867,0.9848813414573669,0.9200477600097656,0.8528125882148743,0.966644823551178,0.9725232720375061,0.984494686126709
94,0.30117368698120117,0.05461745336651802,0.03883793205022812,0.03560889884829521,0.11866442859172821,0.053444959223270416,0.9343296885490417,0.8769305944442749,0.9504717588424683,0.9576846361160278,0.9766075611114502,0.9533461928367615,0.9110067486763,0.9647251963615417,0.9714549779891968,0.9837391376495361,0.9577457904815674,0.9190829396247864,0.9683224558830261,0.9744595289230347,0.9854170083999634,0.8521623015403748,0.750917911529541,0.9673113226890564,0.975269615650177,0.9853761196136475,0.9204511046409607,0.854124128818512,0.9670301675796509,0.9744630455970764,0.9850963354110718
95,0.29638177156448364,0.053845807909965515,0.03784613683819771,0.034709904342889786,0.11743581295013428,0.05254410579800606,0.9347444176673889,0.8776188492774963,0.9518476128578186,0.9581162929534912,0.9770581126213074,0.9544133543968201,0.9129151701927185,0.9670888185501099,0.9714475274085999,0.9843235611915588,0.9591544270515442,0.9216294288635254,0.9701156616210938,0.9745762348175049,0.9858937859535217,0.8541575074195862,0.7520880699157715,0.969234824180603,0.9756835699081421,0.9859630465507507,0.9222695827484131,0.8567841053009033,0.9690828323364258,0.9745216369628906,0.9856224656105042
96,0.3127932548522949,0.056394945830106735,0.04132070019841194,0.038191452622413635,0.12117350846529007,0.05571256950497627,0.9326908588409424,0.8740695714950562,0.9495767951011658,0.9555559158325195,0.9758244156837463,0.9515420794487,0.9077776670455933,0.9638052582740784,0.9688944816589355,0.9828407764434814,0.9556569457054138,0.9153098464012146,0.9663408994674683,0.9727369546890259,0.9844750165939331,0.8506994247436523,0.7486686706542969,0.9644407629966736,0.9742418527603149,0.9843944311141968,0.9188042283058167,0.8512492179870605,0.9652136564254761,0.9724559783935547,0.9841216802597046
97,0.2936214804649353,0.05372445285320282,0.03731248527765274,0.03418447822332382,0.11630149930715561,0.052098598331213,0.9340723156929016,0.8765124678611755,0.9514128565788269,0.9582728743553162,0.9769933819770813,0.9545848965644836,0.9132903218269348,0.9678323864936829,0.9714894890785217,0.9845190048217773,0.9589247703552246,0.9212557077407837,0.9704988598823547,0.9745674133300781,0.9859868884086609,0.8541366457939148,0.7536227703094482,0.9696380496025085,0.9763983488082886,0.9862494468688965,0.9215056896209717,0.8560850620269775,0.9693720936775208,0.9749658107757568,0.9858102798461914
98,0.28820449113845825,0.052891649305820465,0.03617054596543312,0.03307376801967621,0.11505758762359619,0.05101095885038376,0.9360589981079102,0.8799229860305786,0.9522573351860046,0.9585952758789062,0.9772852063179016,0.9562474489212036,0.9162761569023132,0.9679756164550781,0.9727737903594971,0.9848907589912415,0.9607305526733398,0.9245403409004211,0.9712451100349426,0.9759918451309204,0.9865443706512451,0.8580091595649719,0.7572953701019287,0.9712320566177368,0.9767682552337646,0.9867433309555054,0.9245244264602661,0.8606253862380981,0.9702573418617249,0.9758151173591614,0.9862521290779114
99,0.31552547216415405,0.056524019688367844,0.04195419326424599,0.03892301395535469,0.12216176837682724,0.055962465703487396,0.9331958293914795,0.8749496936798096,0.9484527707099915,0.9566050171852112,0.9758287072181702,0.9515537619590759,0.9077871441841125,0.9625933170318604,0.9688432812690735,0.9825275540351868,0.955966055393219,0.9158776998519897,0.965779185295105,0.9720238447189331,0.9841493368148804,0.8507692217826843,0.7465972900390625,0.9627875685691833,0.9739040732383728,0.983895480632782,0.919712245464325,0.8523863554000854,0.964110255241394,0.9725717306137085,0.9838778376579285
100,0.29787102341651917,0.054271597415208817,0.038009755313396454,0.03521822392940521,0.11759945005178452,0.05277201160788536,0.9350544810295105,0.8781590461730957,0.9520673751831055,0.9570962190628052,0.976841151714325,0.9548826217651367,0.9137793183326721,0.9671800136566162,0.9711959958076477,0.9842802286148071,0.9589270949363708,0.921221137046814,0.9695826768875122,0.9743021726608276,0.985689640045166,0.8571315407752991,0.755534291267395,0.9687338471412659,0.9754372239112854,0.9857740998268127,0.9234641194343567,0.8586407899856567,0.9687511920928955,0.974365770816803,0.9854993224143982
101,0.28876522183418274,0.05288401618599892,0.036349743604660034,0.03329714760184288,0.11519218236207962,0.05104214325547218,0.936534583568573,0.880771279335022,0.9525227546691895,0.9582352638244629,0.9772546887397766,0.9565294981002808,0.9168073534965515,0.9674757719039917,0.9724305272102356,0.9846768379211426,0.9609915018081665,0.9250349998474121,0.9704141616821289,0.9758449792861938,0.9862989783287048,0.8580483794212341,0.7576000094413757,0.9697357416152954,0.9769366979598999,0.9864137172698975,0.9248148798942566,0.8611108064651489,0.969356894493103,0.975614607334137,0.9859755039215088
102,0.29485270380973816,0.053381480276584625,0.03768834471702576,0.03479029983282089,0.11671441048383713,0.052278198301792145,0.9358733296394348,0.8796437978744507,0.9521846175193787,0.9583403468132019,0.977199912071228,0.9551442861557007,0.9142836928367615,0.9669960141181946,0.9719228744506836,0.9844249486923218,0.9592537879943848,0.9218606352806091,0.9696467518806458,0.9747588634490967,0.985824704170227,0.8548818826675415,0.7549654245376587,0.9684804081916809,0.9763628244400024,0.9859514832496643,0.9225408434867859,0.857659637928009,0.9685525894165039,0.9747874736785889,0.9855597615242004
103,0.28509464859962463,0.05232907086610794,0.035492729395627975,0.0325811468064785,0.11430895328521729,0.05038278177380562,0.9367516040802002,0.8811928629875183,0.9531317353248596,0.9590080976486206,0.9776084423065186,0.9571194648742676,0.9179179668426514,0.9690952897071838,0.972838819026947,0.9851859211921692,0.9609723687171936,0.9250491857528687,0.971912682056427,0.9757808446884155,0.9866557717323303,0.8584878444671631,0.7593978047370911,0.9713835120201111,0.976608157157898,0.9867393970489502,0.9249488115310669,0.8615243434906006,0.9709064364433289,0.9758015871047974,0.98641037940979
104,0.29760685563087463,0.053799618035554886,0.03844381123781204,0.03526315093040466,0.11728960275650024,0.05281065031886101,0.9351360201835632,0.8783442974090576,0.9512234330177307,0.958182692527771,0.9769231677055359,0.9546951055526733,0.9135015606880188,0.9653330445289612,0.971444845199585,0.983887255191803,0.9588495492935181,0.921151340007782,0.9681189060211182,0.9749134182929993,0.9854846000671387,0.8543022871017456,0.7529258131980896,0.9665422439575195,0.9759136438369751,0.9853516817092896,0.9222826957702637,0.8570548295974731,0.9668814539909363,0.974785566329956,0.9851431846618652
105,0.2861047685146332,0.052271854132413864,0.03597961366176605,0.032923296093940735,0.11437280476093292,0.050557125359773636,0.937096357345581,0.8817667961120605,0.95233553647995,0.9592362642288208,0.97747403383255,0.9570345282554626,0.9177299737930298,0.968636155128479,0.9727001190185547,0.9850355386734009,0.9611757397651672,0.9253823757171631,0.9714953303337097,0.9756887555122375,0.9865277409553528,0.8593372106552124,0.7590578198432922,0.9708418250083923,0.9767836332321167,0.9866499304771423,0.9256178140640259,0.8623619675636292,0.9704321026802063,0.975783109664917,0.9862873554229736
106,0.30713921785354614,0.05581558868288994,0.040497202426195145,0.03724071756005287,0.11900774389505386,0.054577961564064026,0.9332571029663086,0.8750988245010376,0.9503480195999146,0.9560375213623047,0.9761403799057007,0.9523001313209534,0.9091823101043701,0.9634209871292114,0.970202624797821,0.9830884337425232,0.9563006162643433,0.916540265083313,0.9666839241981506,0.9729296565055847,0.9846105575561523,0.8510238528251648,0.7494649887084961,0.9645086526870728,0.9745850563049316,0.9845004081726074,0.9193971157073975,0.8524801135063171,0.9652923345565796,0.973214864730835,0.9843390583992004
107,0.28269049525260925,0.051739402115345,0.03521476313471794,0.03225712850689888,0.11351976543664932,0.04995939880609512,0.9374789595603943,0.8825039863586426,0.9529884457588196,0.9596284627914429,0.977737545967102,0.9575042128562927,0.9186407327651978,0.9694947600364685,0.9730865955352783,0.9853500127792358,0.9612711071968079,0.9256020188331604,0.9721938371658325,0.9759578108787537,0.9867720007896423,0.858154296875,0.7587315440177917,0.9720743894577026,0.9765918850898743,0.9869075417518616,0.925285816192627,0.862123966217041,0.9713200330734253,0.9760138988494873,0.986568808555603
108,0.2829447388648987,0.051494862884283066,0.035276927053928375,0.032452620565891266,0.11373716592788696,0.049983203411102295,0.9378252029418945,0.8830612301826477,0.9534828662872314,0.9592194557189941,0.977750301361084,0.9576460123062134,0.9188668727874756,0.9686871767044067,0.9736189246177673,0.9852884411811829,0.9616126418113708,0.9262049794197083,0.9711604714393616,0.976654052734375,0.9866957068443298,0.8587834239006042,0.7590771913528442,0.9700825810432434,0.9777431488037109,0.9867095947265625,0.9257472157478333,0.8628087639808655,0.9704266786575317,0.9765664339065552,0.9864898920059204
109,0.2888892889022827,0.05216814950108528,0.03654121607542038,0.033787455409765244,0.11529307812452316,0.051099423319101334,0.9370741844177246,0.8817111849784851,0.9534313082695007,0.9590963125228882,0.9777051210403442,0.9565625190734863,0.9168360829353333,0.9683837890625,0.9717862010002136,0.9847335815429688,0.96063232421875,0.9243418574333191,0.9710947871208191,0.9742573499679565,0.9860541820526123,0.857026994228363,0.7574984431266785,0.9698166251182556,0.9754602313041687,0.9860498309135437,0.9243468046188354,0.860567033290863,0.9700841903686523,0.9747593402862549,0.985933780670166
110,0.28176355361938477,0.0514184944331646,0.035141147673130035,0.032221533358097076,0.11329814046621323,0.04968426749110222,0.9381862282752991,0.8836867809295654,0.9519338607788086,0.961315393447876,0.9779242873191833,0.9581418037414551,0.9197433590888977,0.9678806662559509,0.9746644496917725,0.9853604435920715,0.962476909160614,0.927761971950531,0.9707344174385071,0.9774473309516907,0.9867956042289734,0.8588762879371643,0.7592637538909912,0.9697834849357605,0.9786232113838196,0.9868628978729248,0.9260168075561523,0.8632853627204895,0.9695908427238464,0.9775400757789612,0.9865341186523438
111,0.2904403805732727,0.05234850198030472,0.03705136105418205,0.0341077521443367,0.11559529602527618,0.051337406039237976,0.9376795887947083,0.8827685713768005,0.9543105363845825,0.9576103091239929,0.9775255918502808,0.9567224383354187,0.9171452522277832,0.9691588282585144,0.970498263835907,0.9845876693725586,0.9605974555015564,0.9242908954620361,0.9718915224075317,0.9734310507774353,0.9860360026359558,0.8587738275527954,0.7580811977386475,0.9708619117736816,0.9739245772361755,0.9859092235565186,0.9254158139228821,0.862048327922821,0.9709455370903015,0.9732628464698792,0.9857567548751831
112,0.3125133216381073,0.05507180094718933,0.04174187034368515,0.039165712893009186,0.12106005102396011,0.055473849177360535,0.9351527094841003,0.8783993721008301,0.9510107040405273,0.9565688967704773,0.9764432311058044,0.952290952205658,0.9092176556587219,0.9634323716163635,0.9675910472869873,0.9824061989784241,0.9554123878479004,0.9149438738822937,0.9656098484992981,0.9705783724784851,0.9837291240692139,0.8515052199363708,0.7478761076927185,0.962647557258606,0.9729985594749451,0.9836255311965942,0.9203723669052124,0.853601336479187,0.964566707611084,0.9714105725288391,0.983688235282898
113,0.28376296162605286,0.051658302545547485,0.035293225198984146,0.032664570957422256,0.11398918926715851,0.050157688558101654,0.9376649856567383,0.8827801942825317,0.9526747465133667,0.9605898857116699,0.9779146909713745,0.9576038718223572,0.9187668561935425,0.9673775434494019,0.9747582077980042,0.9852595925331116,0.9609687924385071,0.9250026345252991,0.9703973531723022,0.9770241379737854,0.9866015315055847,0.8589039444923401,0.7592778205871582,0.969068169593811,0.977891206741333,0.9864946007728577,0.9256270527839661,0.8625859618186951,0.9694003462791443,0.9769272804260254,0.986327588558197
114,0.2727629840373993,0.050221268087625504,0.033310700207948685,0.030376862734556198,0.11081897467374802,0.04803508520126343,0.9392434358596802,0.8855831027030945,0.9546220898628235,0.9604352116584778,0.9783511161804199,0.9596163630485535,0.922478437423706,0.9700955748558044,0.9749595522880554,0.9859887957572937,0.9635293483734131,0.9297364950180054,0.9729552865028381,0.9778090119361877,0.9874442219734192,0.8615532517433167,0.7641614675521851,0.9726952910423279,0.9787227511405945,0.9876166582107544,0.9276301264762878,0.8662101626396179,0.9720093011856079,0.9776950478553772,0.9871783256530762
115,0.33906322717666626,0.0580279566347599,0.04706643894314766,0.04508417472243309,0.12861685454845428,0.06026782467961311,0.9329860806465149,0.8747032880783081,0.9481233358383179,0.9553533792495728,0.9754164218902588,0.9494969248771667,0.904245138168335,0.9599718451499939,0.9655492305755615,0.981015145778656,0.951902449131012,0.90870201587677,0.9612244963645935,0.9682770371437073,0.9820407032966614,0.8435393571853638,0.7387649416923523,0.9549428224563599,0.9703601002693176,0.9810289144515991,0.9151408672332764,0.8454575538635254,0.960113525390625,0.9690195322036743,0.9819602370262146
116,0.2763938903808594,0.050201550126075745,0.0340554304420948,0.031370859593153,0.11199783533811569,0.04876818507909775,0.9385326504707336,0.8843077421188354,0.9550953507423401,0.9599595069885254,0.9783411026000977,0.9583526849746704,0.9201511144638062,0.9702931642532349,0.9739250540733337,0.9857678413391113,0.9619290232658386,0.9267792701721191,0.9732885360717773,0.9759140610694885,0.987033486366272,0.8591865301132202,0.7607160210609436,0.9727376699447632,0.9768140316009521,0.987130880355835,0.9260808229446411,0.8635812997817993,0.9724206924438477,0.9765270948410034,0.9869770407676697
117,0.26822906732559204,0.049551188945770264,0.032452989369630814,0.029482025653123856,0.1094961166381836,0.04724675789475441,0.9401437640190125,0.8871759176254272,0.9561423063278198,0.9605585336685181,0.978756308555603,0.9604745507240295,0.9240599870681763,0.9719278812408447,0.9747142195701599,0.9863809943199158,0.964225709438324,0.9310323596000671,0.9747843146324158,0.9776240587234497,0.9878528714179993,0.8630020022392273,0.7651978731155396,0.974757730960846,0.9783045649528503,0.9880235195159912,0.9289172887802124,0.868209719657898,0.973939836025238,0.9774512052536011,0.9875969886779785
118,0.27145153284072876,0.050198134034872055,0.033066678792238235,0.03014933504164219,0.11021748185157776,0.047819871455430984,0.9393585324287415,0.8857711553573608,0.9553031921386719,0.9599830508232117,0.9783982634544373,0.9598574042320251,0.9229321479797363,0.9710204005241394,0.9746943712234497,0.9861498475074768,0.963822603225708,0.9303141236305237,0.9740239381790161,0.9773950576782227,0.9876033663749695,0.8633671402931213,0.7652100324630737,0.9734470248222351,0.9784029722213745,0.9877215027809143,0.9286473989486694,0.8676714301109314,0.9730676412582397,0.9773983955383301,0.9873654246330261
119,0.2662663757801056,0.049284692853689194,0.03197535499930382,0.029157977551221848,0.10910824686288834,0.04674013704061508,0.9404821991920471,0.8877553343772888,0.9554579257965088,0.9610069394111633,0.9787071943283081,0.9611868858337402,0.9253538250923157,0.9721314311027527,0.975511908531189,0.9866400957107544,0.965458869934082,0.9333014488220215,0.9751729369163513,0.978023886680603,0.9880541563034058,0.8622971773147583,0.7650827765464783,0.9747946262359619,0.9789249897003174,0.9881941080093384,0.928941547870636,0.8684648871421814,0.974120020866394,0.9781355261802673,0.9878201484680176
120,0.2612486481666565,0.04858335852622986,0.031030617654323578,0.028108390048146248,0.10767877846956253,0.04584750533103943,0.9410378336906433,0.8887587189674377,0.956513524055481,0.9614624977111816,0.9790865778923035,0.9619326591491699,0.926743745803833,0.973088800907135,0.9759018421173096,0.9869804978370667,0.9659605026245117,0.934249997138977,0.9759631752967834,0.9787306785583496,0.9884358048439026,0.8633295893669128,0.7670646905899048,0.9760505557060242,0.979644238948822,0.9886953234672546,0.9296766519546509,0.8697382807731628,0.9752179384231567,0.9786273241043091,0.988222599029541
121,0.2628920376300812,0.04866933450102806,0.03137413039803505,0.02856219746172428,0.10810234397649765,0.046184007078409195,0.9409587383270264,0.8886058926582336,0.9560294151306152,0.9616106748580933,0.9790069460868835,0.9618300795555115,0.9265537858009338,0.9719941020011902,0.976536214351654,0.9868730306625366,0.9658956527709961,0.9341245889663696,0.974865734577179,0.9791201949119568,0.9882626533508301,0.864046573638916,0.7679653763771057,0.9744114279747009,0.9804543256759644,0.9884951710700989,0.9298149943351746,0.869901180267334,0.9740065932273865,0.9793409705162048,0.988105058670044
122,0.26398494839668274,0.04878217354416847,0.03156731277704239,0.028796231374144554,0.10853268951177597,0.046306539326906204,0.9413235783576965,0.8892475366592407,0.9565563797950745,0.960905909538269,0.978949785232544,0.9618611931800842,0.9265976548194885,0.9728831052780151,0.9753106236457825,0.9867748022079468,0.9659795761108398,0.9342682361602783,0.9756397008895874,0.9779049158096313,0.9881397485733032,0.8641214370727539,0.7675924301147461,0.9752000570297241,0.9790124893188477,0.9883182644844055,0.9300798773765564,0.8702986836433411,0.974756121635437,0.9779902100563049,0.9879412651062012
123,0.26409152150154114,0.048875097185373306,0.03161202743649483,0.028857706114649773,0.10832454264163971,0.04642215371131897,0.9409348368644714,0.8885515332221985,0.9559583067893982,0.9615706205368042,0.9789789319038391,0.9616982340812683,0.9263023138046265,0.9718660116195679,0.9757887721061707,0.9866461753845215,0.9656125903129578,0.9335926175117493,0.97464919090271,0.978386402130127,0.9880176782608032,0.8640881776809692,0.7685274481773376,0.9738426804542542,0.9798327684402466,0.9881916642189026,0.929573655128479,0.8695665597915649,0.9736738801002502,0.9785418510437012,0.9878143072128296
124,0.2682884931564331,0.04932265728712082,0.03256354480981827,0.02970626763999462,0.10952848196029663,0.047167543321847916,0.9407175779342651,0.8882207870483398,0.9555279016494751,0.9608837962150574,0.978691816329956,0.9608958959579468,0.9248480796813965,0.9712152481079102,0.9747024774551392,0.9862005114555359,0.9648705124855042,0.9322356581687927,0.9741075038909912,0.9774097800254822,0.9876280426979065,0.8633168339729309,0.7661988735198975,0.9733346700668335,0.9779459834098816,0.9875746369361877,0.9292253851890564,0.8688966035842896,0.9731001853942871,0.9773005843162537,0.9873480796813965
125,0.29421916604042053,0.05267660319805145,0.03779784217476845,0.03552861511707306,0.11639780551195145,0.05181829631328583,0.9375009536743164,0.8825637102127075,0.9533189535140991,0.9579436182975769,0.9773719310760498,0.9566511511802673,0.9171557426452637,0.967555582523346,0.9710243940353394,0.9843283891677856,0.9599912762641907,0.9233365654945374,0.9692081809043884,0.9739077687263489,0.9854934811592102,0.8570107817649841,0.756171703338623,0.9659620523452759,0.9753962755203247,0.985072910785675,0.9245542883872986,0.8607797026634216,0.9685096740722656,0.9743781685829163,0.9854423999786377
126,0.2737286686897278,0.05051504448056221,0.03387535735964775,0.030779404565691948,0.11033953726291656,0.04821936413645744,0.939235270023346,0.88559889793396,0.954160213470459,0.9604430794715881,0.9782400131225586,0.959409773349762,0.9221423864364624,0.9694594740867615,0.9749084115028381,0.9858170747756958,0.9636433124542236,0.9300042390823364,0.972872793674469,0.9773625731468201,0.9873074889183044,0.8630416989326477,0.7644668817520142,0.9720255732536316,0.9785308837890625,0.9873994588851929,0.9284287095069885,0.8673042058944702,0.9715734720230103,0.9775261282920837,0.9870256185531616
127,0.2581924498081207,0.04815027490258217,0.03038780763745308,0.02759505808353424,0.10677121579647064,0.04528810456395149,0.9422016739845276,0.8907994627952576,0.9572125673294067,0.9611279964447021,0.9791695475578308,0.9630064964294434,0.9287095069885254,0.9740087389945984,0.9758842587471008,0.9872052073478699,0.966825008392334,0.9358449578285217,0.9767110347747803,0.9784284234046936,0.9885439872741699,0.8661921620368958,0.7714321613311768,0.9765232801437378,0.9793616533279419,0.9887401461601257,0.9310270547866821,0.8721897006034851,0.9757753610610962,0.9784613847732544,0.988318681716919
128,0.2552555501461029,0.047096919268369675,0.029941357672214508,0.02720300666987896,0.10629139095544815,0.04472284018993378,0.9427887797355652,0.891865074634552,0.9568695425987244,0.9631897211074829,0.9796300530433655,0.963245689868927,0.9291703701019287,0.9725959897041321,0.9776729941368103,0.9873191118240356,0.9671427011489868,0.9364506006240845,0.9754838943481445,0.9801396131515503,0.9886821508407593,0.8654265403747559,0.7708644270896912,0.9752586483955383,0.9808916449546814,0.9888207316398621,0.9312248826026917,0.8724780678749084,0.9746339917182922,0.9801483154296875,0.9884715676307678
129,0.2542165517807007,0.04751686751842499,0.029723327606916428,0.02682609297335148,0.10565498471260071,0.044495295733213425,0.9419880509376526,0.8904725909233093,0.9577504396438599,0.961607813835144,0.9794285297393799,0.9635003805160522,0.9296549558639526,0.974626362323761,0.9762997031211853,0.9874678254127502,0.9675471782684326,0.937214732170105,0.9772624373435974,0.9791969656944275,0.9888821840286255,0.8667470812797546,0.7720272541046143,0.9771506786346436,0.9803078770637512,0.9891432523727417,0.9316731691360474,0.873221755027771,0.9764689803123474,0.9792027473449707,0.9886851906776428
130,0.26731446385383606,0.0490536168217659,0.03235446289181709,0.02970530092716217,0.10935969650745392,0.04684140533208847,0.9417725205421448,0.8900507688522339,0.9553911685943604,0.9612163305282593,0.9787461757659912,0.9618082046508789,0.9265298247337341,0.9711446762084961,0.975034773349762,0.9862697124481201,0.9658166766166687,0.9339951276779175,0.9741541743278503,0.9774826765060425,0.987658679485321,0.8660266399383545,0.7689119577407837,0.9726887941360474,0.9785227179527283,0.9875631332397461,0.9310197830200195,0.8717193007469177,0.972945511341095,0.9777586460113525,0.9874287247657776
131,0.2620210349559784,0.04812976345419884,0.03150596097111702,0.02873489260673523,0.10762857645750046,0.046021830290555954,0.9416850209236145,0.8899116516113281,0.9557433724403381,0.9622311592102051,0.9791005849838257,0.9619519114494324,0.9267736077308655,0.972021222114563,0.9760631918907166,0.9867565035820007,0.965933620929718,0.934187650680542,0.974699079990387,0.978717029094696,0.9881162047386169,0.8648828864097595,0.768637478351593,0.9743235111236572,0.9796976447105408,0.9882769584655762,0.9304947853088379,0.8709909319877625,0.9738670587539673,0.9787440896034241,0.9879151582717896
132,0.2604493796825409,0.04819982871413231,0.03098367527127266,0.028286730870604515,0.10729734599590302,0.045681774616241455,0.941433846950531,0.8894588947296143,0.9565368890762329,0.9616029262542725,0.979129433631897,0.9621555805206299,0.9271538257598877,0.9729531407356262,0.9757503271102905,0.9869071245193481,0.9659609198570251,0.9342485666275024,0.9756874442100525,0.9782848358154297,0.988250732421875,0.8638843894004822,0.7684986591339111,0.9750345349311829,0.9790895581245422,0.9882969260215759,0.9297166466712952,0.8700498342514038,0.9748179912567139,0.978402316570282,0.9880639910697937
133,0.25678738951683044,0.047618892043828964,0.03025636449456215,0.027528947219252586,0.10636570304632187,0.045017488300800323,0.9422480463981628,0.8909276723861694,0.956824541091919,0.9625265002250671,0.9794440269470215,0.9631538391113281,0.9290250539779663,0.9731360077857971,0.9766030311584473,0.9871752858161926,0.9670262932777405,0.9362650513648987,0.9759001731872559,0.97871333360672,0.988415539264679,0.8650227189064026,0.7714895009994507,0.975369930267334,0.9794754981994629,0.9884811639785767,0.9302694201469421,0.871344804763794,0.9751262664794922,0.97903972864151,0.9883069396018982
134,0.25337478518486023,0.04727660492062569,0.02964605763554573,0.026814540848135948,0.1052643358707428,0.044373296201229095,0.9426948428153992,0.8917102217674255,0.9572874903678894,0.962096095085144,0.9794440269470215,0.963921844959259,0.9304330945014954,0.9740901589393616,0.9769906401634216,0.9875144362449646,0.9678376913070679,0.9377554655075073,0.9766757488250732,0.9796623587608337,0.9888564944267273,0.8683271408081055,0.7722160220146179,0.976365327835083,0.9806423187255859,0.9890333414077759,0.9329635500907898,0.8750542998313904,0.975839376449585,0.9796409606933594,0.988641619682312
135,0.25029653310775757,0.04657212272286415,0.029072098433971405,0.026334956288337708,0.10458177328109741,0.04373566061258316,0.943877637386322,0.8937957882881165,0.9586454033851624,0.9625877141952515,0.9799075126647949,0.9647937417030334,0.9320365786552429,0.9751815795898438,0.9768877625465393,0.9877599477767944,0.9684175848960876,0.9388275742530823,0.9779039621353149,0.9792470335960388,0.9890556931495667,0.8686633706092834,0.774419903755188,0.977722704410553,0.9803245067596436,0.9892908334732056,0.9333617687225342,0.8759600520133972,0.9770958423614502,0.9794992804527283,0.988919198513031
136,0.2575380802154541,0.04733000695705414,0.03054024465382099,0.02786960080265999,0.10667842626571655,0.04511973261833191,0.9427697658538818,0.8918446898460388,0.9576429724693298,0.9618353843688965,0.9794623851776123,0.963114321231842,0.9289318919181824,0.9727967977523804,0.9762035608291626,0.9869864583015442,0.9671053886413574,0.936383843421936,0.9754171371459961,0.9787808656692505,0.988312304019928,0.8656036257743835,0.7697846293449402,0.9741595983505249,0.9798274636268616,0.9882696270942688,0.9315144419670105,0.8727898597717285,0.9744939208030701,0.9789511561393738,0.988125741481781
137,0.24586829543113708,0.04613184183835983,0.028126223012804985,0.02534603886306286,0.1033400297164917,0.0429241918027401,0.9440929293632507,0.8941921591758728,0.9582790732383728,0.9631352424621582,0.979962170124054,0.9655493497848511,0.9334532022476196,0.9756619334220886,0.9776027798652649,0.9880664944648743,0.9693509340286255,0.9405791759490967,0.978249728679657,0.9803407192230225,0.9894270300865173,0.8696109652519226,0.7751958966255188,0.9782247543334961,0.9812491536140442,0.989656925201416,0.9342460036277771,0.8774499893188477,0.9774225950241089,0.9803857803344727,0.9892315864562988
138,0.2509513199329376,0.046546146273612976,0.029218316078186035,0.026569318026304245,0.10473743826150894,0.043880101293325424,0.9438279867172241,0.8937059044837952,0.9575148820877075,0.9626870155334473,0.9796560406684875,0.964747965335846,0.9319459199905396,0.9742144346237183,0.9773403406143188,0.9876366257667542,0.9684911966323853,0.9389585852622986,0.9769194722175598,0.979732871055603,0.9889358282089233,0.8668976426124573,0.7719880938529968,0.9766035676002502,0.9805716276168823,0.98907470703125,0.9328040480613708,0.8750219941139221,0.9761058688163757,0.9797910451889038,0.9887473583221436
139,0.2547736167907715,0.0469546876847744,0.030060620978474617,0.027405407279729843,0.1057872325181961,0.044565632939338684,0.9435107111930847,0.893146812915802,0.9583767652511597,0.9617618322372437,0.979623019695282,0.963951826095581,0.9304720163345337,0.973845362663269,0.9761074781417847,0.9872228503227234,0.9677320718765259,0.9375420808792114,0.9762176871299744,0.9787174463272095,0.9884960055351257,0.8686143755912781,0.7742076516151428,0.975190281867981,0.9799274206161499,0.988553524017334,0.932855486869812,0.8751245737075806,0.9754345417022705,0.9788404107093811,0.9883321523666382
140,0.24535590410232544,0.04599781334400177,0.02802308090031147,0.025320913642644882,0.1032620370388031,0.042752061039209366,0.9446682333946228,0.8952279090881348,0.9579208493232727,0.9639983177185059,0.9801017045974731,0.9658384323120117,0.9339982271194458,0.9748369455337524,0.9785722494125366,0.9881129860877991,0.9696142077445984,0.9410822987556458,0.9775131940841675,0.9811198115348816,0.98944491147995,0.8686784505844116,0.7760362029075623,0.9773004651069641,0.9818732738494873,0.9895870089530945,0.9336714744567871,0.8768202066421509,0.9767403602600098,0.9812003374099731,0.9892721176147461
141,0.2586781978607178,0.04758931323885918,0.03094395250082016,0.02815384231507778,0.10670731961727142,0.04528377577662468,0.9429848194122314,0.892225444316864,0.9582258462905884,0.9611623287200928,0.97942715883255,0.9629297852516174,0.9286133050918579,0.9735919237136841,0.9751526713371277,0.9869100451469421,0.9669011235237122,0.9360277056694031,0.9761238098144531,0.9776285886764526,0.9881885647773743,0.8674854636192322,0.7709137797355652,0.9745476841926575,0.9788962602615356,0.9881249070167542,0.9323705434799194,0.8740591406822205,0.9751913547515869,0.9778279066085815,0.9880077242851257
142,0.2545061409473419,0.04665553942322731,0.029939554631710052,0.02751530334353447,0.10596819967031479,0.04442750662565231,0.9438824653625488,0.8938263654708862,0.9573754072189331,0.963202178478241,0.9797576665878296,0.9642178416252136,0.9310130476951599,0.9733737111091614,0.9768649935722351,0.9873028993606567,0.9677441716194153,0.9376262426376343,0.9758171439170837,0.9792041182518005,0.988522469997406,0.8670648336410522,0.7728541493415833,0.9752733111381531,0.9796620011329651,0.9885054230690002,0.9324446320533752,0.874642014503479,0.9751018285751343,0.9793156385421753,0.9883725047111511
143,0.2420407086610794,0.04552539438009262,0.027477670460939407,0.024629563093185425,0.10220770537853241,0.04220036417245865,0.9450207352638245,0.8958348631858826,0.9590177536010742,0.963064432144165,0.9801250100135803,0.9662836194038391,0.9348104596138,0.9758806228637695,0.9782805442810059,0.9882978796958923,0.9700191020965576,0.941824197769165,0.9786296486854553,0.9810400009155273,0.9897040724754333,0.8701210021972656,0.7768505215644836,0.9781861901283264,0.9823046922683716,0.9899210333824158,0.934723436832428,0.8783953785896301,0.9776515960693359,0.9810144901275635,0.9894523024559021
144,0.25255462527275085,0.04662076011300087,0.029681723564863205,0.026985781267285347,0.1051512286067009,0.044115178287029266,0.9440458416938782,0.8940993547439575,0.9576945304870605,0.9629506468772888,0.979769766330719,0.9645638465881348,0.9316056966781616,0.9739620685577393,0.9767116904258728,0.9874097108840942,0.968388020992279,0.9387621283531189,0.9766736030578613,0.9789412021636963,0.9886682629585266,0.8676245212554932,0.7722740173339844,0.975429117679596,0.9798040390014648,0.9885812997817993,0.9331026077270508,0.8754645586013794,0.9756114482879639,0.9791315197944641,0.988452136516571
145,0.24698247015476227,0.04585578292608261,0.028394687920808792,0.02585574984550476,0.10375554859638214,0.043120693415403366,0.9442765712738037,0.8945455551147461,0.9585286974906921,0.9634197950363159,0.9800986647605896,0.9654468894004822,0.933265745639801,0.974950909614563,0.9780743718147278,0.9880118370056152,0.9691063165664673,0.9401186108589172,0.9772000312805176,0.9805415868759155,0.9892163276672363,0.8684014678001404,0.7744699120521545,0.9766144156455994,0.9812439680099487,0.9892518520355225,0.9335684180259705,0.8765236735343933,0.9765026569366455,0.9805333018302917,0.9890394806861877
146,0.24490873515605927,0.04575962573289871,0.02804669551551342,0.02539771981537342,0.10305453091859818,0.04265014827251434,0.9450043439865112,0.8958331942558289,0.9584120512008667,0.9636820554733276,0.9801391363143921,0.9660537838935852,0.93439781665802,0.9753276109695435,0.9777974486351013,0.9880337715148926,0.9697052836418152,0.941254198551178,0.9778524041175842,0.9802811741828918,0.9893120527267456,0.8694391846656799,0.7767408490180969,0.9773308634757996,0.9811173677444458,0.9893985986709595,0.9342176914215088,0.8776881098747253,0.9770328998565674,0.9803487658500671,0.9891243577003479
147,0.2416652888059616,0.045562077313661575,0.027380429208278656,0.02464325726032257,0.10195352137088776,0.04212597757577896,0.9448240399360657,0.8955029845237732,0.9589878916740417,0.9633347988128662,0.9801890850067139,0.9662995338439941,0.9348630309104919,0.9762138724327087,0.9781877994537354,0.9883570075035095,0.9701703786849976,0.9421309232711792,0.9790751934051514,0.980685830116272,0.9897236227989197,0.8713487386703491,0.7783390283584595,0.9788233637809753,0.9816038608551025,0.9898990988731384,0.9351418018341064,0.8791086077690125,0.9782328605651855,0.980792224407196,0.9895402193069458
148,0.2435910999774933,0.045348282903432846,0.02790924906730652,0.02521441876888275,0.10271119326353073,0.04240791127085686,0.9453225135803223,0.8963844776153564,0.9591631889343262,0.963464617729187,0.9802665114402771,0.9664965271949768,0.9352087378501892,0.9752445816993713,0.9782059788703918,0.9881194829940796,0.9702793955802917,0.9423165321350098,0.9779723882675171,0.980737566947937,0.9894607663154602,0.8712141513824463,0.7791280150413513,0.9774046540260315,0.981423556804657,0.9894965291023254,0.9348162412643433,0.8788825869560242,0.9771414399147034,0.9807252883911133,0.9892493486404419
149,0.24243086576461792,0.04527946561574936,0.027690906077623367,0.02491130866110325,0.10229592025279999,0.04225323721766472,0.9458074569702148,0.8972383737564087,0.9592158198356628,0.9634602665901184,0.9802783131599426,0.9666891694068909,0.9355533719062805,0.975896954536438,0.9779653549194336,0.9882197976112366,0.9703965783119202,0.9425238370895386,0.9782838821411133,0.9807068109512329,0.9895308017730713,0.8709375262260437,0.7771353125572205,0.9777541756629944,0.9815439581871033,0.9896154403686523,0.9355362057685852,0.8796414732933044,0.9775257110595703,0.9806077480316162,0.9893150925636292
