,loss,side_6_loss,side_7_loss,side_8_loss,side_9_loss,side_10_loss,side_6_dice_coef,side_6_jacard,side_6_recall,side_6_precision,side_6_accuracy,side_7_dice_coef,side_7_jacard,side_7_recall,side_7_precision,side_7_accuracy,side_8_dice_coef,side_8_jacard,side_8_recall,side_8_precision,side_8_accuracy,side_9_dice_coef,side_9_jacard,side_9_recall,side_9_precision,side_9_accuracy,side_10_dice_coef,side_10_jacard,side_10_recall,side_10_precision,side_10_accuracy
0,3.30501127243042,0.5497851371765137,0.6257574558258057,0.6815544366836548,0.7850748896598816,0.6628394722938538,0.5905815362930298,0.4319484233856201,0.8010193705558777,0.582694411277771,0.7365770936012268,0.5301889181137085,0.3737337589263916,0.8145996332168579,0.501028835773468,0.6602031588554382,0.47043901681900024,0.31691497564315796,0.7538244128227234,0.45353853702545166,0.6064059138298035,0.43520188331604004,0.2855139970779419,0.6314049959182739,0.3932226598262787,0.5421521663665771,0.36326998472213745,0.22737328708171844,0.12168879806995392,0.35212814807891846,0.6242176294326782
1,2.5021395683288574,0.3457984924316406,0.3763490319252014,0.4781670570373535,0.6350806355476379,0.6667446494102478,0.6905845403671265,0.5364165902137756,0.7544271349906921,0.8269707560539246,0.862457811832428,0.6722061038017273,0.5161719918251038,0.7844691872596741,0.7897518873214722,0.8553155064582825,0.5757367610931396,0.4125363826751709,0.8029449582099915,0.6672593951225281,0.7963043451309204,0.5132385492324829,0.3526189923286438,0.7453212738037109,0.5021080374717712,0.6611962914466858,0.35356849431991577,0.22022028267383575,0.06158006563782692,0.3023473918437958,0.6316126585006714
2,2.283194065093994,0.3198107182979584,0.3404264450073242,0.3941304683685303,0.5454997420310974,0.6833269596099854,0.7204586267471313,0.5722457766532898,0.7487782835960388,0.8671517968177795,0.8752390742301941,0.7149115800857544,0.5667941570281982,0.7547967433929443,0.8520396947860718,0.8717131018638611,0.6316204071044922,0.47152337431907654,0.7950199246406555,0.7675610780715942,0.848032534122467,0.564882218837738,0.40358322858810425,0.7943556904792786,0.5793300867080688,0.7332331538200378,0.34563857316970825,0.21408453583717346,0.03659648820757866,0.22730673849582672,0.629125714302063
3,2.1410434246063232,0.2863333225250244,0.31165435910224915,0.3557989299297333,0.49390310049057007,0.693354606628418,0.7386274337768555,0.5946103930473328,0.7798153758049011,0.8752245903015137,0.8870276212692261,0.7321391701698303,0.5869273543357849,0.7640849947929382,0.8709679245948792,0.8809744715690613,0.6629008650779724,0.5044119358062744,0.782333254814148,0.8144727349281311,0.8650320768356323,0.5996519327163696,0.43820151686668396,0.8117181658744812,0.6323010921478271,0.7748734951019287,0.34513965249061584,0.21361896395683289,0.04583549126982689,0.2298952043056488,0.622342050075531
4,2.0619254112243652,0.27259010076522827,0.3016915023326874,0.33568888902664185,0.4530643820762634,0.6988906264305115,0.7476212382316589,0.6059285402297974,0.8027450442314148,0.8724434971809387,0.8927338719367981,0.7387102842330933,0.5954103469848633,0.7835073471069336,0.8639253973960876,0.8841150999069214,0.6774598360061646,0.5212778449058533,0.7846433520317078,0.8337965607643127,0.8732523322105408,0.6245993375778198,0.46607285737991333,0.8240501284599304,0.678803563117981,0.8070723414421082,0.3443416655063629,0.2135455161333084,0.05171821638941765,0.22222881019115448,0.6149832606315613
5,2.024902820587158,0.26693329215049744,0.2949647903442383,0.32670730352401733,0.43705853819847107,0.6992388367652893,0.7535267472267151,0.6161671876907349,0.8075093030929565,0.8759384155273438,0.8953797817230225,0.7434989213943481,0.6038208603858948,0.7896280288696289,0.8716005086898804,0.888617217540741,0.6837409138679504,0.5295819640159607,0.7770565748214722,0.8503886461257935,0.8773807287216187,0.6369564533233643,0.48005351424217224,0.8162705302238464,0.7083843946456909,0.8227950930595398,0.34503641724586487,0.21451595425605774,0.0671233981847763,0.25695741176605225,0.6157713532447815
6,1.9721845388412476,0.255481094121933,0.2874228358268738,0.3152642846107483,0.4141521453857422,0.6998639702796936,0.7636491656303406,0.6266952753067017,0.8040134906768799,0.8958512544631958,0.9013127684593201,0.7531737685203552,0.6148251891136169,0.7839571237564087,0.8821539878845215,0.890637218952179,0.6949120759963989,0.5414987802505493,0.7684967517852783,0.8673732876777649,0.881009042263031,0.6515835523605347,0.4951190948486328,0.8061065673828125,0.7399817109107971,0.8373227715492249,0.3489587903022766,0.217027947306633,0.07188910245895386,0.2655578851699829,0.6157868504524231
7,1.917541742324829,0.24313819408416748,0.273591548204422,0.3065395653247833,0.3963404595851898,0.6979318857192993,0.7729707956314087,0.6403419375419617,0.8255606293678284,0.8941014409065247,0.9071900844573975,0.7604916095733643,0.6253565549850464,0.8001130819320679,0.8879584074020386,0.897430956363678,0.6985920071601868,0.5471130609512329,0.7712070345878601,0.8772509694099426,0.885205090045929,0.6583181619644165,0.5046865940093994,0.8048556447029114,0.7577555179595947,0.8457441926002502,0.34879785776138306,0.21772401034832,0.08809726685285568,0.2989046573638916,0.6186481714248657
8,1.779494285583496,0.20983770489692688,0.24044649302959442,0.2742955982685089,0.355469673871994,0.6994445323944092,0.8042150735855103,0.6786383986473083,0.8511353731155396,0.9087701439857483,0.9201154112815857,0.789501965045929,0.6597458124160767,0.8330773115158081,0.8963662385940552,0.9102518558502197,0.7289077043533325,0.5801330804824829,0.807331383228302,0.8860680460929871,0.8989200592041016,0.6908488273620605,0.5383357405662537,0.8336889743804932,0.7958702445030212,0.8703957796096802,0.355529248714447,0.22131364047527313,0.08565399050712585,0.29050976037979126,0.6169458031654358
9,1.8275423049926758,0.21729031205177307,0.25627702474594116,0.2876627445220947,0.3695670962333679,0.6967452168464661,0.797082781791687,0.6688023805618286,0.8438629508018494,0.9061516523361206,0.9169700741767883,0.7806282043457031,0.6478170156478882,0.8150002360343933,0.8942845463752747,0.9040796756744385,0.7203646898269653,0.5702882409095764,0.7831276655197144,0.8875232338905334,0.8922232389450073,0.6799813508987427,0.5262411832809448,0.8015702366828918,0.8000362515449524,0.8640420436859131,0.35258573293685913,0.2206524908542633,0.11049436032772064,0.34267333149909973,0.6244713068008423
10,1.7351453304290771,0.20334979891777039,0.23579828441143036,0.26599740982055664,0.33325818181037903,0.6967421174049377,0.8140605092048645,0.692879319190979,0.847441554069519,0.915284276008606,0.9212452173233032,0.7994996905326843,0.6739970445632935,0.8257482051849365,0.9046247005462646,0.9109092950820923,0.7396263480186462,0.5946767330169678,0.8050854206085205,0.896770179271698,0.9019497036933899,0.7056618928909302,0.5571126341819763,0.8245204091072083,0.8244202136993408,0.8803034424781799,0.36143648624420166,0.22551825642585754,0.10065637528896332,0.33731579780578613,0.6259605288505554
11,1.760984182357788,0.20890192687511444,0.24332217872142792,0.2718481123447418,0.34139472246170044,0.695517897605896,0.8081234693527222,0.686649739742279,0.8518760800361633,0.9081152081489563,0.9201120734214783,0.793084979057312,0.6684931516647339,0.8325342535972595,0.8963891267776489,0.9100962281227112,0.7390407919883728,0.5963300466537476,0.802931547164917,0.8897711634635925,0.898898720741272,0.7050827741622925,0.5576105713844299,0.8114798069000244,0.8276101350784302,0.8780977725982666,0.3609307110309601,0.22601187229156494,0.12286325544118881,0.35004207491874695,0.623172402381897
12,1.6711781024932861,0.18538247048854828,0.21966929733753204,0.2515868842601776,0.32064056396484375,0.6938987970352173,0.8225187063217163,0.703585147857666,0.8764743804931641,0.9069370627403259,0.9272225499153137,0.8058291673660278,0.6811197996139526,0.8545057773590088,0.8982015252113342,0.9173771142959595,0.7507889866828918,0.6071449518203735,0.8265970945358276,0.891173243522644,0.9064658880233765,0.7169548273086548,0.5688750147819519,0.8315339684486389,0.8392894268035889,0.8882777094841003,0.3656478822231293,0.2292424887418747,0.13387569785118103,0.3545796275138855,0.6216241121292114
13,1.6676890850067139,0.19049522280693054,0.2188616693019867,0.24889390170574188,0.3183394968509674,0.6910990476608276,0.823145866394043,0.7055305242538452,0.8583387136459351,0.9162077307701111,0.9249388575553894,0.8050755262374878,0.682259202003479,0.8409046530723572,0.9059581160545349,0.9159983396530151,0.7479559779167175,0.6059203743934631,0.8193153738975525,0.8997176289558411,0.9072631597518921,0.7139526009559631,0.5687135457992554,0.8233094215393066,0.8467991352081299,0.888976514339447,0.36664268374443054,0.2305319607257843,0.1372092217206955,0.38413089513778687,0.6308413147926331
14,1.678745985031128,0.19421957433223724,0.2235664576292038,0.2515886425971985,0.3204799294471741,0.6888917684555054,0.8201354146003723,0.7030720114707947,0.8688600063323975,0.916340708732605,0.9282447695732117,0.8046245574951172,0.6828212141990662,0.8477346897125244,0.9114524126052856,0.9200083613395691,0.7485975623130798,0.6081112623214722,0.8240934014320374,0.906335711479187,0.9109908938407898,0.711165189743042,0.567733645439148,0.8214718699455261,0.853970468044281,0.8912408351898193,0.36438003182411194,0.230158731341362,0.15709777176380157,0.39105820655822754,0.6292206048965454
15,1.6904529333114624,0.19853802025318146,0.23082323372364044,0.25436723232269287,0.31977197527885437,0.686952531337738,0.8189470171928406,0.6995056867599487,0.8573440313339233,0.9114199280738831,0.922954797744751,0.8062167167663574,0.6827186346054077,0.8368673324584961,0.9073217511177063,0.915238082408905,0.7509183883666992,0.6087577939033508,0.8167415857315063,0.9038103818893433,0.907884955406189,0.7139933705329895,0.5672850608825684,0.8151553869247437,0.8586626648902893,0.8912339806556702,0.369181752204895,0.23314842581748962,0.1775897741317749,0.4150169789791107,0.6342661380767822
16,1.6337804794311523,0.18517282605171204,0.21364238858222961,0.2421083152294159,0.30789095163345337,0.6849661469459534,0.8246563673019409,0.706490159034729,0.8680446743965149,0.9205053448677063,0.929453432559967,0.8125146627426147,0.6906880140304565,0.854745626449585,0.9081423878669739,0.9210010766983032,0.7583633661270142,0.6176741123199463,0.8346250653266907,0.9037180542945862,0.9133011102676392,0.7192395925521851,0.5735515356063843,0.8277469277381897,0.861261785030365,0.8958120942115784,0.37081068754196167,0.23483940958976746,0.19649744033813477,0.4228834807872772,0.63462895154953
17,1.5102686882019043,0.16092637181282043,0.18378736078739166,0.2107430398464203,0.2707725465297699,0.6840402483940125,0.8463643789291382,0.7380264401435852,0.8843565583229065,0.9320659637451172,0.9385970830917358,0.838174045085907,0.7268296480178833,0.8687801361083984,0.9296343922615051,0.9328423738479614,0.785840630531311,0.653551459312439,0.8569461107254028,0.9222878217697144,0.9266096949577332,0.7487657070159912,0.6092060804367065,0.8482874035835266,0.8896743059158325,0.912411093711853,0.3791005313396454,0.23952564597129822,0.1944543570280075,0.44672614336013794,0.6432502865791321
18,1.537439227104187,0.16915342211723328,0.19164012372493744,0.2193659096956253,0.2748754918575287,0.6824042201042175,0.8418490290641785,0.7325883507728577,0.8860721588134766,0.913401186466217,0.93251633644104,0.8329703211784363,0.7211941480636597,0.8723971247673035,0.911669909954071,0.9276776909828186,0.7839306592941284,0.6523703336715698,0.850900411605835,0.9088569283485413,0.9200738072395325,0.7504719495773315,0.6127209067344666,0.8459821343421936,0.878092348575592,0.907446563243866,0.3816692531108856,0.24180802702903748,0.23422139883041382,0.4575251042842865,0.6442357301712036
19,1.5587880611419678,0.17173653841018677,0.1995072215795517,0.22273202240467072,0.2851860821247101,0.6796259880065918,0.8405841588973999,0.7297716736793518,0.8759223818778992,0.9222643375396729,0.9325259923934937,0.829706072807312,0.7152557373046875,0.8572508096694946,0.9168195724487305,0.924814760684967,0.7805944681167603,0.646828293800354,0.8446588516235352,0.9116611480712891,0.9191339015960693,0.7409613728523254,0.6004317998886108,0.8307380676269531,0.8835211992263794,0.9049527645111084,0.38012343645095825,0.24167275428771973,0.2691059708595276,0.5055346488952637,0.6610715389251709
20,1.5281141996383667,0.16988445818424225,0.1902945339679718,0.21477822959423065,0.2757967710494995,0.6773601770401001,0.8393036127090454,0.7289085984230042,0.8844937682151794,0.9211066365242004,0.9347910284996033,0.8315783739089966,0.7181288003921509,0.8662950992584229,0.9206027388572693,0.9289423823356628,0.7832738161087036,0.6513868570327759,0.8578199148178101,0.9120238423347473,0.9233137965202332,0.7450798749923706,0.606824517250061,0.8419321775436401,0.8834401965141296,0.9082363247871399,0.3828146159648895,0.24377183616161346,0.31624796986579895,0.5322048664093018,0.6721115112304688
21,1.5172653198242188,0.16261319816112518,0.1883566677570343,0.21331007778644562,0.27933329343795776,0.6736518740653992,0.8442810773849487,0.735092282295227,0.8783645629882812,0.9331761598587036,0.9370853304862976,0.8358128666877747,0.7232414484024048,0.8638048768043518,0.9304587244987488,0.9315551519393921,0.7836214303970337,0.6506854295730591,0.8487200736999512,0.9256942272186279,0.9251959323883057,0.7401472926139832,0.599819540977478,0.8283351063728333,0.8931500911712646,0.9076874852180481,0.38265442848205566,0.24466535449028015,0.41265517473220825,0.6044145822525024,0.7076717615127563
22,1.4009754657745361,0.13993801176548004,0.1572163701057434,0.18734848499298096,0.24471375346183777,0.6717582941055298,0.8606098890304565,0.7589869499206543,0.9108715057373047,0.9291920065879822,0.9459476470947266,0.8530492782592773,0.7487759590148926,0.899036705493927,0.9254228472709656,0.9408766627311707,0.8040005564689636,0.6785315871238708,0.8812668919563293,0.9187739491462708,0.9329569339752197,0.7633598446846008,0.6302584409713745,0.8687257170677185,0.8953269720077515,0.9206170439720154,0.3918570876121521,0.2504812777042389,0.706022322177887,0.710762083530426,0.8018175959587097
23,1.4308089017868042,0.15235665440559387,0.16919437050819397,0.19010810554027557,0.2485438585281372,0.6706059575080872,0.860409140586853,0.7586836814880371,0.8972203731536865,0.9248449206352234,0.9401007294654846,0.8543995022773743,0.7503188848495483,0.8843964338302612,0.9234395027160645,0.9355877041816711,0.8098053932189941,0.6850773096084595,0.8733165264129639,0.9197791814804077,0.9308401942253113,0.7672428488731384,0.6315221190452576,0.8562330007553101,0.9008193612098694,0.918843686580658,0.394004225730896,0.25197213888168335,0.8267611861228943,0.751305341720581,0.8476314544677734
24,1.465246319770813,0.15944752097129822,0.17750120162963867,0.20197109878063202,0.2595638036727905,0.6667624711990356,0.8556707501411438,0.7518014311790466,0.8917915225028992,0.9298491477966309,0.9401695132255554,0.8496717214584351,0.7440046072006226,0.8805989623069763,0.9283866286277771,0.9361327886581421,0.8006930351257324,0.6744747161865234,0.8680070042610168,0.9204683303833008,0.92942875623703,0.7578098773956299,0.6223761439323425,0.8557552099227905,0.8952470421791077,0.9166828393936157,0.3924716114997864,0.2521343529224396,0.854420006275177,0.7497445940971375,0.8531327843666077
25,1.400388479232788,0.14528211951255798,0.16468115150928497,0.1860356628894806,0.23836322128772736,0.6660261750221252,0.859592616558075,0.7583692073822021,0.892025351524353,0.9372358322143555,0.9428209662437439,0.8549343943595886,0.7527212500572205,0.8805456161499023,0.9329831600189209,0.9377091526985168,0.8124164342880249,0.691048264503479,0.8730087876319885,0.9276394844055176,0.9334864020347595,0.77224200963974,0.6414918899536133,0.8584439158439636,0.9080699682235718,0.9221087098121643,0.39972764253616333,0.2565365731716156,0.8684735894203186,0.7536487579345703,0.8583707213401794
26,1.3630205392837524,0.1390429437160492,0.1514706164598465,0.18060167133808136,0.22993066906929016,0.6619746088981628,0.8699564933776855,0.7732279300689697,0.9101050496101379,0.9298779964447021,0.9459525942802429,0.8656359910964966,0.7671865224838257,0.8974791765213013,0.9341339468955994,0.9434717893600464,0.8182477951049805,0.6983110308647156,0.8887134790420532,0.9230862855911255,0.9368119835853577,0.7829161882400513,0.6540800929069519,0.8693321347236633,0.9065878391265869,0.9249114990234375,0.402748167514801,0.2590360641479492,0.8961563110351562,0.7562404274940491,0.866113007068634
27,1.4050030708312988,0.15407320857048035,0.16635459661483765,0.18425124883651733,0.23934125900268555,0.6609827876091003,0.8598746061325073,0.7588291764259338,0.890564501285553,0.9258776307106018,0.938382089138031,0.8582757115364075,0.7577754855155945,0.8899185061454773,0.9252720475196838,0.9379650354385376,0.8152893781661987,0.6951303482055664,0.8817002773284912,0.9209657907485962,0.9338703155517578,0.7748750448226929,0.6441144943237305,0.8649804592132568,0.9075406193733215,0.9239222407341003,0.40335893630981445,0.2600151598453522,0.8912910223007202,0.747725784778595,0.8604132533073425
28,1.3953373432159424,0.1509903222322464,0.1655648946762085,0.1854715645313263,0.23453104496002197,0.6587792634963989,0.8630043268203735,0.7636712789535522,0.8951067924499512,0.9270793199539185,0.9402340054512024,0.8617274165153503,0.7620919942855835,0.890038251876831,0.9262980818748474,0.9383658170700073,0.8190308809280396,0.6992455124855042,0.8815872669219971,0.9179596900939941,0.932766318321228,0.7841503620147705,0.6546368598937988,0.8660967350006104,0.9034639596939087,0.9227958917617798,0.4087453782558441,0.2635723948478699,0.9051170945167542,0.7419121861457825,0.860302746295929
29,1.3302583694458008,0.12965136766433716,0.14767980575561523,0.16933265328407288,0.22967609763145447,0.653918445110321,0.8677347302436829,0.7708098292350769,0.9110192060470581,0.9399861097335815,0.9498326778411865,0.8628179430961609,0.7644671201705933,0.8989251852035522,0.9373156428337097,0.945043683052063,0.8159223794937134,0.6971120238304138,0.8930830955505371,0.927888035774231,0.9398845434188843,0.7714444398880005,0.6430037021636963,0.8744987845420837,0.9055071473121643,0.9260990023612976,0.4057937264442444,0.26347965002059937,0.9135519862174988,0.7602187395095825,0.8722875118255615
30,1.3281183242797852,0.13593187928199768,0.15239496529102325,0.1696563959121704,0.21616753935813904,0.6539672017097473,0.8773387670516968,0.7840158939361572,0.9049749970436096,0.9410324692726135,0.9482685327529907,0.8743877410888672,0.7801655530929565,0.8942616581916809,0.9394930601119995,0.9443139433860779,0.8353124856948853,0.7218443155288696,0.8899151682853699,0.9339529275894165,0.9410117864608765,0.798017680644989,0.6738492250442505,0.8789344429969788,0.919323742389679,0.9324271082878113,0.4140530228614807,0.26785826683044434,0.9169694185256958,0.754332423210144,0.8698760867118835
31,1.334456205368042,0.14126798510551453,0.1522851288318634,0.17093193531036377,0.21835418045520782,0.6516171097755432,0.8728798031806946,0.777916431427002,0.9036453366279602,0.9301478862762451,0.944012463092804,0.875085711479187,0.7816692590713501,0.8983094096183777,0.9348815679550171,0.9439970850944519,0.8355169296264648,0.7227725386619568,0.8911917805671692,0.9279618859291077,0.939315915107727,0.7979570627212524,0.6736308336257935,0.8755483031272888,0.9161784052848816,0.9302591681480408,0.41661199927330017,0.27013373374938965,0.9259887337684631,0.7466568350791931,0.8676472902297974
32,1.290219783782959,0.1285885125398636,0.14157801866531372,0.15989646315574646,0.21193885803222656,0.6482179164886475,0.8804472088813782,0.7885119318962097,0.9105055928230286,0.9402953386306763,0.949777364730835,0.8793792724609375,0.7872288227081299,0.9025768041610718,0.940366268157959,0.9472704529762268,0.8400842547416687,0.728153645992279,0.8991060256958008,0.9345408082008362,0.9441301822662354,0.7985619902610779,0.6744669675827026,0.8783566951751709,0.9220333099365234,0.9332046508789062,0.4187559187412262,0.272266685962677,0.9290928840637207,0.7578023076057434,0.8745861053466797
33,1.288053274154663,0.1333134025335312,0.1411510407924652,0.1619528979063034,0.20557773113250732,0.646058201789856,0.8793600797653198,0.7883059978485107,0.908545732498169,0.9336395859718323,0.9468031525611877,0.8785060048103333,0.7872676849365234,0.9025574326515198,0.9377487301826477,0.9463508725166321,0.8401147127151489,0.7296541929244995,0.8938174247741699,0.9304487109184265,0.9410192966461182,0.804185688495636,0.6833135485649109,0.8794703483581543,0.9196303486824036,0.9327024817466736,0.4232640862464905,0.2756612300872803,0.9370854496955872,0.7601521015167236,0.8777434229850769
34,1.270300269126892,0.12631194293498993,0.13847997784614563,0.1564290076494217,0.20554666221141815,0.6435327529907227,0.8814359903335571,0.7915169596672058,0.9147014617919922,0.9381757974624634,0.9503677487373352,0.8803168535232544,0.7909224629402161,0.9047445058822632,0.9388641119003296,0.9474378228187561,0.8425565958023071,0.7339214086532593,0.9000436663627625,0.9337897896766663,0.9441633820533752,0.8039453625679016,0.6840301752090454,0.8834748268127441,0.9213240742683411,0.9345505833625793,0.42427483201026917,0.276991605758667,0.9410108923912048,0.7577642798423767,0.8773295283317566
35,1.1918199062347412,0.11300720274448395,0.11924660205841064,0.13618697226047516,0.18331047892570496,0.6400686502456665,0.8904229998588562,0.804345428943634,0.9210264682769775,0.9459952116012573,0.9551486968994141,0.8914499282836914,0.8062857389450073,0.9182729125022888,0.9475598335266113,0.9548099637031555,0.8533861041069031,0.7483333349227905,0.9143523573875427,0.9417281746864319,0.9515100121498108,0.810836136341095,0.6929101347923279,0.9006310701370239,0.9300153255462646,0.943014919757843,0.42926883697509766,0.28077754378318787,0.9472703337669373,0.7672644257545471,0.8840585350990295
36,1.2808964252471924,0.13745136559009552,0.14142215251922607,0.15878331661224365,0.20361682772636414,0.6396228075027466,0.8830254673957825,0.7932896018028259,0.9087452292442322,0.93562251329422,0.9475696682929993,0.8846084475517273,0.7963138222694397,0.9055690765380859,0.93699711561203,0.9470453858375549,0.8507040143013,0.7448336482048035,0.9011961221694946,0.932045042514801,0.9439125061035156,0.8090200424194336,0.6906566619873047,0.8877769708633423,0.9220571517944336,0.9361532926559448,0.42995983362197876,0.2815263867378235,0.9429752826690674,0.7479234337806702,0.8722028136253357
37,1.2316257953643799,0.12267114967107773,0.13128069043159485,0.14675256609916687,0.19443181157112122,0.63648921251297,0.8861992955207825,0.7984538078308105,0.9147454500198364,0.9452250599861145,0.9528608918190002,0.8875025510787964,0.8009122014045715,0.9093837738037109,0.9459166526794434,0.9513786435127258,0.8529879450798035,0.7481785416603088,0.906078577041626,0.9408970475196838,0.9485739469528198,0.8112154006958008,0.6930925250053406,0.8907244801521301,0.9312512874603271,0.9403249025344849,0.43093305826187134,0.28293389081954956,0.9488244652748108,0.7515682578086853,0.8756224513053894
38,1.23820960521698,0.12206319719552994,0.13197174668312073,0.1489402949810028,0.20165197551250458,0.633582353591919,0.8848181962966919,0.7964886426925659,0.9187913537025452,0.9397417306900024,0.9522266387939453,0.8854150772094727,0.7982091903686523,0.9123346209526062,0.940284252166748,0.9503574371337891,0.8504899740219116,0.7444584965705872,0.9075700640678406,0.9356096386909485,0.9471920132637024,0.8067463040351868,0.68641597032547,0.8867431282997131,0.9275365471839905,0.9377675652503967,0.43083420395851135,0.28407710790634155,0.9552218317985535,0.7544863224029541,0.8787584900856018
39,1.2188084125518799,0.12171123176813126,0.12758538126945496,0.14304199814796448,0.19539718329906464,0.6310726404190063,0.8846480250358582,0.7957380414009094,0.9127471446990967,0.9493388533592224,0.9536457061767578,0.8852968215942383,0.7974609732627869,0.9088407158851624,0.9524282217025757,0.9534436464309692,0.850010871887207,0.7445177435874939,0.9061919450759888,0.9456591606140137,0.9502637386322021,0.8016688227653503,0.682895302772522,0.8909844160079956,0.9293364882469177,0.9397348761558533,0.43323197960853577,0.28612637519836426,0.9499835968017578,0.7581408619880676,0.8796230554580688
40,1.1633827686309814,0.1138642281293869,0.1178772896528244,0.13144780695438385,0.17124083638191223,0.6289525628089905,0.8902766108512878,0.8053377270698547,0.9302617907524109,0.9370437860488892,0.9549148678779602,0.8910366892814636,0.8071025609970093,0.9242641925811768,0.9414188861846924,0.9545702338218689,0.8588992357254028,0.7583497166633606,0.9281123876571655,0.932529091835022,0.9525964260101318,0.8239694833755493,0.7129808068275452,0.9115495681762695,0.9264196157455444,0.9451602697372437,0.4433809220790863,0.29243436455726624,0.960237443447113,0.7614978551864624,0.8839073181152344
41,1.2054948806762695,0.1193171888589859,0.12631426751613617,0.143853098154068,0.18968380987644196,0.626326322555542,0.891496479511261,0.8060363531112671,0.9148222804069519,0.9455044865608215,0.9529830813407898,0.894396185874939,0.8111580610275269,0.9096075296401978,0.9488394260406494,0.9524604678153992,0.8603208661079407,0.7582428455352783,0.90500408411026,0.9418414831161499,0.9485594630241394,0.8142023086547852,0.696471095085144,0.8881663084030151,0.9343459010124207,0.9405940771102905,0.4397371709346771,0.2910909950733185,0.9576054811477661,0.7706551551818848,0.888385534286499
42,1.2062101364135742,0.12438113987445831,0.12589098513126373,0.1431901901960373,0.18777821958065033,0.6249695420265198,0.8841372728347778,0.7959735989570618,0.9142277836799622,0.9431391954421997,0.95196533203125,0.8880370855331421,0.8031007051467896,0.9124293327331543,0.9460087418556213,0.952389657497406,0.855161190032959,0.7538160085678101,0.9095120429992676,0.9403224587440491,0.9494696259498596,0.816269040107727,0.7041577100753784,0.8923972249031067,0.9318504333496094,0.9410631656646729,0.4435506761074066,0.29397857189178467,0.9590756893157959,0.7526757717132568,0.8786023259162903
43,1.170316457748413,0.11484311521053314,0.11849799007177353,0.133737713098526,0.18163397908210754,0.6216033697128296,0.8918043375015259,0.8072174787521362,0.9203130006790161,0.9470978379249573,0.9553054571151733,0.8951443433761597,0.8130906224250793,0.9180196523666382,0.9517746567726135,0.9561911225318909,0.8627306818962097,0.7631147503852844,0.915406346321106,0.9458784461021423,0.9533012509346008,0.8180685043334961,0.7037951946258545,0.9009000062942505,0.935845673084259,0.9451572299003601,0.4430745244026184,0.2947775423526764,0.9626243710517883,0.7614619731903076,0.8844459652900696
44,1.1268776655197144,0.1107356920838356,0.11148059368133545,0.12234281003475189,0.16230282187461853,0.6200159192085266,0.8947256803512573,0.8125375509262085,0.9256318211555481,0.9444238543510437,0.9560741186141968,0.8982882499694824,0.8187968134880066,0.925901472568512,0.9482011198997498,0.9574921727180481,0.8693920373916626,0.7743765711784363,0.9249780178070068,0.9451075792312622,0.9561059474945068,0.8288639187812805,0.7218433618545532,0.9136433601379395,0.9359262585639954,0.9492327570915222,0.4521605372428894,0.3007957935333252,0.9670581817626953,0.7620387077331543,0.8858117461204529
45,1.1544253826141357,0.11610883474349976,0.12181812524795532,0.1304321587085724,0.16688546538352966,0.6191806793212891,0.8913905024528503,0.8079373240470886,0.9229949712753296,0.9385402202606201,0.9531392455101013,0.8977217674255371,0.8186460733413696,0.9221394062042236,0.9414054155349731,0.9538861513137817,0.8730824589729309,0.779678463935852,0.9227175116539001,0.9354720711708069,0.9519514441490173,0.8386185765266418,0.7327799201011658,0.9097816944122314,0.9303953647613525,0.946036159992218,0.4573405683040619,0.303902804851532,0.9662801623344421,0.7592445015907288,0.8840382695198059
46,1.171005129814148,0.12266937643289566,0.12326661497354507,0.13630397617816925,0.1723162829875946,0.6164490580558777,0.890886127948761,0.8069793581962585,0.9162283539772034,0.9441561102867126,0.9529629945755005,0.897114098072052,0.8173405528068542,0.9167627692222595,0.9468932747840881,0.9540913701057434,0.8685574531555176,0.7724646925926208,0.9128355383872986,0.9423918128013611,0.951257586479187,0.8345311284065247,0.7260485887527466,0.9017768502235413,0.9376436471939087,0.9460656642913818,0.45665210485458374,0.3042915463447571,0.9651989340782166,0.7609336972236633,0.8847486972808838
47,1.1484180688858032,0.11607585847377777,0.11623270809650421,0.129522904753685,0.17237821221351624,0.6142085194587708,0.8871860504150391,0.8012081384658813,0.9203920960426331,0.9395604133605957,0.9526729583740234,0.8941963911056519,0.8127503395080566,0.9175437688827515,0.9480037689208984,0.9547297358512878,0.8646063804626465,0.7669476270675659,0.9157188534736633,0.9417201280593872,0.9519442319869995,0.8266512155532837,0.7171152234077454,0.900714635848999,0.9350865483283997,0.9448319673538208,0.4562498927116394,0.3050059676170349,0.9698762893676758,0.756904125213623,0.8835288882255554
48,1.1515661478042603,0.11427809298038483,0.11805213987827301,0.13329960405826569,0.17469249665737152,0.6112436652183533,0.8958867192268372,0.8132847547531128,0.9187626242637634,0.9460462331771851,0.9544388055801392,0.8993231654167175,0.8191913366317749,0.9149927496910095,0.9500194787979126,0.9546058773994446,0.8690453767776489,0.7718372344970703,0.9153257608413696,0.9399951696395874,0.9512103796005249,0.8284942507743835,0.7172849178314209,0.8986711502075195,0.9345746636390686,0.9440041780471802,0.4587930142879486,0.30706721544265747,0.968407154083252,0.7684921622276306,0.8897664546966553
49,1.0928311347961426,0.10483622550964355,0.10669799149036407,0.1177394837141037,0.155174121260643,0.6083838939666748,0.9012875556945801,0.8224250078201294,0.9286103248596191,0.9484578371047974,0.9584556818008423,0.9054349064826965,0.8295276761054993,0.9268708229064941,0.953558087348938,0.9596768617630005,0.8785141706466675,0.7870094180107117,0.9243473410606384,0.9496294260025024,0.9574911594390869,0.8410483598709106,0.7355121374130249,0.9146783351898193,0.9428751468658447,0.952017068862915,0.46331968903541565,0.3108428716659546,0.9718175530433655,0.773543119430542,0.8933941125869751
50,1.1238645315170288,0.11153316497802734,0.11305509507656097,0.12495049089193344,0.16672591865062714,0.6075999736785889,0.8937833905220032,0.8103364109992981,0.9247534871101379,0.9458629488945007,0.9563001990318298,0.9006165266036987,0.8218709230422974,0.9236223101615906,0.9493716359138489,0.9571670293807983,0.8732384443283081,0.7790261507034302,0.9208019971847534,0.9458794593811035,0.955035924911499,0.831864058971405,0.723281979560852,0.9083491563796997,0.9390350580215454,0.9486467838287354,0.46214795112609863,0.31071293354034424,0.9733112454414368,0.7547542452812195,0.8830750584602356
51,1.1612111330032349,0.11480198055505753,0.12108848243951797,0.13865439593791962,0.18080894649028778,0.6058576703071594,0.8932386636734009,0.8096372485160828,0.9172319769859314,0.9478846788406372,0.9545878171920776,0.8978206515312195,0.8170067071914673,0.9125956892967224,0.952326238155365,0.9546249508857727,0.8684247732162476,0.7717957496643066,0.9114581346511841,0.9476743936538696,0.9526547789573669,0.8272838592529297,0.7177380919456482,0.8944898843765259,0.9409956932067871,0.9449051022529602,0.46123844385147095,0.3106011748313904,0.9732134938240051,0.7557656764984131,0.8836409449577332
52,1.0655114650726318,0.1000300869345665,0.09937962889671326,0.11041560024023056,0.15360623598098755,0.6020799875259399,0.902489185333252,0.8241791725158691,0.9339317083358765,0.9488295912742615,0.9603028893470764,0.9078832864761353,0.8332319259643555,0.9309092164039612,0.9551539421081543,0.9615427851676941,0.8831281661987305,0.7938680648803711,0.9294348955154419,0.9517433047294617,0.9598748683929443,0.8394161462783813,0.7337664365768433,0.9136250615119934,0.9458045959472656,0.9527029395103455,0.4673704504966736,0.31553149223327637,0.9777935147285461,0.768008291721344,0.8917292356491089
53,1.0659611225128174,0.10152820497751236,0.1042582169175148,0.11158014833927155,0.14788374304771423,0.6007108688354492,0.9034162759780884,0.826097309589386,0.9350188970565796,0.9447281956672668,0.9591949582099915,0.9097714424133301,0.8364657163619995,0.93098384141922,0.9490141868591309,0.9594171047210693,0.8868120312690735,0.7994211912155151,0.9314519166946411,0.9453234076499939,0.9582616090774536,0.8491536378860474,0.7459474802017212,0.9204047918319702,0.9409045577049255,0.9531541466712952,0.47310084104537964,0.31939199566841125,0.9777972102165222,0.7692673206329346,0.8924405574798584
54,1.0872160196304321,0.10608494281768799,0.11000920832157135,0.11796633154153824,0.15438126027584076,0.5987743139266968,0.9034885168075562,0.8258177638053894,0.9268044233322144,0.9513736367225647,0.9588944911956787,0.9092196226119995,0.835339367389679,0.926885724067688,0.95069420337677,0.9586833715438843,0.8853862881660461,0.7971416115760803,0.9291294813156128,0.9468172192573547,0.9580442905426025,0.8428899049758911,0.7390939593315125,0.9176276922225952,0.942854642868042,0.9529544711112976,0.47144579887390137,0.3191569447517395,0.9743965864181519,0.7761783003807068,0.8954740166664124
55,1.0811985731124878,0.10690633207559586,0.1069432944059372,0.11670063436031342,0.15287992358207703,0.597768247127533,0.8981713056564331,0.818254292011261,0.927524983882904,0.9472923278808594,0.9576955437660217,0.9059110879898071,0.8308141827583313,0.9286158680915833,0.9517369866371155,0.9596075415611267,0.8850860595703125,0.7971490621566772,0.9247676730155945,0.9502633213996887,0.9578483700752258,0.8479686975479126,0.7466042041778564,0.9151694774627686,0.9444199204444885,0.9527156949043274,0.4765809178352356,0.3227466642856598,0.978567361831665,0.7634298801422119,0.8893081545829773
56,1.0615592002868652,0.1004922017455101,0.10178297758102417,0.11246252059936523,0.1521909534931183,0.5946306586265564,0.9021626710891724,0.8235450983047485,0.9320203065872192,0.9496908783912659,0.9599900841712952,0.9069962501525879,0.8319262266159058,0.9297187328338623,0.952752947807312,0.9603196382522583,0.8825505971908569,0.7933954000473022,0.9315537214279175,0.9468775391578674,0.9588457942008972,0.8402763605117798,0.736748993396759,0.918441116809845,0.9412336945533752,0.952643096446991,0.4748983383178711,0.3228064179420471,0.9808353781700134,0.7660420536994934,0.8913354277610779
57,1.0374364852905273,0.09931118786334991,0.10013425350189209,0.10658840090036392,0.1392609030008316,0.5921413898468018,0.9114066958427429,0.8381990194320679,0.9315193891525269,0.9505271911621094,0.9601225256919861,0.9170777201652527,0.8478912115097046,0.9309435486793518,0.9550396800041199,0.9615141749382019,0.8956868052482605,0.812877357006073,0.9335833787918091,0.9493486881256104,0.9603739380836487,0.8580506443977356,0.7591726779937744,0.9214568734169006,0.9485990405082703,0.9561986327171326,0.48212677240371704,0.3273717761039734,0.9791540503501892,0.7855532169342041,0.9017611145973206
58,1.065779209136963,0.10404638946056366,0.10363353788852692,0.11562468856573105,0.15120671689510345,0.5912677049636841,0.9005742073059082,0.8226802945137024,0.9300752878189087,0.9469673037528992,0.9584017395973206,0.9075168371200562,0.8339027166366577,0.929926872253418,0.9521379470825195,0.9601721167564392,0.8844085931777954,0.7967222332954407,0.9267160296440125,0.9471349716186523,0.9573796391487122,0.8477321863174438,0.745802640914917,0.9161272644996643,0.9419359564781189,0.9521508812904358,0.4809110164642334,0.3275459110736847,0.9815141558647156,0.7697635293006897,0.8936080932617188
59,1.0280879735946655,0.0966133400797844,0.09674582630395889,0.10717739164829254,0.13986146450042725,0.5876895189285278,0.9096430540084839,0.8356822729110718,0.9345747232437134,0.9522300362586975,0.9617094397544861,0.9145410656929016,0.8439229130744934,0.9308868646621704,0.9578940868377686,0.9624860286712646,0.8904844522476196,0.8052593469619751,0.9329907298088074,0.949927031993866,0.9603866338729858,0.8551021814346313,0.7557146549224854,0.9190013408660889,0.9497508406639099,0.9558073878288269,0.4848533570766449,0.33054134249687195,0.981123685836792,0.7842592597007751,0.9015467166900635
60,1.0387940406799316,0.10129779577255249,0.09993048757314682,0.10818026959896088,0.14241766929626465,0.5869676470756531,0.9057801961898804,0.8295060992240906,0.9292871952056885,0.9508864879608154,0.9595270752906799,0.9122255444526672,0.8403664827346802,0.9282422065734863,0.9574955105781555,0.9614864587783813,0.8924204111099243,0.8083332180976868,0.9298328757286072,0.9515668153762817,0.9599418640136719,0.8531391024589539,0.75408935546875,0.9176903367042542,0.949141263961792,0.9551724791526794,0.48603716492652893,0.33195480704307556,0.9817357063293457,0.7718361616134644,0.8948286771774292
61,1.03717839717865,0.09785841405391693,0.09783529490232468,0.10842867940664291,0.1484759896993637,0.5845802426338196,0.908959686756134,0.834762692451477,0.9341394305229187,0.9506518840789795,0.9610132575035095,0.9156897664070129,0.8462117314338684,0.9346030354499817,0.9552096128463745,0.9627624750137329,0.8949506878852844,0.8124482035636902,0.934746265411377,0.9489620923995972,0.9606124758720398,0.8514330983161926,0.7507179975509644,0.921411395072937,0.943998396396637,0.9545699954032898,0.486004114151001,0.3328653872013092,0.9835732579231262,0.7770125865936279,0.8981643915176392
62,1.054785966873169,0.10169154405593872,0.10475678741931915,0.11245782673358917,0.15166659653186798,0.584213376045227,0.9070969820022583,0.8312137722969055,0.9316697120666504,0.9489888548851013,0.9596294164657593,0.9137012362480164,0.8423571586608887,0.9286505579948425,0.9537612795829773,0.9603248834609985,0.8924744725227356,0.8081334829330444,0.9267973303794861,0.953454315662384,0.9596169590950012,0.850837230682373,0.7503343224525452,0.9106704592704773,0.9498980045318604,0.9531679749488831,0.4863365590572357,0.3334025740623474,0.9826256036758423,0.7720852494239807,0.8951824307441711
63,1.0531985759735107,0.10263248533010483,0.10502328723669052,0.115121029317379,0.14774516224861145,0.5826767086982727,0.9058011770248413,0.8294082880020142,0.9253528714179993,0.9514666795730591,0.9584572911262512,0.9103326797485352,0.8371450304985046,0.9255997538566589,0.9540767669677734,0.9594445824623108,0.8902309536933899,0.8046399354934692,0.9259824156761169,0.9501664042472839,0.9582069516181946,0.8595231175422668,0.7611895799636841,0.9152731895446777,0.947739839553833,0.9539063572883606,0.4915653169155121,0.33666157722473145,0.9825625419616699,0.7702885270118713,0.8941552639007568
64,1.024193286895752,0.09816057980060577,0.09827141463756561,0.10720913112163544,0.14027494192123413,0.580277144908905,0.9084126353263855,0.8342136144638062,0.9357860684394836,0.9492895007133484,0.9610639214515686,0.9140693545341492,0.8440043330192566,0.9345433712005615,0.9545308351516724,0.9625058770179749,0.8966668248176575,0.8155208826065063,0.9350177645683289,0.9492042660713196,0.9607858061790466,0.8619102239608765,0.7662014365196228,0.9229961037635803,0.9468491673469543,0.9560819268226624,0.4951501488685608,0.3399900794029236,0.9854869246482849,0.7695736289024353,0.894449770450592
65,0.9674621820449829,0.08949634432792664,0.08719886839389801,0.09196646511554718,0.12212900072336197,0.5766714811325073,0.9127405285835266,0.8411368131637573,0.9381704330444336,0.957151472568512,0.9646009802818298,0.9202370643615723,0.8538311719894409,0.93832927942276,0.961484968662262,0.9661591649055481,0.9023118019104004,0.8246833682060242,0.9417669177055359,0.9567331671714783,0.9656256437301636,0.8694709539413452,0.7789202928543091,0.9334692358970642,0.9525048136711121,0.9614478945732117,0.50138258934021,0.34457308053970337,0.9868680238723755,0.7832398414611816,0.9024080634117126
66,0.971535861492157,0.08989202976226807,0.08718396723270416,0.09465736895799637,0.1252138465642929,0.5745888948440552,0.9131631851196289,0.8421193361282349,0.9384594559669495,0.9546782970428467,0.9638291597366333,0.9207439422607422,0.854507327079773,0.9391807913780212,0.9591245651245117,0.9656182527542114,0.9026316404342651,0.8246966600418091,0.9398021101951599,0.9541707038879395,0.964086651802063,0.8654717206954956,0.7694798111915588,0.9287072420120239,0.9528800249099731,0.9600362181663513,0.49777212738990784,0.34343916177749634,0.9868329763412476,0.793096661567688,0.9077380895614624
67,0.9990348815917969,0.09548994898796082,0.09389926493167877,0.10073323547840118,0.13465625047683716,0.5742559432983398,0.9089120626449585,0.8355253338813782,0.9394254088401794,0.9500733613967896,0.9625167846679688,0.916589081287384,0.8481056094169617,0.9374841451644897,0.9544973373413086,0.9634489417076111,0.8981092572212219,0.8185661435127258,0.9407117962837219,0.9481755495071411,0.9622566103935242,0.8614697456359863,0.767722487449646,0.9283466339111328,0.9461708664894104,0.9575640559196472,0.5007126331329346,0.34577497839927673,0.9868299961090088,0.7786832451820374,0.8998850584030151
68,0.9745059013366699,0.08977566659450531,0.08915012329816818,0.0952150747179985,0.12908706068992615,0.5712777972221375,0.912362277507782,0.8407810926437378,0.9388082027435303,0.9549224972724915,0.9640281796455383,0.9194996953010559,0.8529849052429199,0.9392154812812805,0.9601726531982422,0.9659940004348755,0.8995234370231628,0.8210951089859009,0.9409385323524475,0.9543664455413818,0.9645244479179382,0.8616973161697388,0.7681169509887695,0.9290835857391357,0.9515605568885803,0.9596971869468689,0.5004589557647705,0.3465752899646759,0.987885057926178,0.7901961207389832,0.9064444303512573
69,0.9627906084060669,0.08882855623960495,0.08687136322259903,0.09317469596862793,0.12463647127151489,0.5692798495292664,0.918146014213562,0.8494812250137329,0.9411369562149048,0.9555215835571289,0.9649953246116638,0.9235706329345703,0.8588284254074097,0.9367229342460632,0.9628799557685852,0.9661146998405457,0.906840443611145,0.8309659957885742,0.9399322867393494,0.9568376541137695,0.9650650024414062,0.8699488639831543,0.7769376039505005,0.9262431263923645,0.9548009037971497,0.9599043726921082,0.5044921636581421,0.3492165803909302,0.987248420715332,0.7984615564346313,0.9106943607330322
70,1.0344351530075073,0.10119649022817612,0.10147778689861298,0.11311931908130646,0.1476622074842453,0.5709794759750366,0.9052954912185669,0.8288471102714539,0.9297672510147095,0.9503657221794128,0.9594995975494385,0.9145086407661438,0.8447092771530151,0.9332491755485535,0.9519459009170532,0.9611805081367493,0.8946358561515808,0.8125966787338257,0.9302251935005188,0.9485369324684143,0.9590042233467102,0.8585368990898132,0.7626065015792847,0.9186891317367554,0.9475575685501099,0.9549432396888733,0.5024526715278625,0.34835442900657654,0.9875613451004028,0.7692424058914185,0.8947568535804749
71,0.948238730430603,0.09006790816783905,0.08471937477588654,0.08933524042367935,0.11726050078868866,0.5668556094169617,0.9135751724243164,0.8428842425346375,0.9395410418510437,0.9539616107940674,0.9639283418655396,0.9226477742195129,0.8577458262443542,0.9414692521095276,0.959265410900116,0.9664143919944763,0.9078928232192993,0.8332219123840332,0.9470726251602173,0.9526122808456421,0.9658927917480469,0.8767729997634888,0.7874730229377747,0.9363328218460083,0.9510402083396912,0.961859405040741,0.511629045009613,0.35475534200668335,0.9894194602966309,0.789137065410614,0.9062557220458984
72,0.9592429399490356,0.08986294269561768,0.08524705469608307,0.09454528987407684,0.12473531067371368,0.5648521780967712,0.9161676168441772,0.8464210629463196,0.9369452595710754,0.9546203017234802,0.9633170962333679,0.9230015873908997,0.8580389022827148,0.9389219284057617,0.9605801701545715,0.9660395383834839,0.9056326746940613,0.8293364644050598,0.938737690448761,0.9549605846405029,0.9640186429023743,0.8680345416069031,0.7748412489891052,0.9274332523345947,0.9545860886573792,0.9602164030075073,0.5059318542480469,0.35210615396499634,0.9904279112815857,0.7980528473854065,0.9112882018089294
73,0.9573438763618469,0.09104839712381363,0.0864797979593277,0.09302274137735367,0.1230979934334755,0.5636950731277466,0.9157646894454956,0.8459423184394836,0.9389786124229431,0.9528554677963257,0.9633562564849854,0.923738956451416,0.8593457341194153,0.9395160675048828,0.9588012099266052,0.9656150937080383,0.9069215655326843,0.8312982320785522,0.9405689239501953,0.953737199306488,0.9641827940940857,0.8720337152481079,0.7809640169143677,0.9318580627441406,0.951517641544342,0.9605799317359924,0.5116183757781982,0.3560456931591034,0.9893791675567627,0.7921562194824219,0.9078748226165771
74,0.9643511772155762,0.09339779615402222,0.08776181936264038,0.09389404952526093,0.1268833875656128,0.5624141693115234,0.9124455451965332,0.8410733342170715,0.9360851645469666,0.953363299369812,0.9625970125198364,0.9219186902046204,0.8568736910820007,0.9380767941474915,0.9607540965080261,0.9658234715461731,0.9067913293838501,0.8318578600883484,0.9405543804168701,0.9539717435836792,0.9642607569694519,0.8690330386161804,0.7788699269294739,0.9291402697563171,0.950772762298584,0.9594396948814392,0.5117297172546387,0.35681718587875366,0.9883934259414673,0.7920910120010376,0.9075918793678284
75,0.9289630055427551,0.08439188450574875,0.08238925039768219,0.08691607415676117,0.11550146341323853,0.5597643852233887,0.9171546697616577,0.848423182964325,0.9442149996757507,0.9573742151260376,0.9666478633880615,0.924872100353241,0.861556887626648,0.943182647228241,0.9620717763900757,0.9679515957832336,0.9098280072212219,0.8367964625358582,0.9454745054244995,0.9579698443412781,0.9672674536705017,0.8764761686325073,0.7894555330276489,0.9341025352478027,0.9548531174659729,0.9624753594398499,0.5166392922401428,0.36052602529525757,0.9905935525894165,0.7930939197540283,0.9086843132972717
76,0.9435491561889648,0.09017247706651688,0.08685800433158875,0.09162090718746185,0.1153157502412796,0.5595819354057312,0.9143417477607727,0.8443004488945007,0.9405961632728577,0.9529827833175659,0.9639254212379456,0.9235473871231079,0.8594509959220886,0.9411608576774597,0.9578889608383179,0.9658330082893372,0.9103378057479858,0.8371917009353638,0.9461316466331482,0.9514173865318298,0.9651626348495483,0.8788691759109497,0.7904490232467651,0.9371194243431091,0.9529650807380676,0.9627923369407654,0.5171548128128052,0.3613220155239105,0.9895082116127014,0.7896682620048523,0.9065654873847961
77,0.9045079350471497,0.081627257168293,0.08009238541126251,0.0825708657503128,0.10392425954341888,0.556293249130249,0.9218363761901855,0.8562304377555847,0.9457023739814758,0.9563561677932739,0.9667738676071167,0.9287219047546387,0.8679088354110718,0.9454994797706604,0.9599402546882629,0.9679663181304932,0.9173723459243774,0.8486438989639282,0.9493644833564758,0.9556108713150024,0.9677014946937561,0.8909972906112671,0.8092654347419739,0.940787136554718,0.9565308094024658,0.9652357697486877,0.5239149332046509,0.3660198450088501,0.9919511079788208,0.8063637018203735,0.9160436987876892
78,0.950545608997345,0.08718941360712051,0.0873870998620987,0.09438233822584152,0.12547117471694946,0.5561158657073975,0.9177458882331848,0.8492485880851746,0.9410366415977478,0.9551097750663757,0.9648179411888123,0.9239898920059204,0.8601405024528503,0.939266562461853,0.9588133692741394,0.9655379056930542,0.9083283543586731,0.8343716859817505,0.9392102360725403,0.9546393752098083,0.9640592932701111,0.8682705760002136,0.7787076234817505,0.9289687275886536,0.9528252482414246,0.960101842880249,0.5153914093971252,0.36191046237945557,0.9917187690734863,0.7956255078315735,0.9103243350982666
79,0.9726083874702454,0.09577909111976624,0.09238307178020477,0.0982823297381401,0.129749596118927,0.5564144253730774,0.9144325256347656,0.8437842130661011,0.9339194297790527,0.9526875615119934,0.9616578221321106,0.9225584864616394,0.8578004837036133,0.9332719445228577,0.9588587880134583,0.9635975956916809,0.910212516784668,0.8374282121658325,0.934482216835022,0.9540093541145325,0.9623035192489624,0.8775097727775574,0.7884466648101807,0.9234358072280884,0.9520860314369202,0.9580523371696472,0.5183773040771484,0.3632434606552124,0.9899882078170776,0.7901663184165955,0.9069549441337585
80,0.9504607319831848,0.09309907257556915,0.08939044177532196,0.09187471866607666,0.12140461057424545,0.5546921491622925,0.9098243713378906,0.8370783925056458,0.9370052814483643,0.9523686170578003,0.9625453948974609,0.918280303478241,0.8511060476303101,0.93867427110672,0.9585941433906555,0.9652683138847351,0.9052118062973022,0.8296462893486023,0.9471483826637268,0.9511651396751404,0.9654015898704529,0.8687199354171753,0.777826189994812,0.9354347586631775,0.950351893901825,0.9613260626792908,0.5184186697006226,0.3647846281528473,0.9902545213699341,0.7818338871002197,0.9024679660797119
81,0.9334313273429871,0.08802828192710876,0.08546839654445648,0.09110046178102493,0.11693307012319565,0.5519010424613953,0.9184843301773071,0.8505444526672363,0.9404525756835938,0.9547797441482544,0.9645121097564697,0.9246705174446106,0.8609565496444702,0.9410828948020935,0.9587569832801819,0.96611088514328,0.9112197160720825,0.8385669589042664,0.9437264204025269,0.9523045420646667,0.9646995663642883,0.8802605867385864,0.7932576537132263,0.9336937665939331,0.9534887075424194,0.9618654847145081,0.5242310166358948,0.3686579465866089,0.9915453195571899,0.7999985814094543,0.9126030206680298
82,0.903727650642395,0.08273912966251373,0.08015676587820053,0.08396441489458084,0.10745445638895035,0.5494128465652466,0.9198490381240845,0.8529137372970581,0.9458056688308716,0.9544188976287842,0.9661230444908142,0.9273101091384888,0.8656476140022278,0.9438681602478027,0.9612307548522949,0.9678834080696106,0.9133689999580383,0.8426467180252075,0.9485521912574768,0.9557860493659973,0.9674994349479675,0.8821007609367371,0.79744553565979,0.9368005394935608,0.9574373364448547,0.9642544984817505,0.5278276205062866,0.37171730399131775,0.9926019310951233,0.8065826892852783,0.9163262844085693
83,0.9054093360900879,0.08186019957065582,0.08095182478427887,0.08529575169086456,0.10949057340621948,0.5478110313415527,0.9217866659164429,0.8559991121292114,0.9425784349441528,0.95811927318573,0.9663757085800171,0.928098201751709,0.8669934272766113,0.9421223402023315,0.9633346199989319,0.9680420160293579,0.9153253436088562,0.8455583453178406,0.9470924139022827,0.9561823010444641,0.9671647548675537,0.883926510810852,0.8001601099967957,0.9401016235351562,0.955451250076294,0.9646340608596802,0.5288753509521484,0.3730399012565613,0.9922942519187927,0.8068855404853821,0.9164039492607117
84,0.919601559638977,0.08645544201135635,0.0837843045592308,0.0891081839799881,0.11383414268493652,0.5464195013046265,0.9221576452255249,0.8565638661384583,0.9366390705108643,0.9608744978904724,0.9653949737548828,0.9303571581840515,0.8706051707267761,0.9372018575668335,0.9656842350959778,0.9672353267669678,0.9191387295722961,0.8515093922615051,0.9415822625160217,0.9595417380332947,0.9665476679801941,0.8921536207199097,0.8109287023544312,0.9306846857070923,0.9597214460372925,0.9630508422851562,0.5308185815811157,0.37382686138153076,0.991125762462616,0.814460277557373,0.9199957251548767
85,0.9198204278945923,0.08826963603496552,0.08345546573400497,0.08801138401031494,0.11290444433689117,0.5471798181533813,0.9147062301635742,0.8449625968933105,0.9413238167762756,0.9528414607048035,0.964111328125,0.9253658056259155,0.8625160455703735,0.9425318241119385,0.9594274759292603,0.9668178558349609,0.9131771922111511,0.8420137166976929,0.9454338550567627,0.9555209875106812,0.9663918614387512,0.8852012753486633,0.7998487949371338,0.9336814284324646,0.9543135762214661,0.9621500372886658,0.5283190608024597,0.37314870953559875,0.9934918284416199,0.7967838644981384,0.9113924503326416
86,0.9357627630233765,0.08562755584716797,0.08683137595653534,0.09481964260339737,0.1224195808172226,0.5460644364356995,0.9170452952384949,0.8484975695610046,0.9441930055618286,0.9552834033966064,0.9659047722816467,0.9222259521484375,0.8576531410217285,0.9391692280769348,0.9590210318565369,0.9655784368515015,0.9108389616012573,0.8392177820205688,0.9439502358436584,0.9528348445892334,0.9649600982666016,0.8817670941352844,0.7959752678871155,0.9311363697052002,0.9508568048477173,0.9601145386695862,0.5286022424697876,0.37384968996047974,0.9930543303489685,0.7935717105865479,0.9095613956451416
87,0.9494301080703735,0.09130937606096268,0.08597542345523834,0.09811306744813919,0.1295558363199234,0.5444762706756592,0.9162647128105164,0.8471173048019409,0.937069833278656,0.9563065767288208,0.9639476537704468,0.9249421954154968,0.8618637323379517,0.9399106502532959,0.9608558416366577,0.9664584994316101,0.9088795781135559,0.8354666829109192,0.9410713315010071,0.9514074325561523,0.9635219573974609,0.8738573789596558,0.7842110395431519,0.9271355867385864,0.9527633786201477,0.9594862461090088,0.5268052220344543,0.37347060441970825,0.9920287132263184,0.795326828956604,0.9102432131767273
88,0.9387439489364624,0.0871063694357872,0.0898178443312645,0.09459082782268524,0.1242922767996788,0.5429366230964661,0.9190716743469238,0.8514008522033691,0.9390487670898438,0.958131730556488,0.9652292728424072,0.9266995191574097,0.8646739721298218,0.931659996509552,0.9647648930549622,0.965099573135376,0.9135780334472656,0.8427196741104126,0.9350491166114807,0.9587658047676086,0.964145302772522,0.8807600140571594,0.7951687574386597,0.9262151122093201,0.9588280916213989,0.9612843990325928,0.5308521389961243,0.3764045834541321,0.992111086845398,0.8009240627288818,0.9132362604141235
89,0.9884044528007507,0.10045794397592545,0.10131877660751343,0.10577724874019623,0.13532139360904694,0.545528769493103,0.9081006050109863,0.8339856863021851,0.9284368753433228,0.9526492357254028,0.9598681330680847,0.9135845303535461,0.844883143901825,0.93535977602005,0.9510169625282288,0.9615365266799927,0.8975962400436401,0.8199414014816284,0.941270112991333,0.9406519532203674,0.9597294926643372,0.8676167726516724,0.7756019830703735,0.9255591034889221,0.9411228895187378,0.9548788666725159,0.5282101035118103,0.37489986419677734,0.9910515546798706,0.7876270413398743,0.9058426022529602
90,0.911845326423645,0.08813462406396866,0.08229212462902069,0.08708304166793823,0.11385611444711685,0.5404791235923767,0.917181134223938,0.848702609539032,0.9389883279800415,0.9560196995735168,0.9644714593887329,0.9262126684188843,0.8635362386703491,0.9388216137886047,0.9642579555511475,0.9672776460647583,0.9151277542114258,0.8449748754501343,0.9434847235679626,0.957532525062561,0.9664655327796936,0.884405791759491,0.7993641495704651,0.9326729774475098,0.9564200639724731,0.9625566005706787,0.5356825590133667,0.38043561577796936,0.9934723973274231,0.7966762781143188,0.9113301634788513
91,0.8671337366104126,0.08231319487094879,0.07441224157810211,0.07704321295022964,0.09539668262004852,0.5379683375358582,0.9212063550949097,0.8549920320510864,0.9462226629257202,0.9564108848571777,0.966962456703186,0.9321950078010559,0.8737065196037292,0.948404848575592,0.963580310344696,0.9701880216598511,0.9224194288253784,0.8567813634872437,0.9533238410949707,0.9588547348976135,0.9701393246650696,0.899336040019989,0.8212703466415405,0.945543110370636,0.9586244225502014,0.9675196409225464,0.545362114906311,0.3868980407714844,0.994562566280365,0.8003004789352417,0.91353440284729
92,0.9431668519973755,0.08867578208446503,0.0894027128815651,0.09912282973527908,0.12738089263439178,0.5385844707489014,0.9196082949638367,0.8521181344985962,0.9375196099281311,0.9565125703811646,0.964165985584259,0.9263225793838501,0.8637551069259644,0.9338142275810242,0.963119387626648,0.965243399143219,0.914081871509552,0.8435428738594055,0.9365196824073792,0.9593586921691895,0.9648309350013733,0.8832185864448547,0.7984746694564819,0.9287400841712952,0.9582180976867676,0.9618980288505554,0.5355046987533569,0.38108551502227783,0.9926134943962097,0.8045210242271423,0.9152540564537048
93,0.8596302270889282,0.07819601148366928,0.07381042838096619,0.07794545590877533,0.09495776891708374,0.5347204208374023,0.9242486953735352,0.8603678941726685,0.9473057389259338,0.961447536945343,0.9690839052200317,0.9327670335769653,0.8747933506965637,0.9484272599220276,0.9648340344429016,0.9706314206123352,0.9217462539672852,0.856115460395813,0.9519621729850769,0.9587950706481934,0.9696739315986633,0.9005118608474731,0.8241203427314758,0.9457076191902161,0.957149863243103,0.9670551419258118,0.549175500869751,0.39038053154945374,0.9951977729797363,0.8065829277038574,0.9169991612434387
94,0.9031068086624146,0.08600649237632751,0.08153775334358215,0.08858567476272583,0.11222664266824722,0.5347503423690796,0.9212460517883301,0.8555719256401062,0.9411179423332214,0.9598693251609802,0.9665101170539856,0.9299489855766296,0.8701874017715454,0.9417501091957092,0.9648585915565491,0.9684463739395142,0.9190603494644165,0.8520225286483765,0.9467485547065735,0.9583984017372131,0.9678334593772888,0.8964179158210754,0.8178004026412964,0.9356801509857178,0.9600167870521545,0.9647847414016724,0.5449559688568115,0.387939989566803,0.9924848079681396,0.8051354289054871,0.9155418276786804
95,0.8660834431648254,0.07967255264520645,0.07543554902076721,0.07919470965862274,0.09909436851739883,0.5326862335205078,0.9233869314193726,0.8586629033088684,0.9445909857749939,0.9596232175827026,0.9675586819648743,0.9317806363105774,0.873002827167511,0.946482241153717,0.9649202227592468,0.9700223207473755,0.9213417172431946,0.8552769422531128,0.9487390518188477,0.9605958461761475,0.9692546725273132,0.8943257331848145,0.8143414258956909,0.9426377415657043,0.9611086845397949,0.9674383997917175,0.5440109968185425,0.38845130801200867,0.9955438375473022,0.8136664628982544,0.9207523465156555
96,0.8610152006149292,0.07557466626167297,0.07285022735595703,0.0785338431596756,0.10266239941120148,0.5313938856124878,0.9231168031692505,0.8594701886177063,0.9519580602645874,0.9585065245628357,0.9695706963539124,0.9308784604072571,0.8725112080574036,0.9524317383766174,0.9619817733764648,0.9709490537643433,0.9177257418632507,0.8510332107543945,0.9548366069793701,0.9567670822143555,0.969892144203186,0.88847815990448,0.809421181678772,0.9461309313774109,0.9565193057060242,0.9669708013534546,0.5442558526992798,0.38991543650627136,0.99615478515625,0.8085375428199768,0.918265163898468
97,0.8740432858467102,0.08064380288124084,0.07722751796245575,0.08153898268938065,0.10437797009944916,0.5302549600601196,0.925655722618103,0.8623383641242981,0.9419746398925781,0.9602207541465759,0.9669124484062195,0.9338150024414062,0.8765147924423218,0.9423143863677979,0.9663665294647217,0.9691513180732727,0.9243257641792297,0.8604605793952942,0.946188747882843,0.9625608325004578,0.9691064357757568,0.8996232151985168,0.8228297233581543,0.9359091520309448,0.9624216556549072,0.9656900763511658,0.5474757552146912,0.3911064863204956,0.9949795603752136,0.8223670125007629,0.925014853477478
98,0.8564715385437012,0.07457214593887329,0.07333706319332123,0.07960788905620575,0.10015283524990082,0.5288015604019165,0.9279297590255737,0.8663519620895386,0.950498640537262,0.9604262113571167,0.9697704315185547,0.9339361190795898,0.8767997026443481,0.9483336210250854,0.9647725224494934,0.9705792665481567,0.9224289655685425,0.8573036193847656,0.9497213959693909,0.9589881896972656,0.9690107703208923,0.896465003490448,0.8180645704269409,0.9408486485481262,0.959716260433197,0.9663688540458679,0.548804521560669,0.39321908354759216,0.9959104657173157,0.8143895864486694,0.9212192296981812
99,0.8271862268447876,0.07075990736484528,0.07017823308706284,0.07019063085317612,0.08900545537471771,0.527052104473114,0.9281538724899292,0.8671888113021851,0.9539963006973267,0.9614744186401367,0.971282958984375,0.9343224763870239,0.8778877258300781,0.9525801539421082,0.964626669883728,0.971923291683197,0.9254597425460815,0.8627083897590637,0.9580623507499695,0.961062490940094,0.9724680781364441,0.8992424011230469,0.8234574198722839,0.9507798552513123,0.9612026810646057,0.970134973526001,0.5513507127761841,0.3959105908870697,0.9963897466659546,0.8135743737220764,0.9209274053573608
100,0.8795287013053894,0.07747726887464523,0.0773063600063324,0.0858953669667244,0.11199864000082016,0.5268510580062866,0.9261490106582642,0.8637338876724243,0.9475201964378357,0.961044192314148,0.9690130949020386,0.9347614049911499,0.8784005045890808,0.9458120465278625,0.9646866917610168,0.9697211980819702,0.9232097864151001,0.858547031879425,0.9458649754524231,0.9591872096061707,0.9678220152854919,0.8965730667114258,0.8183566927909851,0.9354380965232849,0.9583854675292969,0.9641401767730713,0.5494174361228943,0.3943002223968506,0.9942795038223267,0.8182598948478699,0.9227587580680847
101,0.8830019235610962,0.08651947230100632,0.08314783126115799,0.0858808234333992,0.10060779750347137,0.5268459320068359,0.923668384552002,0.8595000505447388,0.9399755597114563,0.9580478668212891,0.965502142906189,0.9315199851989746,0.8728775978088379,0.9413487911224365,0.9622170925140381,0.967401385307312,0.9209125638008118,0.8547481298446655,0.948647677898407,0.9521986246109009,0.9662555456161499,0.902099609375,0.826274573802948,0.9394336342811584,0.9553608298301697,0.9643852114677429,0.5582358241081238,0.39950910210609436,0.9927600622177124,0.8240530490875244,0.9252637028694153
102,0.8364228010177612,0.0780385285615921,0.07298428565263748,0.07320881634950638,0.08837994188070297,0.5238113403320312,0.9260198473930359,0.8638285398483276,0.9453290700912476,0.9613397717475891,0.9683994054794312,0.9351580739021301,0.8792460560798645,0.9450590014457703,0.9680352210998535,0.9706292748451233,0.9280831217765808,0.8668062090873718,0.9530646204948425,0.962348461151123,0.9712849855422974,0.9082088470458984,0.8375811576843262,0.9460096955299377,0.9629128575325012,0.9691702723503113,0.5615848302841187,0.4025602340698242,0.9949250817298889,0.8226004242897034,0.9251173734664917
103,0.8192377090454102,0.07201013714075089,0.06818538159132004,0.07027823477983475,0.08700843155384064,0.521755576133728,0.9296594858169556,0.8697357177734375,0.9505729079246521,0.9641616344451904,0.9711019992828369,0.9381481409072876,0.884363055229187,0.9526708126068115,0.9670145511627197,0.9727845788002014,0.9293010830879211,0.869186520576477,0.9545053839683533,0.9643058180809021,0.9724434018135071,0.9058825373649597,0.8329614400863647,0.9504680633544922,0.963431715965271,0.970812976360321,0.5575939416885376,0.40154534578323364,0.9962360858917236,0.827353298664093,0.9278399348258972
104,0.8399812579154968,0.0762932077050209,0.07214777916669846,0.07360029965639114,0.09574209898710251,0.522197961807251,0.9271299242973328,0.8652368783950806,0.9496617317199707,0.9597436785697937,0.969257116317749,0.9353750348091125,0.8795658349990845,0.9491392374038696,0.9664585590362549,0.9714290499687195,0.9256125688552856,0.863204300403595,0.9543905258178711,0.9616881012916565,0.9714871644973755,0.8980547785758972,0.8221168518066406,0.9428163766860962,0.9618460536003113,0.9677532315254211,0.5545496344566345,0.3998990058898926,0.9955800175666809,0.8209289312362671,0.9244523644447327
105,0.8080193400382996,0.07016274333000183,0.06493642926216125,0.06917945295572281,0.08508752286434174,0.5186532139778137,0.9330081939697266,0.8753536343574524,0.9517577886581421,0.9629766345024109,0.9710768461227417,0.941162109375,0.8893632888793945,0.9532943964004517,0.9680910110473633,0.9733636379241943,0.9315996170043945,0.8730164766311646,0.9570173025131226,0.9629138708114624,0.9727789759635925,0.9131439328193665,0.8444345593452454,0.9505949020385742,0.9625653624534607,0.9705517888069153,0.5647664666175842,0.40643009543418884,0.9970245361328125,0.8380647301673889,0.9333038330078125
106,0.8871045112609863,0.08402623236179352,0.0805419310927391,0.08941777050495148,0.1122722402215004,0.5208463668823242,0.9260203242301941,0.8633015751838684,0.9375214576721191,0.9619954228401184,0.9660711884498596,0.9345976710319519,0.8781240582466125,0.938820481300354,0.9678966403007507,0.9685251712799072,0.9242989420890808,0.8606917262077332,0.9386597275733948,0.9619114398956299,0.9664148688316345,0.8992589116096497,0.822106659412384,0.930823802947998,0.9644614458084106,0.9647214412689209,0.5559279322624207,0.4007701873779297,0.9944219589233398,0.8284777402877808,0.9279066920280457
107,0.8479979634284973,0.08005844056606293,0.07622439414262772,0.07505811750888824,0.09536252915859222,0.5212946534156799,0.9251128435134888,0.8619716763496399,0.9455546736717224,0.958763062953949,0.967572033405304,0.9325860738754272,0.8747246861457825,0.9464173316955566,0.9633270502090454,0.9694479703903198,0.9262315034866333,0.8637264966964722,0.9522691369056702,0.9613779187202454,0.9706838130950928,0.9071990847587585,0.8344796895980835,0.9419515132904053,0.9598198533058167,0.9667652249336243,0.5627294778823853,0.4051855504512787,0.995929479598999,0.8091509938240051,0.9185249209403992
108,0.8306690454483032,0.07497696578502655,0.0689803808927536,0.0737711638212204,0.09511683881282806,0.5178236365318298,0.9270465970039368,0.8651188611984253,0.95009845495224,0.9609786868095398,0.969833493232727,0.9354389309883118,0.8796330690383911,0.9495707154273987,0.9682909250259399,0.9722049832344055,0.9252935647964478,0.8626245260238647,0.9542506337165833,0.9611595869064331,0.971255362033844,0.899289608001709,0.8252647519111633,0.9440005421638489,0.9615124464035034,0.9680248498916626,0.5606963634490967,0.4055047929286957,0.9967265129089355,0.8201883435249329,0.9243841767311096
109,0.8161723017692566,0.07244067639112473,0.06708841025829315,0.07139607518911362,0.08921553194522858,0.5160316228866577,0.9297664761543274,0.8695079684257507,0.9488669633865356,0.9640341401100159,0.9704976677894592,0.9384256601333618,0.8846257925033569,0.9504602551460266,0.9687201380729675,0.9726465940475464,0.9311454892158508,0.8721100091934204,0.9542476534843445,0.9643412232398987,0.9723711609840393,0.9093068838119507,0.8376523852348328,0.948356032371521,0.9641375541687012,0.9703658819198608,0.5628807544708252,0.40712684392929077,0.997248649597168,0.8277307152748108,0.9283004999160767
110,0.8087733387947083,0.07118271291255951,0.06708825379610062,0.06986286491155624,0.08547185361385345,0.515167772769928,0.9314349889755249,0.8725975155830383,0.9535043835639954,0.9614961743354797,0.9711295962333679,0.9384320974349976,0.8846484422683716,0.9527162909507751,0.967052698135376,0.9728127717971802,0.9304355382919312,0.8709374666213989,0.9579933285713196,0.9610248804092407,0.9724321961402893,0.9075581431388855,0.8352124094963074,0.9517600536346436,0.9629662036895752,0.9710739254951477,0.5628498792648315,0.4081319272518158,0.9970729947090149,0.8295167088508606,0.9291372895240784
111,0.8099914789199829,0.0721452385187149,0.06578520685434341,0.06965897977352142,0.08817316591739655,0.5142289400100708,0.9280536770820618,0.8671976327896118,0.9509070515632629,0.9629411101341248,0.9707854986190796,0.9382519721984863,0.8846486210823059,0.9542510509490967,0.9673584699630737,0.9734245538711548,0.929177463054657,0.8693401217460632,0.9572041630744934,0.9623369574546814,0.9726370573043823,0.9025542140007019,0.831118106842041,0.9483239054679871,0.9630375504493713,0.9699723720550537,0.5646234154701233,0.4097883105278015,0.9969462156295776,0.8255776762962341,0.9271479249000549
112,0.809500515460968,0.06734664738178253,0.06572084873914719,0.07094166427850723,0.09296243637800217,0.5125290751457214,0.9316703677177429,0.8735393285751343,0.9548966288566589,0.9645360708236694,0.9726524353027344,0.9383546113967896,0.8848863840103149,0.9526928067207336,0.9686691761016846,0.9733655452728271,0.9299591779708862,0.8705798983573914,0.9541126489639282,0.9652420282363892,0.97264164686203,0.9037948846817017,0.8315836787223816,0.9443626999855042,0.9647009372711182,0.9692500829696655,0.5637691617012024,0.4094240665435791,0.9977641105651855,0.8332884907722473,0.9311807155609131
113,0.805536150932312,0.07239633053541183,0.06700371950864792,0.06856236606836319,0.08634566515684128,0.5112282037734985,0.9320858120918274,0.8735672831535339,0.9489064812660217,0.9634058475494385,0.970291793346405,0.940270721912384,0.8879987001419067,0.9492250084877014,0.9707627296447754,0.9729419946670532,0.931982696056366,0.8740598559379578,0.955534040927887,0.9650086760520935,0.9730271697044373,0.9115059971809387,0.8427228927612305,0.9488561749458313,0.9641963243484497,0.970550537109375,0.5678542852401733,0.4120093882083893,0.9966638684272766,0.8387905359268188,0.9335554838180542
114,0.802352786064148,0.0691167488694191,0.06643156707286835,0.07002384215593338,0.08640632778406143,0.5103744864463806,0.9343048930168152,0.8774642944335938,0.9528177380561829,0.964505136013031,0.9719589352607727,0.9410799741744995,0.8893359899520874,0.9499813914299011,0.9698519706726074,0.9728787541389465,0.9347801208496094,0.878515899181366,0.9534140825271606,0.9656334519386292,0.9725485444068909,0.9197958707809448,0.854662299156189,0.9443403482437134,0.9666450619697571,0.9699140191078186,0.5736355781555176,0.41518789529800415,0.9971412420272827,0.8367106914520264,0.9326794743537903
115,0.7921470403671265,0.06932743638753891,0.06502210348844528,0.06671319901943207,0.08089469373226166,0.5101896524429321,0.9335141181945801,0.8761378526687622,0.9545706510543823,0.9616079330444336,0.9715179204940796,0.9413453936576843,0.8897498250007629,0.9546090960502625,0.9673428535461426,0.9735370874404907,0.9347842931747437,0.8783122897148132,0.960875928401947,0.9605649709701538,0.973211944103241,0.9138256907463074,0.8462444543838501,0.9557067155838013,0.9604458212852478,0.9714797735214233,0.5721874237060547,0.41602572798728943,0.9974892139434814,0.8320543766021729,0.9305003881454468
116,0.7871267795562744,0.06732594966888428,0.06386307626962662,0.06577342748641968,0.08208869397640228,0.5080755352973938,0.9351156949996948,0.8789232969284058,0.9544856548309326,0.9647649526596069,0.9725974798202515,0.9413231015205383,0.8898245096206665,0.9543461203575134,0.9696710705757141,0.9742580652236938,0.9334754943847656,0.8763247728347778,0.9588899612426758,0.9642118811607361,0.973849892616272,0.9122375249862671,0.8437632322311401,0.951927125453949,0.9651047587394714,0.9718754887580872,0.5716740489006042,0.4163416028022766,0.9975422024726868,0.8429428935050964,0.9357947111129761
117,0.7703773379325867,0.06539260596036911,0.06303401291370392,0.0631534531712532,0.0726238340139389,0.5061734914779663,0.9377419352531433,0.883489727973938,0.9543659090995789,0.9662229418754578,0.9730671048164368,0.9446914792060852,0.8956490755081177,0.9538888931274414,0.9704045653343201,0.9743605256080627,0.9392167925834656,0.8859132528305054,0.9600770473480225,0.9653353691101074,0.9746347069740295,0.925748348236084,0.8636016845703125,0.9551483988761902,0.9673347473144531,0.9737119078636169,0.5795606374740601,0.42092323303222656,0.9974247217178345,0.8475221991539001,0.93794184923172
118,0.8028570413589478,0.07255212962627411,0.06816087663173676,0.06953418254852295,0.08471817523241043,0.5078916549682617,0.9318068623542786,0.873283863067627,0.9493402242660522,0.9635875821113586,0.9704973697662354,0.9401259422302246,0.8875975608825684,0.9515590071678162,0.9675108194351196,0.9725905060768127,0.9338523745536804,0.8766294717788696,0.9565484523773193,0.9633267521858215,0.9727704524993896,0.9143401980400085,0.8456408381462097,0.9510536193847656,0.9629844427108765,0.9708487391471863,0.5715644359588623,0.4165235161781311,0.9972755312919617,0.834688127040863,0.931731641292572
119,0.7999798655509949,0.07061795890331268,0.06686745584011078,0.06935779750347137,0.08688504993915558,0.5062514543533325,0.931792140007019,0.8733696937561035,0.9521363377571106,0.9643564224243164,0.9716832637786865,0.9395445585250854,0.8866486549377441,0.9509007334709167,0.9712287783622742,0.9736563563346863,0.9304980039596558,0.8711100816726685,0.9569770097732544,0.9626833200454712,0.9726846218109131,0.9009245038032532,0.8284517526626587,0.948365330696106,0.9648292660713196,0.9706094264984131,0.5684071779251099,0.4156264364719391,0.9963017106056213,0.8355193734169006,0.9318702816963196
120,0.8289307355880737,0.07508324086666107,0.07166588306427002,0.0782080739736557,0.0986412912607193,0.505332350730896,0.9321462512016296,0.8741497993469238,0.9478744864463806,0.9639718532562256,0.9701502323150635,0.9412755966186523,0.8900409936904907,0.9477726817131042,0.9706995487213135,0.9724400639533997,0.9328664541244507,0.8755804896354675,0.9501962065696716,0.9650993347167969,0.9713048338890076,0.9160472750663757,0.8490961194038391,0.9422830939292908,0.9658870100975037,0.9689759612083435,0.5719460248947144,0.41691485047340393,0.9947763085365295,0.8449510335922241,0.9359836578369141
121,0.7830671668052673,0.06997086852788925,0.06370024383068085,0.06536746025085449,0.07880596816539764,0.5052223205566406,0.9297736287117004,0.8697608113288879,0.9540104866027832,0.9626136422157288,0.9716879725456238,0.9398652911186218,0.8872548341751099,0.9542528986930847,0.9696884155273438,0.9742332696914673,0.9330986738204956,0.8754451870918274,0.9591647982597351,0.9638903737068176,0.9738270044326782,0.9140793681144714,0.8451849818229675,0.9543080925941467,0.9650282859802246,0.9726312160491943,0.5742983222007751,0.41955670714378357,0.9979423880577087,0.8277596831321716,0.9285021424293518
122,0.7782843112945557,0.06921303272247314,0.06261828541755676,0.06531184911727905,0.07790910452604294,0.503231942653656,0.9336088299751282,0.8764404058456421,0.9522262215614319,0.9647754430770874,0.9718589782714844,0.9427952766418457,0.8924309015274048,0.9545352458953857,0.9702110290527344,0.9745072722434998,0.9354767799377441,0.8797607421875,0.959282636642456,0.9634790420532227,0.9737207889556885,0.9186693429946899,0.85394287109375,0.9542677998542786,0.9643637537956238,0.9723856449127197,0.5791965126991272,0.42290908098220825,0.9979457259178162,0.8411964178085327,0.935068666934967
123,0.7825976610183716,0.06738587468862534,0.06373069435358047,0.06623705476522446,0.08203631639480591,0.5032078623771667,0.9330505132675171,0.8755901455879211,0.9559692740440369,0.9631543755531311,0.9725199341773987,0.9410045742988586,0.8893607258796692,0.9551208019256592,0.9690381288528442,0.9742945432662964,0.9342486262321472,0.8775103688240051,0.9583591818809509,0.9637508392333984,0.9735135436058044,0.9141896963119507,0.8457158803939819,0.9511349201202393,0.9661567807197571,0.9719810485839844,0.5737399458885193,0.4200921952724457,0.9977059364318848,0.8344489932060242,0.9317325353622437
124,0.7730700373649597,0.07035591453313828,0.06363949924707413,0.06309835612773895,0.0743563324213028,0.5016199946403503,0.9348166584968567,0.8782094717025757,0.9502129554748535,0.9651964902877808,0.9713441133499146,0.9446120262145996,0.8954475522041321,0.9538769721984863,0.9702694416046143,0.9743099212646484,0.9391955137252808,0.8857743144035339,0.960771918296814,0.964137613773346,0.9744415283203125,0.9228913187980652,0.8587803840637207,0.9554333090782166,0.965815007686615,0.973275899887085,0.5798023343086243,0.42394930124282837,0.997660756111145,0.8421783447265625,0.9354612827301025
125,0.7600420713424683,0.06562940031290054,0.059939056634902954,0.05970064550638199,0.07488498836755753,0.49988794326782227,0.9347761869430542,0.8787132501602173,0.9550268054008484,0.965911328792572,0.9731758236885071,0.943109393119812,0.8932110071182251,0.9562433958053589,0.9721344113349915,0.9757366180419922,0.937859833240509,0.8840911984443665,0.9623275399208069,0.9677726626396179,0.9762303829193115,0.9151321649551392,0.8496942520141602,0.9564705491065979,0.9677401781082153,0.9742887020111084,0.5775119662284851,0.4240109920501709,0.9976697564125061,0.8425626158714294,0.9356479644775391
126,0.7572662234306335,0.06324710696935654,0.06133691594004631,0.06121053174138069,0.07292535901069641,0.498546302318573,0.9383851885795593,0.8845263719558716,0.9559308290481567,0.9670456647872925,0.9738689661026001,0.9458653330802917,0.8976642489433289,0.9550499320030212,0.9709826111793518,0.9749440550804138,0.9398738145828247,0.8872424960136414,0.9616823196411133,0.9660549163818359,0.9754152894020081,0.9214845895767212,0.857414722442627,0.9565104246139526,0.966200053691864,0.9737646579742432,0.5791951417922974,0.4250315725803375,0.997704803943634,0.8543778657913208,0.941240668296814
127,0.7632283568382263,0.06446900963783264,0.060299407690763474,0.06249956041574478,0.07763203233480453,0.49832814931869507,0.9383858442306519,0.8844809532165527,0.9569863080978394,0.9654055833816528,0.9736433625221252,0.945698082447052,0.8974654078483582,0.9565104246139526,0.971005380153656,0.9754350185394287,0.93931645154953,0.8862316012382507,0.960554838180542,0.9665428400039673,0.9752155542373657,0.9231699705123901,0.8598302006721497,0.9537997245788574,0.9663280844688416,0.9729174375534058,0.5811971426010132,0.4259975552558899,0.9979718327522278,0.8502599596977234,0.9393875002861023
128,0.7623164057731628,0.06541731208562851,0.06109268590807915,0.062001876533031464,0.07656420767307281,0.49724024534225464,0.9367877840995789,0.8819745182991028,0.955342710018158,0.966762125492096,0.9735764861106873,0.9441162943840027,0.8948133587837219,0.9551811814308167,0.9725742340087891,0.9755363464355469,0.9379386901855469,0.884085476398468,0.9603672623634338,0.9677963256835938,0.9755925536155701,0.9187062382698059,0.8548485040664673,0.9526111483573914,0.9686276316642761,0.973324179649353,0.5842486619949341,0.4284393787384033,0.9976667761802673,0.8480584621429443,0.9382632970809937
129,0.764961838722229,0.06346872448921204,0.06091899424791336,0.06339685618877411,0.08080728352069855,0.4963698983192444,0.9379950761795044,0.8839737176895142,0.9555444717407227,0.9690180420875549,0.9744274020195007,0.9451077580451965,0.8965398073196411,0.9550119042396545,0.9724542498588562,0.9754389524459839,0.9388397336006165,0.8859597444534302,0.9579019546508789,0.9689069986343384,0.9751668572425842,0.9186466932296753,0.8552579879760742,0.9507011771202087,0.9678472280502319,0.972424328327179,0.5799266695976257,0.4264722764492035,0.9976678490638733,0.8501476645469666,0.9392492771148682
130,0.7594490647315979,0.06568960845470428,0.061729155480861664,0.06147361919283867,0.07430358976125717,0.49625301361083984,0.936811089515686,0.8820260167121887,0.9560009837150574,0.9666016101837158,0.9737371802330017,0.9435359239578247,0.8937963247299194,0.954506516456604,0.9715149998664856,0.974947988986969,0.9383271336555481,0.884852409362793,0.9632442593574524,0.9651700854301453,0.9756174683570862,0.92266446352005,0.8601449728012085,0.95539790391922,0.9664427042007446,0.9734832644462585,0.5865196585655212,0.4306233525276184,0.9974396228790283,0.8465269804000854,0.9374743103981018
131,0.7517892718315125,0.06393454968929291,0.05940641835331917,0.05976758524775505,0.0729324147105217,0.49574822187423706,0.9360849261283875,0.8807100057601929,0.9565921425819397,0.9664219617843628,0.9738690853118896,0.9439411163330078,0.8945215940475464,0.9567949771881104,0.9718624353408813,0.9758253693580627,0.939736008644104,0.887250542640686,0.9628164768218994,0.9670449495315552,0.9761362671852112,0.92152339220047,0.8585234880447388,0.9580679535865784,0.9660271406173706,0.9742165803909302,0.5854601263999939,0.43084287643432617,0.9983075261116028,0.8410552740097046,0.935100793838501
132,0.7888872027397156,0.07263249158859253,0.06473143398761749,0.06884539127349854,0.08658027648925781,0.4960978627204895,0.9333456754684448,0.8759282827377319,0.9498971104621887,0.9655387997627258,0.9713592529296875,0.9437459111213684,0.8940566778182983,0.9525697231292725,0.9715020060539246,0.9743025302886963,0.9369900822639465,0.8822561502456665,0.9559364318847656,0.9648354649543762,0.9730987548828125,0.9182303547859192,0.8533656001091003,0.9478297829627991,0.9650518894195557,0.970510721206665,0.5822567939758301,0.4283013939857483,0.9967519044876099,0.8426997065544128,0.9354591369628906
133,0.7520472407341003,0.06455980241298676,0.060025762766599655,0.061619095504283905,0.07228521257638931,0.49355727434158325,0.9396036863327026,0.8865941762924194,0.9573171734809875,0.9664291143417358,0.9741101861000061,0.9469178318977356,0.899579644203186,0.95545494556427,0.9726210236549377,0.9756431579589844,0.9415174722671509,0.8899667859077454,0.9609251618385315,0.9671978950500488,0.9755669832229614,0.930144190788269,0.871381938457489,0.9559670090675354,0.967510461807251,0.9740427732467651,0.5917688608169556,0.43455901741981506,0.9978718757629395,0.8498156666755676,0.9391502141952515
134,0.8231059312820435,0.08098338544368744,0.0730428621172905,0.07528378069400787,0.09536637365818024,0.4984292984008789,0.9306260943412781,0.8713496923446655,0.946882426738739,0.9588217735290527,0.9680258631706238,0.940400242805481,0.8883282542228699,0.9517693519592285,0.965452253818512,0.9719446897506714,0.9346357583999634,0.8785322308540344,0.9549772143363953,0.9610869288444519,0.9714674353599548,0.9114571809768677,0.8439114689826965,0.9438006281852722,0.9634242057800293,0.9686234593391418,0.5798872113227844,0.4271179735660553,0.995610237121582,0.8324579000473022,0.9301868677139282
135,0.8023675084114075,0.072986900806427,0.06832128018140793,0.07442425936460495,0.09277082234621048,0.4938642978668213,0.9334696531295776,0.8759748339653015,0.9436208605766296,0.9668846130371094,0.9697596430778503,0.9424751400947571,0.8918185234069824,0.9470301270484924,0.9720871448516846,0.9726693630218506,0.9357186555862427,0.8800102472305298,0.9513266682624817,0.9665957689285278,0.9721965789794922,0.9197221994400024,0.8542732000350952,0.9444980621337891,0.9663033485412598,0.969848096370697,0.5837429761886597,0.42969948053359985,0.9970207810401917,0.8556183576583862,0.9416240453720093
136,0.8056058883666992,0.07870995998382568,0.07045118510723114,0.07097955048084259,0.08785825222730637,0.4976068437099457,0.9282306432723999,0.867280125617981,0.9501715898513794,0.9543477892875671,0.9675151705741882,0.938766598701477,0.8855253458023071,0.9494763612747192,0.96629399061203,0.9714829921722412,0.9333363771438599,0.8759424090385437,0.956620454788208,0.9601258039474487,0.9716653227806091,0.9174975156784058,0.8506778478622437,0.9451698064804077,0.9612420201301575,0.9683132171630859,0.586402177810669,0.43140625953674316,0.9973888993263245,0.8297774791717529,0.9293516874313354
137,0.7431621551513672,0.06538322567939758,0.0596952810883522,0.0588754303753376,0.06753698736429214,0.4916711747646332,0.9379218220710754,0.8836754560470581,0.9542502760887146,0.965691328048706,0.9728437066078186,0.9470787048339844,0.8998473882675171,0.9567868113517761,0.9719299077987671,0.975845992565155,0.9426653981208801,0.891945481300354,0.9629656672477722,0.967717170715332,0.9764212369918823,0.9303256273269653,0.8714574575424194,0.959553062915802,0.967130720615387,0.9750915765762329,0.5958470702171326,0.43864479660987854,0.9983007907867432,0.8470248579978943,0.9379510283470154
138,0.7667722702026367,0.06835050135850906,0.06463295221328735,0.06410648673772812,0.07744593918323517,0.492236465215683,0.9322735071182251,0.8755351305007935,0.9507772922515869,0.9667043089866638,0.9720534086227417,0.9403217434883118,0.8891463279724121,0.9521046280860901,0.9712556004524231,0.9740638732910156,0.9346243739128113,0.8795741200447083,0.9605958461761475,0.9641121625900269,0.9743747711181641,0.918621838092804,0.8557494878768921,0.9527002573013306,0.965853214263916,0.972390353679657,0.5873508453369141,0.433736652135849,0.9974936842918396,0.8417330980300903,0.9352014064788818
139,0.747093915939331,0.06697794049978256,0.05967499688267708,0.060649849474430084,0.06950733065605164,0.49028390645980835,0.9372943639755249,0.8825745582580566,0.9533261060714722,0.9657066464424133,0.9725450873374939,0.946444034576416,0.8987137675285339,0.9564421772956848,0.9721614122390747,0.975811779499054,0.9416391253471375,0.8902204632759094,0.963242769241333,0.9652934074401855,0.9756604433059692,0.9297121167182922,0.8707367777824402,0.9578564763069153,0.9674153923988342,0.9746321439743042,0.5942760705947876,0.4379599094390869,0.9979837536811829,0.8501415848731995,0.9393351078033447
140,0.7732301354408264,0.0661872923374176,0.06382415443658829,0.0678277537226677,0.08508569002151489,0.490305095911026,0.9366227388381958,0.8815559148788452,0.9543923735618591,0.9650123119354248,0.972653329372406,0.9443691968917847,0.8951842188835144,0.9527423977851868,0.971538782119751,0.9743723273277283,0.9374905824661255,0.8834322094917297,0.9545177221298218,0.967135488986969,0.9734348058700562,0.9195531606674194,0.8551858067512512,0.9449948668479919,0.968000590801239,0.970596194267273,0.5880452394485474,0.43466082215309143,0.9975000619888306,0.8524027466773987,0.9402604699134827
141,0.7423287034034729,0.06330861896276474,0.058793049305677414,0.059766389429569244,0.07181848585605621,0.48864221572875977,0.9371216893196106,0.8825374841690063,0.9564794898033142,0.9676652550697327,0.9742655158042908,0.9456707835197449,0.8975422978401184,0.955735445022583,0.9734734892845154,0.9760294556617737,0.9398461580276489,0.8874757885932922,0.9626680612564087,0.9674819111824036,0.9762406945228577,0.9218260645866394,0.860672652721405,0.9572895765304565,0.9681100249290466,0.9746874570846558,0.5937535762786865,0.4391677975654602,0.9984245896339417,0.8469112515449524,0.9379317164421082
142,0.7349368929862976,0.06379787623882294,0.05709489434957504,0.0580778606235981,0.06834566593170166,0.48762044310569763,0.9381638765335083,0.8842393755912781,0.9547008275985718,0.9671013951301575,0.9734832644462585,0.9481042623519897,0.9018424153327942,0.9588440656661987,0.972347617149353,0.976671576499939,0.9433245658874512,0.8932600021362305,0.9642091393470764,0.9670968055725098,0.9766131043434143,0.9287222623825073,0.8690072298049927,0.9590395092964172,0.9685806632041931,0.9754285216331482,0.5907909870147705,0.43724164366722107,0.9984682202339172,0.8534074425697327,0.9410035610198975
143,0.7400184869766235,0.06334589421749115,0.05869055911898613,0.05834776163101196,0.07246168702840805,0.4871724247932434,0.9389148950576782,0.8855889439582825,0.9568050503730774,0.9667722582817078,0.9740614295005798,0.9484102129936218,0.9024232029914856,0.9575017690658569,0.973085343837738,0.9764814972877502,0.9430876970291138,0.8930929899215698,0.962160050868988,0.9693935513496399,0.9767419099807739,0.9276022911071777,0.8690590858459473,0.9530702233314514,0.9701871871948242,0.974014937877655,0.5971742868423462,0.4415484368801117,0.9979017376899719,0.8518131375312805,0.940097451210022
144,0.7362797260284424,0.06291169673204422,0.05806159973144531,0.05926693230867386,0.07044265419244766,0.4855966567993164,0.9391494989395142,0.8859060406684875,0.9540772438049316,0.9692953824996948,0.9740391969680786,0.9476092457771301,0.900967001914978,0.9566476941108704,0.9741787910461426,0.9765745997428894,0.9415920376777649,0.8904833793640137,0.9633509516716003,0.967309296131134,0.9764050841331482,0.925206184387207,0.8653392791748047,0.9574029445648193,0.9691231846809387,0.9750773310661316,0.5951078534126282,0.440683513879776,0.9979755878448486,0.8595473170280457,0.9437123537063599
145,0.7519213557243347,0.06520578265190125,0.060376089066267014,0.06267236173152924,0.07644616067409515,0.48722100257873535,0.9366461634635925,0.8816728591918945,0.9557480812072754,0.9652220010757446,0.973172128200531,0.945258617401123,0.8967270851135254,0.9566368460655212,0.9717371463775635,0.975729763507843,0.9398943185806274,0.8873807787895203,0.9600766897201538,0.966696560382843,0.9751120209693909,0.9213832020759583,0.8584874868392944,0.9547548890113831,0.9657915234565735,0.9730445742607117,0.5903357863426208,0.4381921887397766,0.9982541799545288,0.8482654690742493,0.9385256171226501
146,0.7359492778778076,0.06312137842178345,0.05764751881361008,0.05829097703099251,0.0718185231089592,0.48507100343704224,0.9396613240242004,0.8869987726211548,0.9582428336143494,0.9659826159477234,0.974258542060852,0.9478656649589539,0.9015089869499207,0.9572682976722717,0.973773717880249,0.9766412377357483,0.9435693025588989,0.8939693570137024,0.9645563364028931,0.9671096801757812,0.9767320156097412,0.927038311958313,0.8679091334342957,0.9555601477622986,0.969035804271698,0.9744387269020081,0.5936975479125977,0.4401404857635498,0.9979539513587952,0.8566344380378723,0.9423601627349854
147,0.7265892624855042,0.06445234268903732,0.05765961855649948,0.055799681693315506,0.06390681117773056,0.48477062582969666,0.9383288621902466,0.8845305442810059,0.9552363753318787,0.965789258480072,0.973202109336853,0.947394847869873,0.9006463885307312,0.9570098519325256,0.972906231880188,0.9762566685676575,0.9442809820175171,0.8951675295829773,0.9648916125297546,0.9680587649345398,0.9771758913993835,0.9310048222541809,0.8741673231124878,0.9617099165916443,0.9692342281341553,0.9765377044677734,0.5992527008056641,0.44380897283554077,0.9986315965652466,0.8511039018630981,0.9399698972702026
148,0.754361629486084,0.06748445332050323,0.06246402859687805,0.0633070319890976,0.0752032920718193,0.48590296506881714,0.936029314994812,0.8806034922599792,0.9532880187034607,0.9656002521514893,0.9724954962730408,0.9453838467597961,0.8971068263053894,0.9546918869018555,0.9712859392166138,0.9749303460121155,0.9417835474014282,0.8906915783882141,0.9608211517333984,0.9656366109848022,0.9749851226806641,0.9226185083389282,0.8599953651428223,0.9558361172676086,0.9660928845405579,0.9735053777694702,0.5913611650466919,0.4397360682487488,0.9973732233047485,0.8503109216690063,0.9392433166503906
149,0.7660307884216309,0.06987836211919785,0.06570585817098618,0.06588433682918549,0.07924074679613113,0.48532167077064514,0.9381465911865234,0.8841198682785034,0.9524418115615845,0.9645572304725647,0.9718536138534546,0.9451985359191895,0.8966221809387207,0.9526320099830627,0.9699985384941101,0.9738050103187561,0.9409512281417847,0.8891304135322571,0.9564078450202942,0.967194676399231,0.9740779995918274,0.9298387765884399,0.870779812335968,0.9480494260787964,0.9703803062438965,0.9724220037460327,0.5986177921295166,0.4432859420776367,0.997422456741333,0.8557352423667908,0.9417921900749207
