,loss,side_6_loss,side_7_loss,side_8_loss,activation_230_loss,add_71_loss,side_6_dice_coef,side_6_jacard,side_6_recall_2,side_6_precision_2,side_6_accuracy,side_7_dice_coef,side_7_jacard,side_7_recall_2,side_7_precision_2,side_7_accuracy,side_8_dice_coef,side_8_jacard,side_8_recall_2,side_8_precision_2,side_8_accuracy,activation_230_dice_coef,activation_230_jacard,activation_230_recall_2,activation_230_precision_2,activation_230_accuracy,add_71_dice_coef,add_71_jacard,add_71_recall_2,add_71_precision_2,add_71_accuracy
0,2.5273146629333496,0.3964107632637024,0.4680044949054718,0.5441299080848694,0.6279103755950928,0.49085909128189087,0.43949267268180847,0.2950176000595093,0.37613752484321594,0.8587275743484497,0.8385303020477295,0.3348173201084137,0.20397932827472687,0.11770596355199814,0.7719869613647461,0.7840626835823059,0.25985556840896606,0.14969924092292786,3.0281410090537975e-06,0.00032339434255845845,0.7623295187950134,0.2661180794239044,0.15406130254268646,0.0013823463814333081,0.010312561877071857,0.7336207628250122,0.32221701741218567,0.19352473318576813,0.05603847652673721,0.9210489392280579,0.7765970826148987
1,1.5623853206634521,0.14232580363750458,0.16768474876880646,0.3830614984035492,0.590594470500946,0.2787191569805145,0.8074110746383667,0.6833252310752869,0.8769330382347107,0.9068171381950378,0.949803352355957,0.7478197813034058,0.6166075468063354,0.844796895980835,0.921703040599823,0.9465567469596863,0.4129946231842041,0.2663164436817169,0.2891596257686615,0.9851389527320862,0.83159339427948,0.2322762906551361,0.13166308403015137,1.8168847191191162e-06,0.0009786331793293357,0.7640966176986694,0.540702223777771,0.3748281002044678,0.7426952123641968,0.9707029461860657,0.9341350793838501
2,1.0566532611846924,0.10813745856285095,0.08807336539030075,0.1316434144973755,0.5521142482757568,0.1766851246356964,0.8743894100189209,0.7795999646186829,0.9084011316299438,0.9269527792930603,0.9615755081176758,0.900842547416687,0.8222385048866272,0.93369460105896,0.9410532116889954,0.970615804195404,0.7921865582466125,0.6625685095787048,0.8929107189178467,0.9656421542167664,0.9673032164573669,0.24496598541736603,0.13984595239162445,0.0,0.0,0.7644737958908081,0.6952675580978394,0.5346696376800537,0.8995617032051086,0.965839147567749,0.9688583016395569
3,0.868632972240448,0.09458737075328827,0.07045567035675049,0.07366526871919632,0.48794883489608765,0.14197605848312378,0.8853886723518372,0.7972131967544556,0.9165011048316956,0.939968466758728,0.9665562510490417,0.9166553020477295,0.8492292165756226,0.9464397430419922,0.9560455083847046,0.9771424531936646,0.9019691944122314,0.8246231079101562,0.9425591826438904,0.9633616805076599,0.9780337810516357,0.2869574725627899,0.1681908220052719,0.0,0.0,0.764491617679596,0.7474569082260132,0.5992081761360168,0.9235842823982239,0.9734848737716675,0.9760832190513611
4,0.8206403255462646,0.10001412779092789,0.07703599333763123,0.07697063684463501,0.43363916873931885,0.1329805850982666,0.8867636919021606,0.8005160093307495,0.9164714813232422,0.9341850876808167,0.9651283621788025,0.9171626567840576,0.8508924841880798,0.942911684513092,0.9515443444252014,0.9752513766288757,0.9157861471176147,0.8485256433486938,0.9439109563827515,0.9576594829559326,0.9769662022590637,0.3475237786769867,0.21131454408168793,0.0,0.0,0.7644979953765869,0.7686657905578613,0.6270064115524292,0.9232090711593628,0.9677605032920837,0.9746763706207275
5,0.7171271443367004,0.09111031144857407,0.07113024592399597,0.07234931737184525,0.36351263523101807,0.1190248504281044,0.8943207859992981,0.8120021224021912,0.923109769821167,0.9374542236328125,0.9673927426338196,0.9211942553520203,0.8575042486190796,0.9491217732429504,0.9525319933891296,0.9768826961517334,0.9223945140838623,0.8596780896186829,0.9501389265060425,0.9566015005111694,0.9781094789505005,0.4307849705219269,0.2756956219673157,0.19998298585414886,0.9939781427383423,0.8113370537757874,0.7947408556938171,0.6616883277893066,0.9325272440910339,0.9683752655982971,0.9769414663314819
6,0.521080732345581,0.08424027264118195,0.06173724681138992,0.0606914721429348,0.22374944388866425,0.09066249430179596,0.9042641520500183,0.8270302414894104,0.9307681918144226,0.9444620013237,0.9708104133605957,0.9328405857086182,0.8759220838546753,0.9548222422599792,0.9623215794563293,0.980559229850769,0.9362621307373047,0.8820278644561768,0.9585565328598022,0.9644589424133301,0.9819238781929016,0.6278999447822571,0.46386978030204773,0.8545913696289062,0.9801314473152161,0.9616819024085999,0.8510560989379883,0.7427132725715637,0.9454183578491211,0.972758412361145,0.9809135794639587
7,0.3881250321865082,0.08229737728834152,0.06248023733496666,0.06074867397546768,0.11280469596385956,0.0697939544916153,0.9044137597084045,0.8288871049880981,0.9308281540870667,0.947371244430542,0.97153639793396,0.9326107501983643,0.8771551847457886,0.955228328704834,0.9636039733886719,0.9809621572494507,0.9380542635917664,0.8866156935691833,0.9587897062301636,0.9672382473945618,0.9826493859291077,0.8257018327713013,0.7066435217857361,0.9303264021873474,0.9567009210586548,0.9736797213554382,0.9000266194343567,0.821334183216095,0.9532346129417419,0.9700554013252258,0.9820595979690552
8,0.3461746573448181,0.08090948313474655,0.05951162055134773,0.057804446667432785,0.08455388247966766,0.06339523196220398,0.9061060547828674,0.8305830955505371,0.9325233101844788,0.9460650086402893,0.9715933203697205,0.9334537386894226,0.8776942491531372,0.9562476277351379,0.9628028273582458,0.980998694896698,0.9393283724784851,0.8881406188011169,0.9601896405220032,0.9668278694152832,0.9828686714172363,0.8863354325294495,0.7984764575958252,0.9445553421974182,0.9534912705421448,0.976095974445343,0.9161738753318787,0.8477182984352112,0.9563348293304443,0.9680290818214417,0.9822811484336853
9,0.3439737558364868,0.08324276655912399,0.06118883192539215,0.059773582965135574,0.07657027244567871,0.06319832056760788,0.9062017202377319,0.830525279045105,0.9307788014411926,0.9468027949333191,0.9713864922523499,0.9362729787826538,0.882138192653656,0.9562082290649414,0.9651249051094055,0.9815524220466614,0.942177951335907,0.892693281173706,0.9603731632232666,0.9679999351501465,0.983193576335907,0.9096376895904541,0.8362165689468384,0.9497485756874084,0.9579097032546997,0.9783409833908081,0.9234934449195862,0.8597874045372009,0.9568411111831665,0.9687107801437378,0.9825602173805237
10,0.3528638482093811,0.08483913540840149,0.06355419009923935,0.06229790300130844,0.07705099880695343,0.06512165069580078,0.9012539386749268,0.8235549330711365,0.929434597492218,0.9423816800117493,0.9700033664703369,0.9287788271903992,0.8702428936958313,0.953693687915802,0.961294412612915,0.9800545573234558,0.9337935447692871,0.8789800405502319,0.9557073712348938,0.9660540223121643,0.9816629886627197,0.9101069569587708,0.8381259441375732,0.948146402835846,0.9643187522888184,0.9795293211936951,0.9184239506721497,0.8522894382476807,0.9539110660552979,0.9655721187591553,0.9811388254165649
11,0.30607420206069946,0.07323457300662994,0.05551593005657196,0.05368960276246071,0.06699442863464355,0.05663958191871643,0.9112243056297302,0.8393257856369019,0.937621533870697,0.9497302770614624,0.9736259579658508,0.9381197690963745,0.8858211040496826,0.9595970511436462,0.9664545655250549,0.9826436042785645,0.9428375959396362,0.8942330479621887,0.9623923301696777,0.9703845977783203,0.9842286109924316,0.9230014681816101,0.8594668507575989,0.9549670219421387,0.9709372520446777,0.9826654195785522,0.9287450909614563,0.8693225383758545,0.9607040882110596,0.9707120656967163,0.9839218854904175
12,0.3078744113445282,0.07469198852777481,0.0567815788090229,0.05456990376114845,0.06459473073482513,0.05723631754517555,0.9144705533981323,0.8451673984527588,0.9393742084503174,0.948834240436554,0.9737969040870667,0.9397533535957336,0.8891143798828125,0.9607213735580444,0.9664860367774963,0.9829068183898926,0.9451127052307129,0.8987011313438416,0.9637428522109985,0.9705258011817932,0.9845709204673767,0.9289517998695374,0.8701539039611816,0.9579557776451111,0.9710071086883545,0.9833648800849915,0.9320417046546936,0.8754671216011047,0.9622678756713867,0.9704946875572205,0.9842267036437988
13,0.311420202255249,0.07674393802881241,0.05742097273468971,0.055164922028779984,0.06406805664300919,0.05802227556705475,0.9118571877479553,0.8405090570449829,0.9375497102737427,0.9495596885681152,0.9735682010650635,0.9399766325950623,0.8891441226005554,0.9596179127693176,0.9670955538749695,0.9828033447265625,0.9455879330635071,0.8991531133651733,0.9628764986991882,0.9708224534988403,0.9844444990158081,0.932271420955658,0.8755954504013062,0.9571651220321655,0.9715502858161926,0.983314037322998,0.9323813319206238,0.8757073283195496,0.960982084274292,0.970745861530304,0.9839934706687927
14,0.301570326089859,0.0744917020201683,0.05586163327097893,0.05332910642027855,0.06156837195158005,0.05631949380040169,0.9148685336112976,0.8453148007392883,0.9391743540763855,0.951257050037384,0.9743459820747375,0.9413726925849915,0.8914794921875,0.9610538482666016,0.9684584736824036,0.9834592342376709,0.946947455406189,0.9014887809753418,0.9644272327423096,0.9721336960792542,0.9851142168045044,0.9357450008392334,0.8816055059432983,0.9592590928077698,0.9724287390708923,0.9840026497840881,0.9347051978111267,0.8796306252479553,0.962806224822998,0.9723497033119202,0.9847952723503113
15,0.2988971173763275,0.07352764159440994,0.055175721645355225,0.05318913236260414,0.06129389628767967,0.055710673332214355,0.9156650304794312,0.8467465043067932,0.9405003786087036,0.9492061138153076,0.9741392135620117,0.9415159821510315,0.8919547200202942,0.9611110687255859,0.9670068025588989,0.9831215143203735,0.9465003609657288,0.9009267687797546,0.9641786217689514,0.9704183340072632,0.9846445322036743,0.9367399215698242,0.8835281729698181,0.9593862891197205,0.971128523349762,0.9837207198143005,0.9350916147232056,0.8805022239685059,0.9626981616020203,0.970457136631012,0.9843158721923828
16,0.29274672269821167,0.07168333977460861,0.05439266934990883,0.05233032628893852,0.05985178425908089,0.05448858439922333,0.9161933660507202,0.8479391932487488,0.9410436153411865,0.9523193836212158,0.9750234484672546,0.9410163164138794,0.8912051320075989,0.9617512226104736,0.9684059023857117,0.9836054444313049,0.9467669129371643,0.901498019695282,0.9650640487670898,0.9721678495407104,0.9852680563926697,0.9382910132408142,0.8863418698310852,0.9608334302902222,0.9727657437324524,0.9844434261322021,0.9355512261390686,0.8814629316329956,0.9635835886001587,0.9722278714179993,0.9849438667297363
17,0.3043212592601776,0.07500041276216507,0.05610709264874458,0.05421048030257225,0.06229546666145325,0.05670779570937157,0.912181556224823,0.8405470252037048,0.938446044921875,0.9486462473869324,0.9735439419746399,0.9369872808456421,0.8836343288421631,0.9593877792358398,0.9657387137413025,0.9824228286743164,0.9428801536560059,0.8942170143127441,0.9617754817008972,0.9699910283088684,0.9839931130409241,0.9342344999313354,0.8790082931518555,0.957009494304657,0.9698814749717712,0.9828793406486511,0.9315512776374817,0.8740513324737549,0.9602968096733093,0.9696187973022461,0.9835662245750427
18,0.2985090911388397,0.07440461218357086,0.05578138306736946,0.053392935544252396,0.05913934111595154,0.05579088255763054,0.9157045483589172,0.8466901183128357,0.9397814869880676,0.9508553743362427,0.9743833541870117,0.9413080215454102,0.8912291526794434,0.9611619710922241,0.9679436087608337,0.9833595752716064,0.9466488361358643,0.9008191823959351,0.964177668094635,0.9715983271598816,0.9849284291267395,0.9397099018096924,0.8884692192077637,0.9604485630989075,0.9725010395050049,0.9842920899391174,0.9358318448066711,0.8815051913261414,0.9625930786132812,0.9714869856834412,0.9845395088195801
19,0.29600873589515686,0.07348540425300598,0.05478209629654884,0.05289733409881592,0.059592291712760925,0.05525151267647743,0.9181959629058838,0.8506223559379578,0.9416989088058472,0.9507048726081848,0.9747745990753174,0.9443457722663879,0.8963825702667236,0.9626760482788086,0.9678980708122253,0.9836933016777039,0.9482432007789612,0.9034332633018494,0.9649761915206909,0.971581220626831,0.9851068258285522,0.9428319931030273,0.8938022255897522,0.9615368247032166,0.9721900224685669,0.9844666123390198,0.938398003578186,0.8857836127281189,0.9638031125068665,0.9713960886001587,0.9847941994667053
20,0.29368856549263,0.07211481779813766,0.054910819977521896,0.05312534049153328,0.05872351676225662,0.054814085364341736,0.9172995090484619,0.849338948726654,0.9422221779823303,0.9502187371253967,0.974772036075592,0.9425469040870667,0.8934846520423889,0.9621830582618713,0.9668949246406555,0.9833381772041321,0.9471279382705688,0.9017007946968079,0.9645837545394897,0.9705158472061157,0.9847605228424072,0.9419093132019043,0.8923841118812561,0.9617233872413635,0.9712337851524353,0.9842799305915833,0.9372040033340454,0.8839341402053833,0.9637467861175537,0.9706336855888367,0.9845978021621704
21,0.28153926134109497,0.07017859071493149,0.052321456372737885,0.05065172538161278,0.05566928908228874,0.05271823704242706,0.914575457572937,0.8461142778396606,0.941295862197876,0.9530355334281921,0.9752547144889832,0.9396210312843323,0.8893718123435974,0.9623078107833862,0.9697744250297546,0.9840624332427979,0.9450436234474182,0.8990325927734375,0.9648617506027222,0.9737609028816223,0.9856041073799133,0.9391708970069885,0.8886880874633789,0.961711585521698,0.9744874238967896,0.9850557446479797,0.9345672726631165,0.8804768919944763,0.9635415077209473,0.9735491871833801,0.9852509498596191
22,0.2805872857570648,0.06972241401672363,0.05230584368109703,0.05015205591917038,0.056093730032444,0.052313290536403656,0.9220250248908997,0.857474148273468,0.944261908531189,0.9522964358329773,0.9757376909255981,0.9462378621101379,0.9001383781433105,0.9641383290290833,0.9691667556762695,0.9843332171440125,0.9501623511314392,0.9072491526603699,0.9665765762329102,0.9732803702354431,0.9858816266059875,0.9456210136413574,0.8991169929504395,0.9642521739006042,0.9739073514938354,0.9854995012283325,0.9409921169281006,0.8907206654548645,0.9657947421073914,0.9728015661239624,0.9855875968933105
23,0.2880875766277313,0.07202205806970596,0.053839061409235,0.05175784230232239,0.056438133120536804,0.054030466824769974,0.9189782738685608,0.8520593643188477,0.9428943991661072,0.9514144659042358,0.9752156734466553,0.9436827301979065,0.8953933119773865,0.9624707102775574,0.9684349894523621,0.983776330947876,0.9489396214485168,0.9048935174942017,0.9655524492263794,0.9720049500465393,0.9853405952453613,0.943641722202301,0.8954411149024963,0.9625073671340942,0.9728782176971436,0.9848535060882568,0.938803493976593,0.8866857886314392,0.9640799164772034,0.9718343019485474,0.9849628210067749
24,0.2767096161842346,0.06861577183008194,0.0516573041677475,0.04968111217021942,0.05530105531215668,0.051454368978738785,0.9218442440032959,0.8568927645683289,0.9432123899459839,0.9524965882301331,0.9755519032478333,0.9459114670753479,0.8992559909820557,0.9621757864952087,0.9691888689994812,0.9838911294937134,0.9502179026603699,0.9070622324943542,0.965327799320221,0.9724751114845276,0.9854022860527039,0.9469169974327087,0.9010866284370422,0.9624516367912292,0.9732237458229065,0.9849234819412231,0.9412086009979248,0.8908030390739441,0.9639735817909241,0.972540557384491,0.9851081371307373
25,0.270865261554718,0.06733245402574539,0.05010053142905235,0.04846861958503723,0.05430259928107262,0.050661101937294006,0.9198859333992004,0.8545221090316772,0.9446924924850464,0.9514667391777039,0.9756302833557129,0.9423367977142334,0.8940706253051758,0.9641873836517334,0.9683238863945007,0.9841404557228088,0.9466767907142639,0.901984691619873,0.9657586812973022,0.9724633097648621,0.9854980111122131,0.9408899545669556,0.8917281031608582,0.9635632634162903,0.9724926352500916,0.9850027561187744,0.9374310970306396,0.8853282332420349,0.9652838706970215,0.971804141998291,0.9852308630943298
26,0.2874155044555664,0.07254759967327118,0.05411168932914734,0.05155112221837044,0.05537358298897743,0.05383151397109032,0.9206430315971375,0.8554582595825195,0.9431709051132202,0.9512283802032471,0.9752317667007446,0.9458363056182861,0.8997523188591003,0.9632523059844971,0.9681817889213562,0.9838931560516357,0.9504733085632324,0.9081500172615051,0.966304361820221,0.9715874791145325,0.9854119420051575,0.9460688233375549,0.9002304673194885,0.96368408203125,0.9723970293998718,0.9850074648857117,0.940742552280426,0.8906159400939941,0.9648690223693848,0.971329927444458,0.9850218296051025
27,0.27959775924682617,0.06945256888866425,0.0524611696600914,0.05058305338025093,0.05467918887734413,0.05242170765995979,0.9178898930549622,0.8502461314201355,0.943931519985199,0.9530652165412903,0.9758520126342773,0.9420557618141174,0.892570436000824,0.9631853699684143,0.969424307346344,0.9841781258583069,0.9478798508644104,0.903066098690033,0.9656796455383301,0.9731881618499756,0.9856541156768799,0.9437339305877686,0.8956536054611206,0.963864266872406,0.9736983776092529,0.9853606224060059,0.9378809928894043,0.8851155042648315,0.9647908806800842,0.972891092300415,0.9853792786598206
28,0.279792845249176,0.07009989023208618,0.05245775729417801,0.05038082227110863,0.05453028157353401,0.05232403799891472,0.9205787181854248,0.8550304770469666,0.9437477588653564,0.9519386291503906,0.975534975528717,0.9457369446754456,0.8991469144821167,0.9637510180473328,0.968507707118988,0.9840855598449707,0.9502490758895874,0.9073200225830078,0.9666538238525391,0.9719151854515076,0.9855708479881287,0.9465433955192566,0.9007038474082947,0.9641549587249756,0.9730071425437927,0.9852615594863892,0.9407580494880676,0.890247106552124,0.9652662873268127,0.9718223214149475,0.9852312207221985
29,0.2730659246444702,0.06831326335668564,0.0510147325694561,0.049183908849954605,0.05358784273266792,0.05096626654267311,0.919029712677002,0.8521968126296997,0.9433876872062683,0.9514760971069336,0.9753410220146179,0.9426891803741455,0.8937461376190186,0.9633195400238037,0.969236433506012,0.9841633439064026,0.9476231932640076,0.9026780724525452,0.9654525518417358,0.9730329513549805,0.9855648279190063,0.9437201023101807,0.8958083987236023,0.9639227390289307,0.973203718662262,0.9852555394172668,0.9382617473602295,0.8858616352081299,0.9646367430686951,0.9723439812660217,0.9852126836776733
30,0.2782997488975525,0.06986644864082336,0.05233827978372574,0.050293393433094025,0.05370798334479332,0.052093617618083954,0.9233869314193726,0.8598862886428833,0.9448560476303101,0.9529669284820557,0.976034939289093,0.9475299715995789,0.9025787115097046,0.9647387862205505,0.9695823788642883,0.9845705628395081,0.9515479803085327,0.9098906517028809,0.9677115082740784,0.9728584289550781,0.9860399961471558,0.948514997959137,0.9044446349143982,0.9656914472579956,0.9737741947174072,0.9857974052429199,0.9427303671836853,0.8939333558082581,0.966529369354248,0.9728519320487976,0.9857678413391113
31,0.270847886800766,0.06744727492332458,0.0506308376789093,0.04904169589281082,0.05287221074104309,0.05085582658648491,0.9203891754150391,0.8554534912109375,0.9464755058288574,0.9528695940971375,0.976373553276062,0.9441288113594055,0.8972400426864624,0.9645298719406128,0.9701834917068481,0.9846680760383606,0.9489231705665588,0.9059238433837891,0.966613233089447,0.9737852215766907,0.986011266708374,0.9454668164253235,0.899699330329895,0.9654152989387512,0.9739019870758057,0.985764741897583,0.939720094203949,0.8893330097198486,0.9661445021629333,0.973301112651825,0.9857876300811768
32,0.2849612534046173,0.07116381078958511,0.05343778431415558,0.051887061446905136,0.055441249161958694,0.05303137004375458,0.917180061340332,0.8494060635566711,0.9416162371635437,0.9499163031578064,0.9745625257492065,0.9430588483810425,0.8944764137268066,0.9620171189308167,0.968691349029541,0.9837349057197571,0.9477601647377014,0.9028879404067993,0.9639654159545898,0.9724262952804565,0.9850788116455078,0.9445130825042725,0.89706951379776,0.9624137878417969,0.972902774810791,0.9848379492759705,0.9381051659584045,0.8856223821640015,0.963142991065979,0.9718872308731079,0.9847612977027893
33,0.27518919110298157,0.06910523027181625,0.051704391837120056,0.049686115235090256,0.05308925732970238,0.05160418897867203,0.9248265624046326,0.8617194890975952,0.9454337954521179,0.9531578421592712,0.9762110710144043,0.9482987523078918,0.9032560586929321,0.964413583278656,0.9696884751319885,0.9845220446586609,0.9522618055343628,0.9104784727096558,0.9667537212371826,0.9733652472496033,0.9859426021575928,0.9487767219543457,0.9041789174079895,0.9651115536689758,0.973795473575592,0.9856696724891663,0.9435358047485352,0.8946799039840698,0.9658471345901489,0.9730006456375122,0.9856473803520203
34,0.27116963267326355,0.06714914739131927,0.05055870860815048,0.04918857663869858,0.05359898507595062,0.050674259662628174,0.9218434691429138,0.8568918108940125,0.9458786249160767,0.9505013823509216,0.97565758228302,0.9453049302101135,0.8981726169586182,0.9640568494796753,0.9684484601020813,0.984140932559967,0.9496126770973206,0.9059662818908691,0.9662135243415833,0.9719228744506836,0.9854719638824463,0.9465391635894775,0.9004502296447754,0.9649925827980042,0.9718489050865173,0.9851750135421753,0.940805196762085,0.8901014924049377,0.9655646085739136,0.9712932109832764,0.9851719737052917
35,0.2754875719547272,0.06934303045272827,0.051848653703927994,0.049898404628038406,0.05277064070105553,0.051626767963171005,0.9228371381759644,0.8589712381362915,0.944500207901001,0.9531568288803101,0.9760017991065979,0.9469147324562073,0.9015201330184937,0.9642188549041748,0.96998530626297,0.9845492839813232,0.9511212706565857,0.9091886281967163,0.9668603539466858,0.9735530018806458,0.9860121011734009,0.9474915266036987,0.9026726484298706,0.9652920365333557,0.97450190782547,0.9858801960945129,0.9420871734619141,0.8928480744361877,0.9657272100448608,0.9732034206390381,0.9856686592102051
36,0.2807146906852722,0.07006460428237915,0.05258159711956978,0.0512336827814579,0.0540667325258255,0.05276811495423317,0.921284019947052,0.8567153811454773,0.9458214044570923,0.9531403183937073,0.9762935638427734,0.9462651014328003,0.9007837176322937,0.9648308753967285,0.9702882170677185,0.9847620129585266,0.9502753019332886,0.9080875515937805,0.9666610956192017,0.9736875295639038,0.9859987497329712,0.9479677677154541,0.90389084815979,0.9656409025192261,0.9736179709434509,0.9857483506202698,0.9414324164390564,0.8920894861221313,0.9661190509796143,0.9733084440231323,0.985783576965332
37,0.2677457332611084,0.06734605878591537,0.050159744918346405,0.048502035439014435,0.051686037331819534,0.05005183443427086,0.9215731024742126,0.8566414713859558,0.9458377361297607,0.9528855085372925,0.9762347340583801,0.9461175203323364,0.8997817635536194,0.9651697278022766,0.9705994129180908,0.9849144816398621,0.9510564208030701,0.908722996711731,0.9677684903144836,0.9740860462188721,0.9863482117652893,0.9483588933944702,0.903889536857605,0.9665793180465698,0.974746584892273,0.9862340092658997,0.9417582154273987,0.891956627368927,0.9669481515884399,0.9738219380378723,0.9860967993736267
38,0.25902700424194336,0.06491565704345703,0.048714909702539444,0.0468410961329937,0.049984320998191833,0.04857102409005165,0.9291135668754578,0.8699650764465332,0.9486963152885437,0.954323947429657,0.9772279262542725,0.9512588381767273,0.909572184085846,0.9666959047317505,0.9714398980140686,0.9854658842086792,0.9551181197166443,0.9166660308837891,0.9691411256790161,0.9750109314918518,0.9868850708007812,0.9527790546417236,0.9124239683151245,0.9682623744010925,0.9753477573394775,0.9867641925811768,0.9470668435096741,0.9019565582275391,0.9686387777328491,0.9745233058929443,0.9866527915000916
39,0.27779701352119446,0.06943957507610321,0.052086301147937775,0.050437867641448975,0.05402155965566635,0.05181172490119934,0.9176180362701416,0.8501459360122681,0.9435457587242126,0.9512160420417786,0.9753124713897705,0.942821204662323,0.8942245244979858,0.9627505540847778,0.9688897728919983,0.9839499592781067,0.9475505352020264,0.9027647376060486,0.9655779004096985,0.9715226292610168,0.9852302670478821,0.9451643824577332,0.8985450863838196,0.9641456007957458,0.9717661738395691,0.9849614500999451,0.9382608532905579,0.8860899209976196,0.9643433094024658,0.9713461399078369,0.9849056601524353
40,0.2609936594963074,0.06506137549877167,0.048550788313150406,0.04734053835272789,0.05123044550418854,0.04881054535508156,0.9221409559249878,0.8578745126724243,0.9460933208465576,0.9536460041999817,0.9764783382415771,0.9449498653411865,0.898146390914917,0.9649771451950073,0.9700807929039001,0.9847453236579895,0.9493429064750671,0.9061910510063171,0.9668712019920349,0.97344970703125,0.9859898090362549,0.9460188150405884,0.9002583622932434,0.9652499556541443,0.9739895462989807,0.9857478737831116,0.9406090974807739,0.8903961777687073,0.9661720395088196,0.9732000231742859,0.9857696890830994
41,0.2703670263290405,0.06826175004243851,0.050806090235710144,0.04896756261587143,0.051677871495485306,0.05065380036830902,0.9262828826904297,0.8641936182975769,0.9468285441398621,0.952627956867218,0.9763932228088379,0.9503810405731201,0.9070575833320618,0.9660127758979797,0.9700791835784912,0.9849812984466553,0.9543277621269226,0.9142743945121765,0.9683504700660706,0.9738805294036865,0.9864322543144226,0.9516794681549072,0.9094725251197815,0.9675334692001343,0.9740356802940369,0.9862822890281677,0.9456601142883301,0.8985018730163574,0.9676088690757751,0.9731225371360779,0.9860800504684448
42,0.25791114568710327,0.0647260844707489,0.04844687879085541,0.04665648937225342,0.04979673773050308,0.04828502982854843,0.923708975315094,0.860877513885498,0.9466744065284729,0.955493152141571,0.9770603775978088,0.9467733502388,0.9017759561538696,0.9655321836471558,0.9719030261039734,0.9853114485740662,0.9513628482818604,0.9101638197898865,0.968173623085022,0.9751013517379761,0.9866847991943359,0.9488347172737122,0.9056661128997803,0.9669299721717834,0.9758791923522949,0.9865855574607849,0.9426699280738831,0.8943987488746643,0.9672600626945496,0.9749739766120911,0.9864446520805359
43,0.2683431804180145,0.06703434139490128,0.050482377409935,0.04893536493182182,0.05173921585083008,0.050151802599430084,0.9219182729721069,0.8573083877563477,0.9456248879432678,0.9541917443275452,0.9765069484710693,0.9467940330505371,0.9011683464050293,0.9643036723136902,0.9711809158325195,0.9848567843437195,0.9509977102279663,0.9088069796562195,0.966572642326355,0.9738997220993042,0.9860294461250305,0.9491129517555237,0.9054391384124756,0.966001570224762,0.9740538597106934,0.9859355092048645,0.9421864151954651,0.8928810358047485,0.965928852558136,0.973662793636322,0.9858250617980957
44,0.27334079146385193,0.06903690099716187,0.051305513828992844,0.049490805715322495,0.05242493376135826,0.05108260735869408,0.9205779433250427,0.854992151260376,0.9450943470001221,0.9514086246490479,0.9757058024406433,0.9456239938735962,0.89900141954422,0.9645422697067261,0.9696749448776245,0.9845481514930725,0.9501515030860901,0.9071952104568481,0.966525137424469,0.9731617569923401,0.9858413338661194,0.9480674862861633,0.9034399390220642,0.9653822779655457,0.973702073097229,0.9857093095779419,0.9410796165466309,0.8908353447914124,0.965709924697876,0.9726642370223999,0.9855351448059082
45,0.26645562052726746,0.06731336563825607,0.05017377808690071,0.04826713725924492,0.05092669278383255,0.04977459833025932,0.9249195456504822,0.8626474142074585,0.9473978281021118,0.9518664479255676,0.9763332605361938,0.9483879208564758,0.9043292999267578,0.9659988284111023,0.969834566116333,0.9849189519882202,0.9527093172073364,0.912208616733551,0.9684597849845886,0.9733380675315857,0.9863267540931702,0.9505459070205688,0.9082520604133606,0.9677624106407166,0.9736552834510803,0.9862433671951294,0.9441387057304382,0.8966159224510193,0.9676815867424011,0.9726535677909851,0.9859837889671326
46,0.26453742384910583,0.06606032699346542,0.04980514943599701,0.04829274117946625,0.050793346017599106,0.04958586022257805,0.9258834719657898,0.8640300631523132,0.9469602704048157,0.9531702399253845,0.9765558838844299,0.9492677450180054,0.9055846929550171,0.9654250144958496,0.9708034992218018,0.9850220084190369,0.9535351395606995,0.9133812189102173,0.9681230783462524,0.9739347696304321,0.98639315366745,0.9511646628379822,0.9091004133224487,0.9668603539466858,0.974802553653717,0.9863118529319763,0.9449602365493774,0.8977948427200317,0.9671198129653931,0.9736406207084656,0.9860926270484924
47,0.2819284200668335,0.07176671177148819,0.053106654435396194,0.05099215358495712,0.05352678522467613,0.05253605172038078,0.9184910655021667,0.851364016532898,0.9438607096672058,0.9491763114929199,0.9748807549476624,0.9451097846031189,0.8980128765106201,0.9636377692222595,0.9679747223854065,0.983930766582489,0.9499359130859375,0.9067267775535583,0.9658098816871643,0.9710959196090698,0.9851804375648499,0.9482753872871399,0.9037668704986572,0.9646958112716675,0.9715912342071533,0.9850451946258545,0.9404135942459106,0.8895760774612427,0.9653492569923401,0.9709293246269226,0.9850350618362427
48,0.2621252238750458,0.06592605262994766,0.04936199635267258,0.047721005976200104,0.050079792737960815,0.049036335200071335,0.9242771863937378,0.8616982102394104,0.9466438293457031,0.9544051289558411,0.9767876267433167,0.9477942585945129,0.9033422470092773,0.9658443927764893,0.9713704586029053,0.9852545261383057,0.9518588781356812,0.9107477068901062,0.9680649042129517,0.9746925234794617,0.9865617752075195,0.949518084526062,0.9065130949020386,0.9670717120170593,0.9755749702453613,0.9865453243255615,0.9433545470237732,0.895327627658844,0.9672424793243408,0.9744744300842285,0.9863208532333374
49,0.2591666877269745,0.06498079001903534,0.04875838756561279,0.0471084900200367,0.04966864734888077,0.048650383949279785,0.925010085105896,0.8624321818351746,0.9486115574836731,0.9542942047119141,0.9772015810012817,0.9480680823326111,0.9033159613609314,0.9665793180465698,0.9713348746299744,0.9854139089584351,0.9522212147712708,0.9108923673629761,0.968559741973877,0.9749020934104919,0.9867255687713623,0.9495959877967834,0.9061760306358337,0.9680064916610718,0.9751346707344055,0.9866544008255005,0.9437176585197449,0.8954746723175049,0.968124270439148,0.9743055105209351,0.9864825010299683
50,0.2604067325592041,0.06528766453266144,0.048986345529556274,0.047618914395570755,0.04962471127510071,0.04888911545276642,0.9265958070755005,0.864970862865448,0.9485479593276978,0.9538789391517639,0.9770854115486145,0.950421154499054,0.907361626625061,0.9665526747703552,0.9716153144836426,0.9854754209518433,0.9545806646347046,0.9149770736694336,0.9692089557647705,0.9742318391799927,0.9867134690284729,0.9531142115592957,0.9123150110244751,0.9684449434280396,0.9750478267669678,0.9867342114448547,0.9461693167686462,0.8996490240097046,0.9684836864471436,0.9741916656494141,0.986537516117096
51,0.25830933451652527,0.06522288918495178,0.04842507839202881,0.046835269778966904,0.04947115108370781,0.048354923725128174,0.9223050475120544,0.8577334880828857,0.946727454662323,0.9546467661857605,0.9768654704093933,0.946736216545105,0.9007615447044373,0.965681791305542,0.9720373153686523,0.9853779673576355,0.9516086578369141,0.9096153974533081,0.9681015610694885,0.975389301776886,0.9867372512817383,0.9500088691711426,0.9067276120185852,0.9675143957138062,0.9757182002067566,0.9866812229156494,0.9426366686820984,0.8933857679367065,0.9673103094100952,0.9748963713645935,0.9864375591278076
52,0.256002277135849,0.06416989862918854,0.04806312546133995,0.046573203057050705,0.049247514456510544,0.04794851318001747,0.9294612407684326,0.8709675669670105,0.9508499503135681,0.9527610540390015,0.9773258566856384,0.9518429040908813,0.9110122919082642,0.9680721759796143,0.970856249332428,0.9856393337249756,0.9550312161445618,0.9168674349784851,0.9704399108886719,0.9740155339241028,0.9869435429573059,0.9523361921310425,0.9119861125946045,0.9699596166610718,0.974273145198822,0.9868955016136169,0.9471632242202759,0.9025076031684875,0.9699738621711731,0.9734240770339966,0.9866942763328552
53,0.24575422704219818,0.06219932809472084,0.04518619552254677,0.04445519298315048,0.04823499917984009,0.04567849263548851,0.9208304286003113,0.8557739853858948,0.9462759494781494,0.9545809030532837,0.9767481088638306,0.9454613924026489,0.8988509178161621,0.9657517075538635,0.9712494611740112,0.9852041602134705,0.9490125179290771,0.9053289890289307,0.9668139815330505,0.9742644429206848,0.9861722588539124,0.9468351006507874,0.901462972164154,0.9657944440841675,0.9748880863189697,0.9860878586769104,0.9404937028884888,0.8900149464607239,0.9663709998130798,0.9743972420692444,0.9861025214195251
54,0.26377981901168823,0.06635189801454544,0.049673959612846375,0.04789501801133156,0.05032862722873688,0.04953033849596977,0.9261602759361267,0.8642101287841797,0.9483832120895386,0.9541400671005249,0.9771125912666321,0.9500325322151184,0.9066525101661682,0.9664103388786316,0.9711254835128784,0.9853247404098511,0.9538998603820801,0.9137158989906311,0.9686838984489441,0.9741434454917908,0.9865718483924866,0.9519380927085876,0.9101675152778625,0.9677448272705078,0.974452555179596,0.986430823802948,0.9455010294914246,0.8984417915344238,0.967849612236023,0.9736611843109131,0.9862647652626038
55,0.25764209032058716,0.06463780254125595,0.048562705516815186,0.04704383760690689,0.0492115318775177,0.04818619787693024,0.9283450841903687,0.8681252598762512,0.9491584300994873,0.9538256525993347,0.9772091507911682,0.9515520334243774,0.9095637202262878,0.9668751358985901,0.9715461730957031,0.9855324625968933,0.9554556608200073,0.9167237281799316,0.9692019820213318,0.9747852683067322,0.9868448376655579,0.953565239906311,0.9132887721061707,0.9686136245727539,0.9751248955726624,0.9867913722991943,0.9472158551216125,0.9016740918159485,0.9685848355293274,0.9743990302085876,0.9866105318069458
56,0.25471848249435425,0.06296519190073013,0.04757458344101906,0.046508148312568665,0.050177592784166336,0.04749291017651558,0.924320638179779,0.86114102602005,0.9477860927581787,0.9535003900527954,0.9768218398094177,0.9471401572227478,0.9015703201293945,0.9657050967216492,0.969569742679596,0.9847879409790039,0.9505485892295837,0.9078041315078735,0.9671540856361389,0.9724788665771484,0.985821008682251,0.9478956460952759,0.9030647873878479,0.9661653637886047,0.972688615322113,0.9856452345848083,0.9424633383750916,0.8931540250778198,0.9666092991828918,0.9722472429275513,0.9856406450271606
57,0.2632618546485901,0.06576840579509735,0.04966330900788307,0.04819066449999809,0.05037523806095123,0.04926425591111183,0.923001229763031,0.860176682472229,0.947951078414917,0.9538986086845398,0.9769565463066101,0.9474623203277588,0.9034196138381958,0.9664927124977112,0.9712103009223938,0.9853640198707581,0.9514485001564026,0.910686194896698,0.9685584902763367,0.9742511510848999,0.9865689873695374,0.9502195119857788,0.9084914922714233,0.9678123593330383,0.9750432372093201,0.9865879416465759,0.9430088400840759,0.8953943848609924,0.9678935408592224,0.9740914106369019,0.9863781929016113
58,0.24807524681091309,0.062743179500103,0.0465175062417984,0.04496770352125168,0.047511182725429535,0.046335674822330475,0.9270086288452148,0.8658735752105713,0.9478411674499512,0.9559006094932556,0.9774219393730164,0.9505863785743713,0.9078413844108582,0.9665475487709045,0.9730724692344666,0.9858250021934509,0.9545111060142517,0.915014386177063,0.9688931107521057,0.9761478304862976,0.9871006608009338,0.9525581002235413,0.9114725589752197,0.968424379825592,0.9766474962234497,0.9871125221252441,0.9461556077003479,0.8997989296913147,0.9682729244232178,0.9758620858192444,0.9868898391723633
59,0.255711168050766,0.06433543562889099,0.048246633261442184,0.046639420092105865,0.0487682931125164,0.04772138595581055,0.9279505014419556,0.8676184415817261,0.9487916827201843,0.9536648988723755,0.9770874977111816,0.9511333107948303,0.9087640047073364,0.9665877819061279,0.9715592265129089,0.9854699373245239,0.9550181031227112,0.9158303141593933,0.9692007899284363,0.9748176336288452,0.9868523478507996,0.9533140659332275,0.9127564430236816,0.9686275720596313,0.9754035472869873,0.9868614077568054,0.9468295574188232,0.9009605050086975,0.9684619307518005,0.9744567275047302,0.9865962266921997
60,0.2574999928474426,0.06609145551919937,0.04819347336888313,0.046428270637989044,0.048589229583740234,0.048197586089372635,0.9257147908210754,0.863625168800354,0.9465088248252869,0.9536540508270264,0.9765734076499939,0.9496049880981445,0.9060108661651611,0.9664412140846252,0.9705994725227356,0.985204815864563,0.9540870189666748,0.9141739010810852,0.9686529636383057,0.9741684794425964,0.9865707755088806,0.9517225027084351,0.9098499417304993,0.9677299857139587,0.975136935710907,0.9865915179252625,0.9452745914459229,0.898158609867096,0.9675758481025696,0.9737414717674255,0.9862213134765625
61,0.2504967451095581,0.06356741487979889,0.04717016965150833,0.04555715620517731,0.0474075973033905,0.046794407069683075,0.9288206100463867,0.8695744872093201,0.9504429697990417,0.9534635543823242,0.9774078726768494,0.9525986909866333,0.9118421077728271,0.9679898023605347,0.9718104600906372,0.9858510494232178,0.9563852548599243,0.9187266826629639,0.9704716801643372,0.9748331904411316,0.9871476292610168,0.9553926587104797,0.9168594479560852,0.9700655937194824,0.9753464460372925,0.9871777892112732,0.94826340675354,0.9039307832717896,0.9698699712753296,0.9745575189590454,0.9869433045387268
62,0.2516690492630005,0.06324536353349686,0.04730719327926636,0.04578092694282532,0.04842894524335861,0.04690663143992424,0.9245226383209229,0.8617669939994812,0.9486439228057861,0.9537477493286133,0.9770747423171997,0.9487795233726501,0.9047368764877319,0.9661656618118286,0.9718288779258728,0.9854384064674377,0.9534162878990173,0.913194477558136,0.9689721465110779,0.9747862815856934,0.9867923855781555,0.9522461891174316,0.9110788106918335,0.9683501720428467,0.9751304388046265,0.9867322444915771,0.944720447063446,0.8973934650421143,0.9680618643760681,0.9745604991912842,0.9865294098854065
63,0.24653787910938263,0.06127024441957474,0.045505061745643616,0.04522443562746048,0.048525698482990265,0.04601247236132622,0.9255266189575195,0.8630276918411255,0.9487090706825256,0.9547383785247803,0.977332353591919,0.9484678506851196,0.9036540985107422,0.9669339060783386,0.9715960025787354,0.9855579137802124,0.9519634246826172,0.9100791215896606,0.9677884578704834,0.9745627045631409,0.9864672422409058,0.9498010873794556,0.9061453938484192,0.9671277403831482,0.9748522043228149,0.9863851070404053,0.9439294934272766,0.895487904548645,0.9677433371543884,0.974402904510498,0.9864185452461243
64,0.2569841146469116,0.06490359455347061,0.04809737578034401,0.046775542199611664,0.04923918470740318,0.047968439757823944,0.927200198173523,0.8670851588249207,0.9489567279815674,0.9546464085578918,0.9773653745651245,0.9510698914527893,0.9094964265823364,0.9673203229904175,0.9716171026229858,0.9856513142585754,0.9538167119026184,0.9145855903625488,0.969444215297699,0.9743185639381409,0.9867882132530212,0.9526196718215942,0.9123893976211548,0.9684249758720398,0.9747673273086548,0.9866623282432556,0.9461557865142822,0.9006184935569763,0.9687865376472473,0.9745173454284668,0.9866852164268494
65,0.25580501556396484,0.06515835225582123,0.04791828244924545,0.04649943858385086,0.04843964800238609,0.0477893203496933,0.9232380390167236,0.8597033619880676,0.9469935894012451,0.9531729817390442,0.9765639901161194,0.948544442653656,0.9043660163879395,0.9666241407394409,0.9715602397918701,0.9854784607887268,0.9531272649765015,0.9127091765403748,0.9685518741607666,0.974854052066803,0.9867122173309326,0.9511323571205139,0.909088134765625,0.9679892063140869,0.9752883315086365,0.9866873025894165,0.9440022110939026,0.8961674571037292,0.9677072763442993,0.9742317795753479,0.9863691926002502
66,0.25129052996635437,0.06338322162628174,0.04736416041851044,0.04587016627192497,0.047733280807733536,0.04693969339132309,0.9284754991531372,0.8682704567909241,0.9502624869346619,0.953895092010498,0.9774736166000366,0.9522193074226379,0.9106812477111816,0.9678880572319031,0.9716902375221252,0.9857987761497498,0.9557508826255798,0.9171759486198425,0.970089852809906,0.9751235246658325,0.987129807472229,0.9546248316764832,0.9151582717895508,0.9697837233543396,0.9753572940826416,0.9871156811714172,0.9477567076683044,0.902570366859436,0.9694948196411133,0.9745236039161682,0.9868491291999817
67,0.24229289591312408,0.061540134251117706,0.04531612619757652,0.04404914751648903,0.046315331012010574,0.04507221654057503,0.9239959716796875,0.8617761135101318,0.9484319686889648,0.9552315473556519,0.9773909449577332,0.9481519460678101,0.9047169089317322,0.9672903418540955,0.9727364182472229,0.9859142303466797,0.9520809054374695,0.9119305610656738,0.9694139361381531,0.9758907556533813,0.9871587157249451,0.9506915211677551,0.9094763994216919,0.9689878821372986,0.9764840006828308,0.9872029423713684,0.9437220692634583,0.8967092633247375,0.9688131809234619,0.9756618738174438,0.9869659543037415
68,0.25396040081977844,0.06353926658630371,0.04775669798254967,0.04628239572048187,0.0491272434592247,0.04725487530231476,0.9273771047592163,0.8671740293502808,0.9488171339035034,0.954578697681427,0.9773174524307251,0.9511236548423767,0.9095907211303711,0.9665487408638,0.9721223711967468,0.9855967164039612,0.9547913670539856,0.9163483381271362,0.9692822098731995,0.9748514294624329,0.9868791699409485,0.9533300399780273,0.91371089220047,0.9683938026428223,0.9755846261978149,0.986851155757904,0.9466454982757568,0.9014550447463989,0.968343198299408,0.97481369972229,0.9866546988487244
69,0.2488563358783722,0.06290291994810104,0.04645416513085365,0.045191068202257156,0.047920286655426025,0.04638795182108879,0.9265836477279663,0.8651286959648132,0.9477167129516602,0.9543924331665039,0.977025032043457,0.9507331252098083,0.9080115556716919,0.966922402381897,0.9720126986503601,0.9856557250022888,0.9546712636947632,0.9152312278747559,0.9690411686897278,0.9751923084259033,0.9869056940078735,0.9522748589515686,0.9109032154083252,0.9687619805335999,0.9753699898719788,0.9868842363357544,0.9460504055023193,0.8995418548583984,0.9684534072875977,0.9747264981269836,0.986659049987793
70,0.2518943250179291,0.06292477995157242,0.04718412831425667,0.046154752373695374,0.04854210838675499,0.047088559716939926,0.9267948865890503,0.8657525181770325,0.9493355751037598,0.9543745517730713,0.9773836135864258,0.9501481652259827,0.907267153263092,0.9665414690971375,0.9723084568977356,0.9856398105621338,0.953889012336731,0.9141013026237488,0.9685957431793213,0.974904477596283,0.9867343902587891,0.9526286125183105,0.9118264317512512,0.9682105779647827,0.9750936627388,0.986691415309906,0.945855975151062,0.8994982838630676,0.9680782556533813,0.9747615456581116,0.9865813851356506
71,0.2620001435279846,0.0661478266119957,0.04908640682697296,0.04798609018325806,0.049952827394008636,0.04882693663239479,0.9226879477500916,0.8587893843650818,0.9475210905075073,0.9522683620452881,0.9764597415924072,0.9483516216278076,0.9039361476898193,0.9669862985610962,0.9702970385551453,0.9852561354637146,0.9524230360984802,0.9113737940788269,0.9688698053359985,0.9733341932296753,0.9864197373390198,0.950892448425293,0.9086294174194336,0.9681760668754578,0.9740005731582642,0.9864211082458496,0.9435626864433289,0.8953500986099243,0.9681264162063599,0.9730198383331299,0.9861738085746765
72,0.2514805495738983,0.06385999917984009,0.047456882894039154,0.046012233942747116,0.04735568165779114,0.046795736998319626,0.9297301173210144,0.8710303902626038,0.9477554559707642,0.9555503726005554,0.9773170948028564,0.9531727433204651,0.9128785729408264,0.9667325615882874,0.9729653596878052,0.9858416318893433,0.956504225730896,0.918954610824585,0.9693936705589294,0.9758179783821106,0.9871366024017334,0.9553490281105042,0.9168523550033569,0.9690357446670532,0.9764592051506042,0.9872080087661743,0.948680579662323,0.9046776294708252,0.9684234261512756,0.975583553314209,0.9868577122688293
73,0.2480165660381317,0.0623539499938488,0.04640476405620575,0.045233674347400665,0.0477352999150753,0.04628888517618179,0.9252894520759583,0.8628976345062256,0.9504066109657288,0.9528502225875854,0.9772486686706543,0.9489312767982483,0.9049615859985352,0.9674628973007202,0.9713115692138672,0.9856101870536804,0.9530618786811829,0.9125260710716248,0.9694185256958008,0.9741770625114441,0.9867483377456665,0.9520016312599182,0.9105870127677917,0.9691571593284607,0.9744330644607544,0.9867499470710754,0.9448143839836121,0.8974921107292175,0.9690369367599487,0.9738837480545044,0.9865903258323669
74,0.244110107421875,0.061495523899793625,0.04607342183589935,0.04455892741680145,0.046593595296144485,0.045388635247945786,0.9345020055770874,0.8788386583328247,0.9500856399536133,0.9549599885940552,0.9776955246925354,0.9569474458694458,0.9194031357765198,0.9681896567344666,0.9732087254524231,0.9862337708473206,0.9598207473754883,0.9247225522994995,0.9704904556274414,0.9766210317611694,0.9875810742378235,0.9581509232521057,0.9216893911361694,0.9703266620635986,0.977075457572937,0.9876522421836853,0.9523501396179199,0.9109565019607544,0.9699323773384094,0.9760329723358154,0.9873118996620178
75,0.2733067274093628,0.06741855293512344,0.05078450217843056,0.0505075640976429,0.054258547723293304,0.05033751577138901,0.919512152671814,0.853194534778595,0.945201575756073,0.9495343565940857,0.9752680063247681,0.9447873830795288,0.8974612355232239,0.9656690359115601,0.9653498530387878,0.9837545156478882,0.9479959011077881,0.9035400748252869,0.9673384428024292,0.968672513961792,0.9849428534507751,0.9460694789886475,0.900217592716217,0.9647984504699707,0.9697034358978271,0.9846134185791016,0.9396123290061951,0.8883311748504639,0.9668164253234863,0.969050407409668,0.984915554523468
76,0.25292620062828064,0.06328505277633667,0.04696168005466461,0.046360403299331665,0.04914802312850952,0.04717113450169563,0.9246557950973511,0.8619725108146667,0.9485964179039001,0.952677845954895,0.9768010973930359,0.9480957984924316,0.9034220576286316,0.9667264819145203,0.9706276655197144,0.9852767586708069,0.9517176151275635,0.9099971055984497,0.9680737257003784,0.9733846187591553,0.986249566078186,0.9503637552261353,0.9075245261192322,0.967731237411499,0.9737218022346497,0.9862521886825562,0.9436793327331543,0.8954369425773621,0.9677866101264954,0.9733220934867859,0.9861687421798706
77,0.2682545781135559,0.06684469431638718,0.05042017996311188,0.04940536618232727,0.05162088945508003,0.04996344447135925,0.9222404956817627,0.8579688668251038,0.9454653263092041,0.9540021419525146,0.9764248132705688,0.9471809267997742,0.9018228650093079,0.9650797843933105,0.9708031415939331,0.9849430918693542,0.9513599276542664,0.9094675183296204,0.9670974016189575,0.9734786152839661,0.9860485196113586,0.9510793685913086,0.908910870552063,0.9666692614555359,0.9737884402275085,0.9860248565673828,0.9429596662521362,0.8942582607269287,0.966349184513092,0.9738100171089172,0.9859567284584045
78,0.2455476075410843,0.06263464689254761,0.04608716070652008,0.04462827742099762,0.046208977699279785,0.045988552272319794,0.9303185343742371,0.8714415431022644,0.9504371881484985,0.9550116062164307,0.9777870774269104,0.9531158208847046,0.9123558402061462,0.9684576988220215,0.9727506041526794,0.98618483543396,0.9567238688468933,0.9190104603767395,0.9707563519477844,0.9758914709091187,0.9874671697616577,0.9552216529846191,0.9162790179252625,0.970291793346405,0.9766830205917358,0.9875502586364746,0.948839008808136,0.9045486450195312,0.9700217247009277,0.9755886197090149,0.9872258305549622
79,0.24404533207416534,0.06223372742533684,0.045565441250801086,0.044481612741947174,0.04622335359454155,0.045541178435087204,0.9259821176528931,0.8643395304679871,0.9494703412055969,0.9547067880630493,0.9774953722953796,0.9510589838027954,0.9089733362197876,0.9680079817771912,0.973172128200531,0.9861834049224854,0.9553223252296448,0.9168022274971008,0.9705610275268555,0.9759889841079712,0.9874457120895386,0.9546558260917664,0.9155988097190857,0.9703472256660461,0.9764489531517029,0.9875069260597229,0.9467411637306213,0.9011315107345581,0.9697776436805725,0.9757146239280701,0.9872000217437744
80,0.24595104157924652,0.06234877556562424,0.04594535753130913,0.045003894716501236,0.046850334852933884,0.04580264165997505,0.9292348027229309,0.8699318766593933,0.9494757652282715,0.955359160900116,0.9776564836502075,0.9531955122947693,0.9127295017242432,0.968278706073761,0.9726593494415283,0.9861218333244324,0.9559707641601562,0.9178410172462463,0.9701788425445557,0.9754540920257568,0.987229585647583,0.9549571871757507,0.9159694314002991,0.9698630571365356,0.97609943151474,0.9873118996620178,0.9483312964439392,0.903867781162262,0.9696016907691956,0.9753762483596802,0.9870784282684326
81,0.24389906227588654,0.0611143559217453,0.04574290290474892,0.04493587091565132,0.046781253069639206,0.04532460495829582,0.9256955981254578,0.863972544670105,0.9499205946922302,0.9548429250717163,0.9776297807693481,0.950474739074707,0.9081028699874878,0.9679428935050964,0.9726057052612305,0.9860320687294006,0.954516589641571,0.9155278205871582,0.969937801361084,0.975714385509491,0.987236738204956,0.9536154866218567,0.9139167070388794,0.9695801734924316,0.9764593243598938,0.9873331189155579,0.9460645914077759,0.9001021385192871,0.9694206118583679,0.9755631685256958,0.9870817065238953
82,0.24190086126327515,0.06112157925963402,0.04552217572927475,0.044187724590301514,0.04606287553906441,0.04500650241971016,0.9322490692138672,0.8750671744346619,0.9513659477233887,0.954055905342102,0.9777604341506958,0.9546759724617004,0.9154267311096191,0.9688855409622192,0.9723671078681946,0.9861901998519897,0.957721471786499,0.921051025390625,0.97132408618927,0.9749892354011536,0.9873806834220886,0.9566451907157898,0.9191287159919739,0.971045196056366,0.9754071831703186,0.9874172210693359,0.9503212571144104,0.9074636697769165,0.9706591367721558,0.9746544361114502,0.9871476292610168
83,0.24531936645507812,0.061849452555179596,0.04568663612008095,0.04510505124926567,0.04711347818374634,0.045564718544483185,0.9281922578811646,0.86800616979599,0.9489858150482178,0.9546486139297485,0.977372407913208,0.9524876475334167,0.9114021062850952,0.9678629636764526,0.971951961517334,0.9858561754226685,0.9555725455284119,0.9171105027198792,0.9695063233375549,0.9745568037033081,0.9868597388267517,0.9545117020606995,0.9151939749717712,0.969394862651825,0.9749148488044739,0.9869202375411987,0.9476825594902039,0.9026721715927124,0.9690200090408325,0.9743402004241943,0.986696183681488
84,0.24193203449249268,0.06119535490870476,0.04496833309531212,0.04432995989918709,0.04642629995942116,0.04501211270689964,0.9252434968948364,0.862524151802063,0.9487801790237427,0.9560239911079407,0.977662980556488,0.9505894184112549,0.9075062870979309,0.9677342772483826,0.9731576442718506,0.9861171841621399,0.954712986946106,0.9150751233100891,0.9696241021156311,0.9758437871932983,0.9871957302093506,0.9530656933784485,0.9121170043945312,0.9689318537712097,0.9764686822891235,0.9871863722801208,0.945890486240387,0.8990147113800049,0.9689070582389832,0.9758555293083191,0.9870339035987854
85,0.24175594747066498,0.06109201908111572,0.0452558733522892,0.044372376054525375,0.046019408851861954,0.04501628130674362,0.9294272661209106,0.8697654008865356,0.9497086405754089,0.9557763934135437,0.9778109192848206,0.953025758266449,0.9119737148284912,0.9680700898170471,0.9734034538269043,0.9862532615661621,0.9564889669418335,0.9183425307273865,0.9700698256492615,0.9760059714317322,0.9873369932174683,0.955339252948761,0.916267454624176,0.9699438810348511,0.9762864112854004,0.9873752593994141,0.9485636949539185,0.9038444757461548,0.9695656895637512,0.9758141040802002,0.9871752262115479
86,0.24118533730506897,0.0618133544921875,0.045140042901039124,0.04384790360927582,0.045593373477458954,0.04479062184691429,0.9298347234725952,0.8704041242599487,0.9487983584403992,0.9552422165870667,0.9774758219718933,0.9549683332443237,0.9153978824615479,0.9686678051948547,0.9727747440338135,0.9862387180328369,0.9585447311401367,0.9220054745674133,0.9707320928573608,0.9758457541465759,0.9874506592750549,0.9578508734703064,0.9207830429077148,0.9704668521881104,0.9765809178352356,0.9875659942626953,0.9502949714660645,0.906877875328064,0.9700174927711487,0.9756093621253967,0.9872298240661621
87,0.23832540214061737,0.06012909114360809,0.04463442787528038,0.04378237947821617,0.045469414442777634,0.04431009665131569,0.9322026371955872,0.8747619390487671,0.9505807161331177,0.9560631513595581,0.9780770540237427,0.9554538130760193,0.9165620803833008,0.9686678051948547,0.9738923907279968,0.9865078330039978,0.9587988257408142,0.9227192401885986,0.9707432985305786,0.9766192436218262,0.9876387119293213,0.9574285745620728,0.9202153086662292,0.9704804420471191,0.9771109223365784,0.9876960515975952,0.9509658217430115,0.908336341381073,0.9702945351600647,0.9765077829360962,0.9875088930130005
88,0.238603875041008,0.06102766841650009,0.04471592232584953,0.04351664334535599,0.04500357061624527,0.044340040534734726,0.9295345544815063,0.870563268661499,0.9509335160255432,0.9553242921829224,0.9779751300811768,0.9536760449409485,0.9138317108154297,0.9694321155548096,0.973373532295227,0.9865580201148987,0.9568630456924438,0.9197254776954651,0.9714310169219971,0.9764410257339478,0.9877540469169617,0.9559899568557739,0.9181573987007141,0.9713029265403748,0.976961076259613,0.9878492951393127,0.9490076303482056,0.905318558216095,0.9710267186164856,0.9762372970581055,0.9876123070716858
89,0.24675598740577698,0.06471757590770721,0.04603767767548561,0.04440304636955261,0.04575782269239426,0.04583990201354027,0.9235517978668213,0.8599697947502136,0.9476286172866821,0.9539101123809814,0.976887047290802,0.9500895738601685,0.9069715142250061,0.96795654296875,0.9727200269699097,0.98606276512146,0.9545973539352417,0.9152065515518188,0.9705991744995117,0.9758416414260864,0.9874191284179688,0.9540275931358337,0.9141783118247986,0.9704620242118835,0.9764849543571472,0.987541913986206,0.9455572962760925,0.8987492322921753,0.9696625471115112,0.9756291508674622,0.9871531128883362
90,0.24015910923480988,0.06153985485434532,0.045142557471990585,0.043665561825037,0.04526584967970848,0.044545333832502365,0.9309180974960327,0.8727021813392639,0.9519788026809692,0.9535646438598633,0.9777767658233643,0.9548708200454712,0.9157736897468567,0.9696601629257202,0.9721181392669678,0.9863073229789734,0.9588738083839417,0.923172116279602,0.9718255400657654,0.9754451513290405,0.9876054525375366,0.9582287073135376,0.9220131635665894,0.9717226028442383,0.9759688973426819,0.9877076745033264,0.9507067203521729,0.9081398844718933,0.9713495373725891,0.975003182888031,0.9873899221420288
91,0.23936888575553894,0.06126636266708374,0.04462862014770508,0.043432533740997314,0.04553716257214546,0.044504210352897644,0.9272282123565674,0.8664510846138,0.9479974508285522,0.956846296787262,0.9776877760887146,0.95082688331604,0.9084853529930115,0.967218279838562,0.9738258123397827,0.98615962266922,0.9544197916984558,0.9151060581207275,0.9693233966827393,0.9762367606163025,0.987220823764801,0.9532802104949951,0.9130906462669373,0.968563973903656,0.9766966700553894,0.9871563911437988,0.9464223384857178,0.9005067944526672,0.9684816002845764,0.976392388343811,0.9870646595954895
92,0.23331306874752045,0.05978936702013016,0.043573565781116486,0.04234744608402252,0.04427536949515343,0.04332731291651726,0.9305569529533386,0.8723500370979309,0.9525487422943115,0.9538276791572571,0.9779692888259888,0.9548513293266296,0.9160413146018982,0.9703884124755859,0.9725660085678101,0.9865821003913879,0.9586501717567444,0.9231148958206177,0.9726543426513672,0.9758081436157227,0.9878830313682556,0.9579415917396545,0.9218605756759644,0.9726216793060303,0.9761581420898438,0.9879596829414368,0.9504923820495605,0.9080832600593567,0.9722025990486145,0.9753602147102356,0.9876715540885925
93,0.24155651032924652,0.06122634932398796,0.045238107442855835,0.04438027739524841,0.0460786372423172,0.04463311284780502,0.9246106147766113,0.8621832132339478,0.9486696720123291,0.9546190500259399,0.9772942662239075,0.950017511844635,0.9073361754417419,0.9678493142127991,0.9726114273071289,0.9860120415687561,0.9541054964065552,0.9147869944572449,0.9699514508247375,0.9757348895072937,0.9872447848320007,0.953667402267456,0.914057731628418,0.9697649478912354,0.9762892723083496,0.9873348474502563,0.9455893635749817,0.8992942571640015,0.9694012403488159,0.9755980968475342,0.9870856404304504
94,0.24534286558628082,0.06297080963850021,0.04598715156316757,0.0444612056016922,0.04609965905547142,0.045824021100997925,0.9255883097648621,0.8632146716117859,0.9481939673423767,0.9558252692222595,0.9774827361106873,0.9510937333106995,0.9085268378257751,0.9682532548904419,0.9725358486175537,0.9860862493515015,0.9551769495010376,0.9160000681877136,0.9700807332992554,0.9755758047103882,0.9872363209724426,0.9540844559669495,0.9140113592147827,0.9693434238433838,0.9762130975723267,0.9872197508811951,0.9464753270149231,0.900148332118988,0.9693179726600647,0.9755166172981262,0.987047016620636
95,0.23437847197055817,0.05979890376329422,0.043586064130067825,0.04288123920559883,0.04473336413502693,0.043378911912441254,0.9319473505020142,0.8745061755180359,0.9505211114883423,0.9551200270652771,0.9778324961662292,0.9548721313476562,0.9156708717346191,0.9687868356704712,0.9739586710929871,0.98655104637146,0.9576900601387024,0.9208890199661255,0.970718502998352,0.9768100380897522,0.9876787662506104,0.9566755890846252,0.9190329313278198,0.9707663059234619,0.9769745469093323,0.9877291321754456,0.9502876996994019,0.9072951078414917,0.9703323841094971,0.9764777421951294,0.9875103831291199
96,0.2319234013557434,0.05939551815390587,0.04325738921761513,0.042415231466293335,0.04406975954771042,0.04278552159667015,0.9298531413078308,0.8706263899803162,0.9511255025863647,0.9553910493850708,0.9780346155166626,0.9551578164100647,0.9158651828765869,0.9697455167770386,0.9731943607330322,0.9865865707397461,0.9592154622077942,0.9233627915382385,0.9719902873039246,0.9763885736465454,0.9878699779510498,0.9592509865760803,0.9234674572944641,0.9718216061592102,0.9770126938819885,0.9879809021949768,0.950840175151825,0.9079884886741638,0.9714013338088989,0.9762908220291138,0.9877111911773682
97,0.23129229247570038,0.058753106743097305,0.042851999402046204,0.042538437992334366,0.04431993141770363,0.0428287610411644,0.9290454983711243,0.8688820004463196,0.9505105018615723,0.9562907814979553,0.9781169891357422,0.9531581401824951,0.9120596647262573,0.9685760736465454,0.9738600850105286,0.9864789843559265,0.9566726088523865,0.9185783863067627,0.9703469276428223,0.9768897891044617,0.9876124262809753,0.9551499485969543,0.9158175587654114,0.9700356125831604,0.9773772954940796,0.9876574873924255,0.9485029578208923,0.903590977191925,0.9699898958206177,0.9767670631408691,0.9875009655952454
98,0.2518060505390167,0.06402111798524857,0.046802766621112823,0.04612089321017265,0.04800603911280632,0.046855196356773376,0.9255188703536987,0.8635183572769165,0.9477524757385254,0.9543213248252869,0.9770156145095825,0.9513748288154602,0.9092884063720703,0.9677566289901733,0.9710612297058105,0.9856168031692505,0.9550853967666626,0.9160507917404175,0.9696125984191895,0.9734988212585449,0.9866295456886292,0.9540863633155823,0.9142295718193054,0.9686987400054932,0.9741734862327576,0.9865824580192566,0.946500837802887,0.9004685878753662,0.9687193036079407,0.9736714363098145,0.9864664673805237
99,0.23227588832378387,0.059475965797901154,0.04336388781666756,0.0424066036939621,0.04395008459687233,0.0430794283747673,0.9317134022712708,0.8741828799247742,0.951534628868103,0.9556708335876465,0.9781951308250427,0.9547958970069885,0.9156330823898315,0.969716489315033,0.9737046360969543,0.9867029190063477,0.9582961797714233,0.9220654368400574,0.9717362523078918,0.9769110679626465,0.9879369139671326,0.9577236175537109,0.9210408329963684,0.9717801213264465,0.9773455858230591,0.988051176071167,0.9506188035011292,0.9079772233963013,0.9714534282684326,0.9767985939979553,0.9878449440002441
100,0.23107443749904633,0.059250906109809875,0.0428861640393734,0.042436279356479645,0.04398698732256889,0.04251405969262123,0.932166576385498,0.8747342824935913,0.9500147700309753,0.9559597969055176,0.9779245853424072,0.9566012024879456,0.9186816811561584,0.9694127440452576,0.9736948609352112,0.9866309762001038,0.9592077732086182,0.9235551357269287,0.9712665677070618,0.9769626259803772,0.9878413081169128,0.9583824276924133,0.9220998883247375,0.9708353877067566,0.9778170585632324,0.987946629524231,0.9515766501426697,0.9095030426979065,0.9706645607948303,0.9767900109291077,0.9876615405082703
101,0.27716171741485596,0.06752157211303711,0.05059024691581726,0.05247678980231285,0.05640425905585289,0.05016900971531868,0.9185923933982849,0.8518781065940857,0.9426615238189697,0.9503205418586731,0.9748950600624084,0.9443899989128113,0.8975653052330017,0.9622693657875061,0.9680046439170837,0.9836264848709106,0.9471864700317383,0.9028077125549316,0.963756799697876,0.9691643714904785,0.9842456579208374,0.9452794194221497,0.8994555473327637,0.9625028371810913,0.9688093662261963,0.9838740825653076,0.9388637542724609,0.8876449465751648,0.9633291959762573,0.9703607559204102,0.9844367504119873
102,0.23533977568149567,0.06000811979174614,0.044044580310583115,0.043173059821128845,0.04441661015152931,0.04369738698005676,0.931438684463501,0.8731639981269836,0.9514007568359375,0.955078661441803,0.9780197143554688,0.9561040997505188,0.9174970984458923,0.9703048467636108,0.9732658863067627,0.9867318868637085,0.9596328139305115,0.9240365624427795,0.9720526933670044,0.9769279360771179,0.988013744354248,0.9585906267166138,0.9221467971801758,0.9714515805244446,0.9776073098182678,0.9880382418632507,0.9514361023902893,0.9089557528495789,0.9716217517852783,0.9765691757202148,0.9878286123275757
103,0.23150299489498138,0.05937045440077782,0.04310671240091324,0.042269814759492874,0.04379173368215561,0.042964257299900055,0.9271790981292725,0.8661616444587708,0.9497304558753967,0.9564567804336548,0.9779822826385498,0.9520244598388672,0.9104819893836975,0.9690802693367004,0.9739625453948975,0.9866191744804382,0.9555063247680664,0.916888952255249,0.9710112810134888,0.9769784808158875,0.9877864122390747,0.9543020129203796,0.9147892594337463,0.970564067363739,0.9778255820274353,0.9878862500190735,0.9472392201423645,0.901799738407135,0.9703454375267029,0.9769368171691895,0.9876233339309692
104,0.2299666553735733,0.058502908796072006,0.04288099333643913,0.04222140088677406,0.043786223977804184,0.04257509484887123,0.9325698614120483,0.8756455183029175,0.9528363943099976,0.9550137519836426,0.9783259034156799,0.9564797282218933,0.9187646508216858,0.9702364206314087,0.9738145470619202,0.9868484735488892,0.9598519802093506,0.9250558018684387,0.972358226776123,0.9768226742744446,0.9880586862564087,0.959436297416687,0.9243359565734863,0.971920371055603,0.9774451851844788,0.9881072640419006,0.9520761966705322,0.9107002019882202,0.9718894362449646,0.9768055081367493,0.9879468679428101
105,0.22564153373241425,0.05843207985162735,0.04177049919962883,0.04101001098752022,0.04286669194698334,0.04156230017542839,0.9292839169502258,0.8694153428077698,0.9496701955795288,0.9567044973373413,0.9780292510986328,0.9544326066970825,0.9143977165222168,0.9692661762237549,0.9738914966583252,0.9866446852684021,0.9581137895584106,0.9212294220924377,0.9710949063301086,0.9772670865058899,0.9878747463226318,0.9571722149848938,0.9195523858070374,0.9708607792854309,0.9778131246566772,0.9879515171051025,0.9497405290603638,0.9058626294136047,0.9704728722572327,0.977064847946167,0.9876832962036133
106,0.22914771735668182,0.05849645659327507,0.04268857091665268,0.04209345579147339,0.04351642355322838,0.0423528291285038,0.9319700002670288,0.8745297789573669,0.9517595767974854,0.9562240242958069,0.9783812761306763,0.9561720490455627,0.9181621670722961,0.9702194333076477,0.9743168950080872,0.9869655966758728,0.9594570994377136,0.9242943525314331,0.9725474715232849,0.9770345091819763,0.9881530404090881,0.9589018225669861,0.9233381748199463,0.9724729657173157,0.9774374961853027,0.9882325530052185,0.9516262412071228,0.9098442792892456,0.9721114039421082,0.9770247340202332,0.9880504608154297
107,0.22528642416000366,0.05827181041240692,0.04168745130300522,0.04095691069960594,0.04275217279791832,0.04161803051829338,0.93049156665802,0.8718255162239075,0.951382577419281,0.9552369713783264,0.9780545234680176,0.9556543827056885,0.9168308973312378,0.9703978300094604,0.9730127453804016,0.9866921305656433,0.9592920541763306,0.9235385656356812,0.9724275469779968,0.9764248132705688,0.9879791140556335,0.9585548043251038,0.9221829771995544,0.9719372987747192,0.9772485494613647,0.9880640506744385,0.9509625434875488,0.9082472324371338,0.9717310667037964,0.9762906432151794,0.9877868890762329
108,0.23013034462928772,0.05891891568899155,0.042605143040418625,0.04213487356901169,0.04389626905322075,0.042575106024742126,0.9292027950286865,0.8700183033943176,0.9506297707557678,0.9562840461730957,0.9781421422958374,0.9535707235336304,0.9136636257171631,0.9689621329307556,0.9745782017707825,0.9867401123046875,0.9569119811058044,0.9198731184005737,0.9706888198852539,0.9771791696548462,0.9877603054046631,0.9560267329216003,0.918300449848175,0.9703348278999329,0.9775612354278564,0.9877703189849854,0.9489142298698425,0.9051896333694458,0.9702766537666321,0.9771363139152527,0.9876552820205688
109,0.2306339591741562,0.05864815041422844,0.042761918157339096,0.04257126897573471,0.0442255400121212,0.042427077889442444,0.9317029714584351,0.8737454414367676,0.9517898559570312,0.954847514629364,0.9780502319335938,0.9559740424156189,0.9173983335494995,0.9703375697135925,0.9724875688552856,0.9865515232086182,0.9588862061500549,0.9228060841560364,0.9717559218406677,0.9754656553268433,0.9875943660736084,0.9585504531860352,0.9222080707550049,0.971386194229126,0.9763558506965637,0.9877232909202576,0.9512607455253601,0.908756673336029,0.9715333580970764,0.9757152795791626,0.9876033067703247
110,0.23158222436904907,0.059064656496047974,0.043093618005514145,0.04261346906423569,0.044133976101875305,0.04267645254731178,0.929618775844574,0.8701248168945312,0.9502679109573364,0.9561268091201782,0.9780223369598389,0.955039918422699,0.9156468510627747,0.9692943692207336,0.974128782749176,0.9867082238197327,0.9589081406593323,0.9227573275566101,0.9713807106018066,0.9769504070281982,0.98786461353302,0.9574617743492126,0.920097291469574,0.9708041548728943,0.9774925708770752,0.9878618717193604,0.9502385854721069,0.9068480134010315,0.9705785512924194,0.9768335223197937,0.9876522421836853
111,0.21976123750209808,0.056764867156744,0.04060851037502289,0.04011625051498413,0.04185493290424347,0.04041670262813568,0.9316677451133728,0.8735047578811646,0.9517368674278259,0.9563688039779663,0.9784116744995117,0.9565191268920898,0.9182302355766296,0.9704080820083618,0.9747236371040344,0.9871066808700562,0.9598650932312012,0.9244445562362671,0.9722912907600403,0.9779117703437805,0.9883043766021729,0.9591115713119507,0.9230994582176208,0.9722691774368286,0.9783012866973877,0.9883924722671509,0.9517810344696045,0.9095451235771179,0.9720224142074585,0.9777494072914124,0.9882035851478577
112,0.2255026400089264,0.05827305093407631,0.04177885130047798,0.04124850779771805,0.04283592104911804,0.04136627912521362,0.9298131465911865,0.8712794780731201,0.9508284330368042,0.9560115337371826,0.9781200289726257,0.9550147652626038,0.9164403080940247,0.9702906012535095,0.974502444267273,0.9870265126228333,0.9585731029510498,0.9229715466499329,0.9722034931182861,0.9775061011314392,0.9881870150566101,0.9580009579658508,0.9219280481338501,0.9718552231788635,0.9779947400093079,0.9882238507270813,0.9503355026245117,0.9078627824783325,0.9716499447822571,0.9774911403656006,0.9880560636520386
113,0.22662204504013062,0.05785248801112175,0.042056649923324585,0.04179488122463226,0.04352634772658348,0.04139164835214615,0.9317213296890259,0.8740247488021851,0.9516242146492004,0.955166220664978,0.9780913591384888,0.9568278789520264,0.919177770614624,0.9700123071670532,0.9738832712173462,0.9868137240409851,0.9598104953765869,0.92473965883255,0.9720432758331299,0.9765802621841431,0.9879281520843506,0.9597273468971252,0.9244995713233948,0.9719984531402588,0.9768755435943604,0.9879887104034424,0.9520035982131958,0.9103205800056458,0.971564531326294,0.9764732718467712,0.9877924919128418
114,0.22161144018173218,0.05669837072491646,0.04132350906729698,0.04070722684264183,0.04224492982029915,0.04063740000128746,0.9336332678794861,0.8773030638694763,0.9512369632720947,0.9568096995353699,0.9784072637557983,0.9579157829284668,0.9211556315422058,0.9702306389808655,0.974755585193634,0.9870736598968506,0.9611920714378357,0.9272774457931519,0.9724305868148804,0.9778808951377869,0.9883289933204651,0.9603513479232788,0.9257633090019226,0.9720723628997803,0.978554368019104,0.9884076714515686,0.9532695412635803,0.9126245379447937,0.9719106554985046,0.9777710437774658,0.9881830811500549
115,0.22386175394058228,0.05721417814493179,0.0411556139588356,0.041287701576948166,0.04307311400771141,0.04113119840621948,0.9310060739517212,0.8725724220275879,0.9522659182548523,0.9560666084289551,0.978456437587738,0.9559357762336731,0.9173595905303955,0.9705168008804321,0.9744448661804199,0.9870645403862,0.9586508870124817,0.9224832057952881,0.9718361496925354,0.9768045544624329,0.9879343509674072,0.9576137661933899,0.9206153154373169,0.9715218544006348,0.9770833849906921,0.9879289269447327,0.9507859945297241,0.9079790115356445,0.9716790318489075,0.9769454002380371,0.987932026386261
116,0.22882062196731567,0.05860764905810356,0.04250922426581383,0.041899424046278,0.04367007315158844,0.04213426634669304,0.9286310076713562,0.8686646223068237,0.9508151412010193,0.9562508463859558,0.9781756401062012,0.9537971615791321,0.9136737585067749,0.9701655507087708,0.9730821251869202,0.9866557121276855,0.9578920006752014,0.921208918094635,0.9717404842376709,0.9761896133422852,0.9877647757530212,0.9571537375450134,0.919849693775177,0.9712381362915039,0.9766814708709717,0.9877673983573914,0.9493499398231506,0.9055368900299072,0.9713119864463806,0.9761775732040405,0.9876635074615479
117,0.22251209616661072,0.05765366181731224,0.04117053002119064,0.04065470024943352,0.042084284126758575,0.04094887152314186,0.9330257773399353,0.8763761520385742,0.9521135687828064,0.955694854259491,0.9783310294151306,0.957361102104187,0.9202870726585388,0.9713931679725647,0.9736385941505432,0.9870710968971252,0.9602413177490234,0.9256852865219116,0.9734259247779846,0.976927638053894,0.9883293509483337,0.9589301943778992,0.9232858419418335,0.9728442430496216,0.9777398109436035,0.9883903861045837,0.9523875117301941,0.9111716747283936,0.9727436900138855,0.9766762852668762,0.988112211227417
118,0.23076504468917847,0.05869501456618309,0.042697228491306305,0.042719583958387375,0.04443095251917839,0.0422222800552845,0.9301841855049133,0.8712642788887024,0.9492759108543396,0.9562008380889893,0.9778175950050354,0.9543256759643555,0.9147177934646606,0.9684664607048035,0.9745118021965027,0.986610472202301,0.9577543139457703,0.9211451411247253,0.9704910516738892,0.9771460294723511,0.9877068996429443,0.956997811794281,0.9197758436203003,0.9702779054641724,0.9774066805839539,0.987720251083374,0.9498153924942017,0.9064745903015137,0.9699641466140747,0.9770772457122803,0.987569272518158
119,0.22010329365730286,0.057754356414079666,0.04053390026092529,0.039761561900377274,0.0418478362262249,0.040205709636211395,0.9280301332473755,0.8676915168762207,0.9508063197135925,0.9553854465484619,0.9779615998268127,0.9541143774986267,0.9142236709594727,0.9710709452629089,0.9731525778770447,0.9868800044059753,0.9589134454727173,0.9230169057846069,0.9727485179901123,0.9769746661186218,0.988184928894043,0.9586758017539978,0.9226038455963135,0.9723942279815674,0.9776985049247742,0.9882769584655762,0.9498978853225708,0.906502902507782,0.9721798896789551,0.9767736196517944,0.9880059361457825
120,0.22519581019878387,0.057957377284765244,0.04193206503987312,0.04140433669090271,0.04262195900082588,0.04127999767661095,0.9325889348983765,0.8751750588417053,0.9520496726036072,0.9553301930427551,0.9782271385192871,0.9581539630889893,0.9212896823883057,0.9711090922355652,0.9736884236335754,0.9870180487632751,0.9614667296409607,0.9274977445602417,0.9730837345123291,0.9768446087837219,0.9882307648658752,0.9613650441169739,0.927355170249939,0.9732369780540466,0.9772539138793945,0.9883642196655273,0.9533857703208923,0.9125403165817261,0.9726961851119995,0.9765947461128235,0.988081693649292
121,0.21700376272201538,0.05603080987930298,0.0398944690823555,0.03978606313467026,0.04154298081994057,0.039749398827552795,0.9309608936309814,0.8725708723068237,0.9520921111106873,0.9566124677658081,0.9785512089729309,0.955557644367218,0.9168531894683838,0.970564067363739,0.975007176399231,0.9872106313705444,0.9586998224258423,0.9227505922317505,0.9720369577407837,0.9780657887458801,0.9882826805114746,0.9581524133682251,0.9218034148216248,0.9719094634056091,0.9784088730812073,0.988335371017456,0.9508349895477295,0.9082267880439758,0.9718161821365356,0.977853536605835,0.9881810545921326
122,0.21030156314373016,0.054883021861314774,0.03875308111310005,0.0382770374417305,0.040006861090660095,0.03838159516453743,0.935219407081604,0.8799087405204773,0.9533327221870422,0.9567124247550964,0.9788545966148376,0.9590013027191162,0.9229518175125122,0.9715863466262817,0.9753431677818298,0.987525999546051,0.9617087841033936,0.9280581474304199,0.9735967516899109,0.9786515831947327,0.9887819886207581,0.9611289501190186,0.9270215034484863,0.9734213948249817,0.9791461825370789,0.9888599514961243,0.954261302947998,0.9142500758171082,0.9732164144515991,0.9784345626831055,0.9886424541473389
123,0.22728314995765686,0.06010618060827255,0.04171786084771156,0.04091896861791611,0.042737118899822235,0.041803028434515,0.9272039532661438,0.8657827377319336,0.949103593826294,0.9551520347595215,0.9775222539901733,0.9549062848091125,0.9151965975761414,0.9706061482429504,0.9725032448768616,0.9866167306900024,0.9589452147483826,0.9225977063179016,0.9724944829940796,0.9756168723106384,0.9878003001213074,0.9581730961799622,0.9211311936378479,0.9718361496925354,0.97642982006073,0.9878444671630859,0.949789822101593,0.9058189988136292,0.9718228578567505,0.975714921951294,0.9876697063446045
124,0.21822591125965118,0.05637810751795769,0.04049794375896454,0.03983162343502045,0.04139434173703194,0.040123920887708664,0.9362559914588928,0.8819551467895508,0.9515809416770935,0.9575249552726746,0.9786595106124878,0.9599123597145081,0.9248919486999512,0.9699720144271851,0.9761990308761597,0.9873607754707336,0.9629415273666382,0.9305849671363831,0.9717795252799988,0.979667067527771,0.988605797290802,0.9622555375099182,0.9293386936187744,0.9715833067893982,0.980215847492218,0.9886913299560547,0.9553346037864685,0.9164560437202454,0.9715142846107483,0.9794902205467224,0.9885025024414062
125,0.23279568552970886,0.06034842133522034,0.042947448790073395,0.042570244520902634,0.04400598630309105,0.04292360320687294,0.9235748648643494,0.8602161407470703,0.9509952664375305,0.9542486667633057,0.9777247905731201,0.9506492018699646,0.9083789587020874,0.9702351689338684,0.9718054533004761,0.9863632321357727,0.9550409317016602,0.9164276123046875,0.9722461700439453,0.9747844338417053,0.9875429272651672,0.9551979899406433,0.916745126247406,0.971954882144928,0.9755091071128845,0.9876505136489868,0.946097731590271,0.9000884294509888,0.9717513918876648,0.9749534130096436,0.9874700903892517
126,0.23246239125728607,0.06053198128938675,0.04324059188365936,0.04220928996801376,0.04378495365381241,0.042695607990026474,0.9339718222618103,0.8777356743812561,0.9515675902366638,0.9555261731147766,0.9781669974327087,0.9564539790153503,0.9182856678962708,0.9697709679603577,0.9737501740455627,0.9867263436317444,0.9591579437255859,0.9233445525169373,0.9716011881828308,0.9767404794692993,0.9878649711608887,0.9577716588973999,0.9208188056945801,0.9712968468666077,0.9767863154411316,0.9878060221672058,0.9518340826034546,0.9098350405693054,0.9712129831314087,0.9764227867126465,0.987699568271637
127,0.22702011466026306,0.05996906757354736,0.04156257584691048,0.04091229289770126,0.042823389172554016,0.041752785444259644,0.9303243160247803,0.8715074062347412,0.9492680430412292,0.9559392333030701,0.9777518510818481,0.956813395023346,0.9190282225608826,0.9699141979217529,0.9742699265480042,0.9868842959403992,0.9603987336158752,0.9257239699363708,0.9717598557472229,0.9769996404647827,0.9879636168479919,0.959923267364502,0.924883246421814,0.9712950587272644,0.9771630167961121,0.9878958463668823,0.9518467783927917,0.9099597334861755,0.9709937572479248,0.9767742156982422,0.9877334237098694
128,0.21467708051204681,0.05556226894259453,0.039203159511089325,0.03917590156197548,0.04139695316553116,0.03933881223201752,0.9324657320976257,0.8749985098838806,0.9522746801376343,0.9566404819488525,0.9785991311073303,0.9566123485565186,0.918492317199707,0.9714709520339966,0.9741077423095703,0.9872021079063416,0.9594478011131287,0.9238324165344238,0.9724330306053162,0.977454423904419,0.9882274270057678,0.9580714106559753,0.9213070869445801,0.9715527296066284,0.9781866073608398,0.9882001280784607,0.9516412615776062,0.909410834312439,0.9722486138343811,0.9774404168128967,0.9881816506385803
129,0.2049650400876999,0.05370586737990379,0.03712350130081177,0.03697378933429718,0.03951309621334076,0.03764883056282997,0.9334630370140076,0.876748263835907,0.9533966183662415,0.9562232494354248,0.9787489175796509,0.957130491733551,0.9193909764289856,0.9722855687141418,0.9737666845321655,0.9873064756393433,0.9598026275634766,0.9243640303611755,0.97403883934021,0.9760779738426208,0.9882659316062927,0.958408534526825,0.921803891658783,0.9736775755882263,0.9759247303009033,0.9881460666656494,0.9522057175636292,0.9103685617446899,0.9737160205841064,0.9764508008956909,0.9882814884185791
130,0.21635136008262634,0.05563558638095856,0.03952769562602043,0.03967989981174469,0.0418793149292469,0.03962883725762367,0.932510256767273,0.8749333024024963,0.9530829191207886,0.9559353590011597,0.9786077737808228,0.9575275182723999,0.9200127720832825,0.9714109897613525,0.9738341569900513,0.9871223568916321,0.960439145565033,0.9254904985427856,0.9727515578269958,0.9765479564666748,0.9880831837654114,0.9596121907234192,0.9239889979362488,0.9719842672348022,0.9773755073547363,0.988105297088623,0.9525092244148254,0.9108280539512634,0.9724917411804199,0.9766555428504944,0.988049328327179
131,0.21830371022224426,0.05603260546922684,0.03993210569024086,0.040080007165670395,0.042448416352272034,0.03981059417128563,0.9319553971290588,0.8742406964302063,0.950811505317688,0.9561910033226013,0.9781602025032043,0.9564313888549805,0.9183555841445923,0.9699999094009399,0.9738728404045105,0.9868083596229553,0.9591310620307922,0.9234279990196228,0.9714979529380798,0.9767374992370605,0.9878405332565308,0.957941472530365,0.9213023781776428,0.970826268196106,0.9770914912223816,0.9877709150314331,0.9513570666313171,0.9090787172317505,0.97110515832901,0.976794958114624,0.9877640008926392
132,0.21432624757289886,0.05453874543309212,0.03923916071653366,0.0395156592130661,0.042049478739500046,0.03898318484425545,0.9357479214668274,0.8815270066261292,0.9531385898590088,0.9557145833969116,0.97856605052948,0.958858072757721,0.9234673380851746,0.9714488983154297,0.9732410311698914,0.9869878888130188,0.9609492421150208,0.927526593208313,0.9728932976722717,0.975922703742981,0.98796546459198,0.9603766202926636,0.926552951335907,0.9722334742546082,0.9765758514404297,0.987970769405365,0.9539815783500671,0.9145565629005432,0.9728333353996277,0.9761884212493896,0.9880155920982361
133,0.20672845840454102,0.0539066456258297,0.037807539105415344,0.03747622296214104,0.039687398821115494,0.037850670516490936,0.9317556619644165,0.8738842010498047,0.9517641067504883,0.9576126933097839,0.9787222146987915,0.9559394717216492,0.9175450205802917,0.9705401062965393,0.9758577346801758,0.9874094128608704,0.9589492082595825,0.9231544733047485,0.9722816348075867,0.9791509509086609,0.9885984063148499,0.9566810131072998,0.9190460443496704,0.9714491963386536,0.9800736308097839,0.9886264801025391,0.9508194923400879,0.9081480503082275,0.9718643426895142,0.9791882038116455,0.9885111451148987
134,0.20387478172779083,0.05335753411054611,0.03712250292301178,0.03688774257898331,0.039300329983234406,0.037206683307886124,0.9366025924682617,0.8819405436515808,0.954985499382019,0.9557750225067139,0.9789956212043762,0.9611912369728088,0.9266467690467834,0.9731152653694153,0.9742977619171143,0.9876248240470886,0.9629367589950562,0.9300369024276733,0.9753109812736511,0.976340115070343,0.9886212944984436,0.9625679850578308,0.9293817281723022,0.974899411201477,0.9764692187309265,0.9885578155517578,0.9558264017105103,0.9167719483375549,0.9750420451164246,0.9766316413879395,0.9886296987533569
135,0.2040087729692459,0.053702462464571,0.036988962441682816,0.03685995563864708,0.039055515080690384,0.03740183636546135,0.9334401488304138,0.8761613368988037,0.9530804753303528,0.9578681588172913,0.9790809154510498,0.9584190845489502,0.9211915731430054,0.972019374370575,0.9750291705131531,0.9875498414039612,0.961093008518219,0.9261991381645203,0.9721862077713013,0.9780634641647339,0.9883164763450623,0.9590912461280823,0.9225492477416992,0.9711569547653198,0.9788481593132019,0.9882670044898987,0.9529966711997986,0.9112553000450134,0.9723461270332336,0.9782883524894714,0.9884070754051208
136,0.2103826403617859,0.05523936450481415,0.03845873475074768,0.03829948604106903,0.03995470330119133,0.03843038156628609,0.9345022439956665,0.8786738514900208,0.9519842863082886,0.9574033617973328,0.9787205457687378,0.9597969651222229,0.9244754910469055,0.9717904329299927,0.9752305746078491,0.9875457882881165,0.9625843167304993,0.929757833480835,0.9733656644821167,0.9782469272613525,0.9886319041252136,0.9615293741226196,0.9278608560562134,0.9730998277664185,0.9788591265678406,0.9887171983718872,0.9546002745628357,0.9149317741394043,0.9730101823806763,0.9782602787017822,0.9885532855987549
137,0.1981414258480072,0.052884530276060104,0.03597680851817131,0.03549264371395111,0.03746362775564194,0.03632376343011856,0.9341362714767456,0.8777488470077515,0.9547014236450195,0.956680953502655,0.9791545867919922,0.9581982493400574,0.9212543964385986,0.9729920029640198,0.9749339818954468,0.9877500534057617,0.9611831903457642,0.9269187450408936,0.9746038913726807,0.9778022766113281,0.9888103008270264,0.960254430770874,0.9252456426620483,0.9741511940956116,0.9782929420471191,0.9888237714767456,0.9534457325935364,0.9125572443008423,0.9744119048118591,0.9778211712837219,0.9887706637382507
138,0.21587271988391876,0.05653226748108864,0.0395042710006237,0.039303991943597794,0.041016314178705215,0.03951582685112953,0.931294322013855,0.8732994794845581,0.9523131251335144,0.9566346406936646,0.9786063432693481,0.9577639102935791,0.9209597706794739,0.9714367389678955,0.9742006063461304,0.9872166514396667,0.9607884287834167,0.9266312718391418,0.9733914136886597,0.9767000675201416,0.9882667660713196,0.9599639177322388,0.9251955151557922,0.9727485179901123,0.9774413704872131,0.9882968664169312,0.9524453282356262,0.9112251400947571,0.9728748202323914,0.9770162105560303,0.9882239103317261
139,0.2020832598209381,0.053334638476371765,0.03661924973130226,0.03645730018615723,0.038782961666584015,0.03688906133174896,0.9363794326782227,0.881605863571167,0.9534947276115417,0.9564273953437805,0.9788210988044739,0.9603381752967834,0.9250997304916382,0.9723355174064636,0.9743885397911072,0.9874679446220398,0.9623623490333557,0.9289799332618713,0.9734665155410767,0.977588415145874,0.9884973168373108,0.9613119959831238,0.9271431565284729,0.9729008674621582,0.9783239960670471,0.9885433316230774,0.9550951719284058,0.9154796004295349,0.9733684062957764,0.9775564670562744,0.9884670376777649
140,0.2313188910484314,0.061709605157375336,0.043619800359010696,0.04120158404111862,0.04202302545309067,0.04276488348841667,0.926081657409668,0.8644996285438538,0.9486439228057861,0.9538566470146179,0.9771015048027039,0.9528816938400269,0.9122991561889648,0.9693270325660706,0.9721829295158386,0.9862467646598816,0.9575800895690918,0.920759916305542,0.9713613390922546,0.9758390188217163,0.9875935316085815,0.956273078918457,0.9183003902435303,0.9696325659751892,0.9781996607780457,0.9877611398696899,0.9481869339942932,0.9036276936531067,0.9704904556274414,0.976127564907074,0.9874627590179443
141,0.22380727529525757,0.056822169572114944,0.04094855487346649,0.041411224752664566,0.043820012360811234,0.040805310010910034,0.9358965158462524,0.8814823031425476,0.9515100717544556,0.955239474773407,0.9780837297439575,0.95995032787323,0.9251611232757568,0.9712441563606262,0.9735442399978638,0.9870141744613647,0.9617741703987122,0.928691029548645,0.972678005695343,0.9760355353355408,0.9879431128501892,0.9608825445175171,0.9271355271339417,0.9720266461372375,0.9761937856674194,0.9878315329551697,0.954630970954895,0.9154052138328552,0.9725550413131714,0.9760221838951111,0.9879117012023926
142,0.20633234083652496,0.053842660039663315,0.03704901039600372,0.037589725106954575,0.04018751531839371,0.03766343742609024,0.9327447414398193,0.875502347946167,0.9531903862953186,0.956632673740387,0.9788030385971069,0.95660400390625,0.918452262878418,0.9711927175521851,0.9746066927909851,0.9872584939002991,0.9586048722267151,0.9222601652145386,0.9715366959571838,0.9769793152809143,0.9879074096679688,0.95811927318573,0.9214797616004944,0.970338761806488,0.9775389432907104,0.9877658486366272,0.9515044093132019,0.90916508436203,0.9717274308204651,0.9773253202438354,0.988034188747406
143,0.20597954094409943,0.05372767150402069,0.03737226873636246,0.03753895312547684,0.03972907364368439,0.03761155530810356,0.9353159070014954,0.8799424171447754,0.9537290930747986,0.9566680192947388,0.978932797908783,0.9599719047546387,0.9247030019760132,0.972748875617981,0.9744402170181274,0.9875752329826355,0.9624367356300354,0.929389238357544,0.9744855165481567,0.9767380952835083,0.9885273575782776,0.9613971710205078,0.9275282621383667,0.9741611480712891,0.9771087765693665,0.9885419607162476,0.954782247543335,0.9151544570922852,0.9741296768188477,0.9770044684410095,0.9885096549987793
144,0.1997307986021042,0.052818842232227325,0.03590400516986847,0.03620893508195877,0.03843972086906433,0.03635930269956589,0.9349285960197449,0.8789159655570984,0.9526196122169495,0.9577602744102478,0.9789507985115051,0.9587489366531372,0.921980082988739,0.9715070128440857,0.9757075309753418,0.9875953793525696,0.9611616134643555,0.9265872836112976,0.9722289443016052,0.9785628318786621,0.9884457588195801,0.9598663449287415,0.9242044687271118,0.9714007377624512,0.9791972637176514,0.9884064793586731,0.9536667466163635,0.9126812815666199,0.9720802307128906,0.9786124229431152,0.9884233474731445
145,0.20312108099460602,0.05337992683053017,0.03675795719027519,0.03694172948598862,0.03911899775266647,0.03692249208688736,0.9333764910697937,0.876478910446167,0.9529405832290649,0.956469714641571,0.978706955909729,0.9589430093765259,0.92264723777771,0.9727509617805481,0.9739867448806763,0.9874662756919861,0.9616001844406128,0.9276726245880127,0.9743922352790833,0.9762217998504639,0.9883817434310913,0.9603951573371887,0.925495982170105,0.9733750820159912,0.9768593907356262,0.9883012771606445,0.9535730481147766,0.912804365158081,0.9740106463432312,0.9765716195106506,0.9883782267570496
146,0.1905924677848816,0.05189979076385498,0.03436753526329994,0.03382321074604988,0.03571949526667595,0.03478243574500084,0.9378361701965332,0.8839350342750549,0.9542890191078186,0.9572619199752808,0.9792044162750244,0.9622548222541809,0.9283411502838135,0.9730253219604492,0.976438045501709,0.9881196618080139,0.9643219113349915,0.9322742819786072,0.9743922352790833,0.979229748249054,0.9891036748886108,0.9636648893356323,0.9311078786849976,0.9739701151847839,0.9796563386917114,0.9891083836555481,0.957014799118042,0.9186750054359436,0.9742153882980347,0.9793142676353455,0.9890831112861633
147,0.1956038624048233,0.052679531276226044,0.03543190285563469,0.03506135195493698,0.03682304546236992,0.035608042031526566,0.9367532730102539,0.8820902109146118,0.9543538093566895,0.9563584327697754,0.9789972305297852,0.9612910747528076,0.9266351461410522,0.9738892316818237,0.9743837714195251,0.9878230690956116,0.9641212821006775,0.9319746494293213,0.9754562973976135,0.9771947860717773,0.9888604283332825,0.9632447957992554,0.9303684234619141,0.9748836755752563,0.9779599905014038,0.9889125823974609,0.9563513994216919,0.917524516582489,0.9751516580581665,0.9773212671279907,0.9888207912445068
148,0.1918209046125412,0.05198036506772041,0.03464585915207863,0.0340677835047245,0.03610634431242943,0.03502059727907181,0.9353165626525879,0.8798792362213135,0.9545881748199463,0.9572384357452393,0.9792659282684326,0.9593870639801025,0.9235127568244934,0.973474383354187,0.9744023680686951,0.9877324104309082,0.9613835215568542,0.9273573160171509,0.9744667410850525,0.9776697158813477,0.9887469410896301,0.9598923325538635,0.9245503544807434,0.9731706976890564,0.978200376033783,0.9885758757591248,0.9539827108383179,0.9135770797729492,0.9744494557380676,0.9777177572250366,0.9887545108795166
149,0.22450591623783112,0.05862290784716606,0.041553299874067307,0.040912605822086334,0.04289096221327782,0.040526144206523895,0.9293656349182129,0.8701401948928833,0.9486172795295715,0.9555749893188477,0.9775165915489197,0.9552016854286194,0.9166414737701416,0.9673509001731873,0.9743306636810303,0.9863111972808838,0.9586666226387024,0.9231984615325928,0.9698721170425415,0.9765478372573853,0.9874213933944702,0.9568973183631897,0.9200582504272461,0.9684443473815918,0.977726399898529,0.9873747825622559,0.9500265121459961,0.9072000980377197,0.9688718914985657,0.9768595695495605,0.9872661232948303
