,loss,side_6_loss,side_7_loss,side_8_loss,activation_206_loss,add_59_loss,side_6_dice_coef,side_6_jacard,side_6_recall_2,side_6_precision_2,side_6_accuracy,side_7_dice_coef,side_7_jacard,side_7_recall_2,side_7_precision_2,side_7_accuracy,side_8_dice_coef,side_8_jacard,side_8_recall_2,side_8_precision_2,side_8_accuracy,activation_206_dice_coef,activation_206_jacard,activation_206_recall_2,activation_206_precision_2,activation_206_accuracy,add_59_dice_coef,add_59_jacard,add_59_recall_2,add_59_precision_2,add_59_accuracy
0,3.4393086433410645,0.5134215950965881,0.5200631618499756,0.5641836524009705,1.221395492553711,0.6202453374862671,0.3237172067165375,0.19548282027244568,0.011434749700129032,0.974911093711853,0.7256752252578735,0.31444865465164185,0.18858471512794495,0.0,0.0,0.7225841283798218,0.33830195665359497,0.20657670497894287,0.10540349036455154,0.3150397837162018,0.6882503628730774,0.36446505784988403,0.22933480143547058,1.0,0.27741533517837524,0.27741533517837524,0.34322845935821533,0.21068091690540314,0.1355467289686203,0.28387176990509033,0.6653262972831726
1,2.5559284687042236,0.3562895655632019,0.430309534072876,0.44548264145851135,0.8538328409194946,0.4700135290622711,0.5445271730422974,0.38202205300331116,0.5806031227111816,0.8011394739151001,0.8436721563339233,0.39730238914489746,0.25134819746017456,0.17202819883823395,0.8598623275756836,0.7625301480293274,0.3858047127723694,0.24193699657917023,0.13602113723754883,0.9472365379333496,0.7582170963287354,0.34964123368263245,0.21790282428264618,0.9996901750564575,0.2793614864349365,0.2845175564289093,0.40611371397972107,0.259192556142807,0.47247377038002014,0.8747998476028442,0.8348973393440247
2,2.023338794708252,0.2919410169124603,0.3511417508125305,0.3910365700721741,0.601394534111023,0.3878251016139984,0.6503927111625671,0.48994356393814087,0.701224684715271,0.8539692163467407,0.8838499784469604,0.5180311799049377,0.3547266721725464,0.5548028945922852,0.8693338632583618,0.8533617854118347,0.4725664258003235,0.3140774369239807,0.47738054394721985,0.8608354926109314,0.8336079716682434,0.3471013903617859,0.2138546258211136,0.15477730333805084,0.4197697937488556,0.7061713933944702,0.47266167402267456,0.3134928047657013,0.5788911581039429,0.9068647623062134,0.8666849732398987
3,1.826462984085083,0.2846781611442566,0.3250175714492798,0.3701850473880768,0.49849382042884827,0.34808799624443054,0.6934313774108887,0.5403980016708374,0.736406683921814,0.8434043526649475,0.8889443874359131,0.5899447202682495,0.4261398911476135,0.6673966646194458,0.8327012062072754,0.8705328702926636,0.5304273366928101,0.3685911297798157,0.5897671580314636,0.7978397607803345,0.844738781452179,0.34522557258605957,0.21155066788196564,0.0017509418539702892,0.045391350984573364,0.7128550410270691,0.5192886590957642,0.35534822940826416,0.6322526931762695,0.8985395431518555,0.8781759738922119
4,1.6371389627456665,0.23047848045825958,0.27635470032691956,0.3449747860431671,0.4722919464111328,0.3130391240119934,0.7376775741577148,0.5913217067718506,0.8014968037605286,0.8839373588562012,0.915737509727478,0.6459433436393738,0.48457735776901245,0.7221003174781799,0.8748422265052795,0.8942477107048035,0.5668359398841858,0.40429210662841797,0.5928986668586731,0.8257232904434204,0.8523489832878113,0.34902268648147583,0.21411600708961487,0.0010633992496877909,0.05565150827169418,0.717873752117157,0.5564053058624268,0.390211284160614,0.6560352444648743,0.9453375935554504,0.8940554261207581
5,1.5849275588989258,0.2219657599925995,0.2642400860786438,0.34313371777534485,0.4560644030570984,0.2995236814022064,0.7657617330551147,0.6304882168769836,0.7976750135421753,0.879365086555481,0.9135148525238037,0.691447377204895,0.5391318798065186,0.7727071046829224,0.840172529220581,0.8961672186851501,0.5979142785072327,0.4377869665622711,0.6782598495483398,0.7624222636222839,0.8521120548248291,0.36896175146102905,0.22882501780986786,0.0012031994992867112,0.0665382370352745,0.7182357907295227,0.5833891034126282,0.4176722466945648,0.7073131203651428,0.9067433476448059,0.8986234068870544
6,1.5600924491882324,0.2365752011537552,0.2612953782081604,0.3287120461463928,0.43871307373046875,0.29479658603668213,0.7569785714149475,0.6179143786430359,0.7915632128715515,0.8731673955917358,0.9102794528007507,0.698553740978241,0.545183539390564,0.7749008536338806,0.8645058870315552,0.9038618803024292,0.6043976545333862,0.44352298974990845,0.6379473805427551,0.8233903646469116,0.8616012334823608,0.38317248225212097,0.239728182554245,0.009736978448927402,0.4237244129180908,0.7216121554374695,0.5892972350120544,0.4228140711784363,0.6856298446655273,0.9159489274024963,0.8953350186347961
7,1.4819731712341309,0.21574540436267853,0.24589386582374573,0.3225843906402588,0.4167572557926178,0.280992716550827,0.7755621671676636,0.641289472579956,0.8133445382118225,0.8791902661323547,0.9172144532203674,0.7213624715805054,0.5734476447105408,0.7928947806358337,0.863018274307251,0.9076327085494995,0.6279537677764893,0.4698494076728821,0.6888507604598999,0.7955952882766724,0.8645855188369751,0.41828346252441406,0.26745036244392395,0.21748851239681244,0.9185735583305359,0.7775709629058838,0.6142843961715698,0.44942349195480347,0.7411832809448242,0.9072031378746033,0.9071680903434753
8,1.39677095413208,0.20954743027687073,0.22549238801002502,0.2968021035194397,0.3962482810020447,0.26868075132369995,0.7748746871948242,0.6430691480636597,0.8152880072593689,0.8929351568222046,0.9216393828392029,0.7399749755859375,0.5985897183418274,0.8153998255729675,0.8867129683494568,0.9198890924453735,0.63931804895401,0.48161688446998596,0.6992051601409912,0.8261518478393555,0.8757374882698059,0.4368702471256256,0.28371360898017883,0.3832820951938629,0.9406000375747681,0.822198212146759,0.6245065927505493,0.4614807069301605,0.7542631030082703,0.9229108691215515,0.9143510460853577
9,1.3815728425979614,0.2166261374950409,0.22946453094482422,0.29083865880966187,0.37975144386291504,0.26489195227622986,0.7782147526741028,0.6444268226623535,0.8049753308296204,0.8819776773452759,0.9160144925117493,0.7482030987739563,0.6068055033683777,0.802060604095459,0.8760340213775635,0.9136024713516235,0.6539998650550842,0.49772244691848755,0.7080263495445251,0.8363635540008545,0.880572497844696,0.464794784784317,0.30704063177108765,0.4835537374019623,0.9119570255279541,0.8437791466712952,0.6389082670211792,0.47583460807800293,0.7564517855644226,0.9088725447654724,0.9113953709602356
10,1.299803376197815,0.20159032940864563,0.21537189185619354,0.27530521154403687,0.35872912406921387,0.24880678951740265,0.8005067110061646,0.675276517868042,0.8274896144866943,0.896437406539917,0.925622820854187,0.7768412828445435,0.6444938778877258,0.827441930770874,0.8922066688537598,0.9243968725204468,0.6846978068351746,0.5316845178604126,0.7527803182601929,0.8474060297012329,0.8938125371932983,0.5005929470062256,0.3383651375770569,0.5750862956047058,0.8896414637565613,0.8623320460319519,0.6683339476585388,0.50868821144104,0.7866037487983704,0.9150717258453369,0.9205478429794312
11,1.1980119943618774,0.18359363079071045,0.19556689262390137,0.2500290274620056,0.3368947207927704,0.23192813992500305,0.8107258677482605,0.6892694234848022,0.8386387825012207,0.906511127948761,0.9312425255775452,0.7969397902488708,0.6716894507408142,0.8411863446235657,0.9034773707389832,0.931011974811554,0.7090796828269958,0.5604013204574585,0.7808426022529602,0.8660039305686951,0.905685305595398,0.5376221537590027,0.37283021211624146,0.6433523893356323,0.8781087398529053,0.8762860894203186,0.6910414099693298,0.5350536108016968,0.8139239549636841,0.9222676753997803,0.9293487668037415
12,1.221968412399292,0.20584650337696075,0.21197016537189484,0.2466472089290619,0.3218662142753601,0.23563842475414276,0.7948316335678101,0.6687591075897217,0.8147604465484619,0.8968040347099304,0.9226025938987732,0.7863215208053589,0.6578683853149414,0.8215703368186951,0.9009863138198853,0.9254540801048279,0.7190899848937988,0.5734924077987671,0.7878711223602295,0.8791809678077698,0.9111161828041077,0.5611056089401245,0.39692452549934387,0.6755949258804321,0.8827574849128723,0.885113000869751,0.6955159902572632,0.5414111614227295,0.7944811582565308,0.9151045680046082,0.9225389957427979
13,1.16766357421875,0.19514188170433044,0.20466439425945282,0.2386540174484253,0.30421754717826843,0.2249857485294342,0.8042446970939636,0.6808027625083923,0.8335500359535217,0.9029302000999451,0.9289647340774536,0.799620509147644,0.6751550436019897,0.837466299533844,0.9050867557525635,0.9305474758148193,0.7424527406692505,0.6000039577484131,0.8245111703872681,0.8861536979675293,0.9219309687614441,0.5970591902732849,0.43180403113365173,0.7391298413276672,0.8706441521644592,0.8971659541130066,0.716962456703186,0.5660409331321716,0.8225287795066833,0.9129466414451599,0.9290086030960083
14,1.0159215927124023,0.16691386699676514,0.17126503586769104,0.20313768088817596,0.276760995388031,0.1978442519903183,0.8289735913276672,0.713220477104187,0.8559818267822266,0.9177031517028809,0.9387522339820862,0.8302383422851562,0.7151641249656677,0.8682059049606323,0.9156317710876465,0.9412454962730408,0.7779191136360168,0.6448410749435425,0.8575929403305054,0.9092855453491211,0.9367591738700867,0.6352170705795288,0.4719045162200928,0.7697598338127136,0.9004096388816833,0.9125087857246399,0.7503405809402466,0.606590986251831,0.8494043350219727,0.9294290542602539,0.9403306245803833
15,0.9901288747787476,0.16294699907302856,0.17375776171684265,0.20232491195201874,0.25945430994033813,0.19164498150348663,0.8303024172782898,0.7147082090377808,0.8587319850921631,0.9177481532096863,0.939459502696991,0.8294623494148254,0.7143787145614624,0.8619176149368286,0.9141445755958557,0.9392369389533997,0.7893300652503967,0.65959233045578,0.8575283288955688,0.9047422409057617,0.9354292750358582,0.6661578416824341,0.5060986876487732,0.8001992106437683,0.8940229415893555,0.9182578921318054,0.7633501291275024,0.6230159997940063,0.8517859578132629,0.9222127795219421,0.9389517307281494
16,0.9373777508735657,0.15951849520206451,0.16417115926742554,0.18686506152153015,0.24352523684501648,0.18329788744449615,0.8297384977340698,0.7143650054931641,0.8595125675201416,0.9203908443450928,0.940402626991272,0.8346988558769226,0.7221122980117798,0.8676709532737732,0.9179999828338623,0.9417889714241028,0.803235650062561,0.6786360144615173,0.8634448647499084,0.9169684052467346,0.9404277801513672,0.6915411949157715,0.5352038741111755,0.8335244059562683,0.8981472849845886,0.9275946021080017,0.775513768196106,0.6393911838531494,0.8575090765953064,0.9277774095535278,0.941952645778656
17,0.9432989358901978,0.16294950246810913,0.1706850230693817,0.19176730513572693,0.2344329059123993,0.18346425890922546,0.8276039361953735,0.7137167453765869,0.8456622958183289,0.9212982654571533,0.9371436834335327,0.8328547477722168,0.7221459746360779,0.8538311719894409,0.9163439869880676,0.9378262758255005,0.8071699142456055,0.6869024038314819,0.8551416397094727,0.9095011949539185,0.9362088441848755,0.7093726396560669,0.5592220425605774,0.8398007154464722,0.9003832340240479,0.929782509803772,0.7807070016860962,0.6489620208740234,0.8493649363517761,0.9241990447044373,0.9388858675956726
18,0.8814322352409363,0.15467222034931183,0.15775929391384125,0.17517761886119843,0.22170710563659668,0.17211565375328064,0.8352653384208679,0.7234779596328735,0.8684602379798889,0.9185549020767212,0.9421469569206238,0.8405795097351074,0.7316358089447021,0.8736026287078857,0.9215665459632874,0.9443092346191406,0.8184018135070801,0.6999848484992981,0.8702675700187683,0.9185578227043152,0.9426047205924988,0.7309291362762451,0.5831480622291565,0.8507794141769409,0.9036023020744324,0.9334250092506409,0.7942389249801636,0.6653209328651428,0.8644285202026367,0.9294500350952148,0.9441879391670227
19,0.8417948484420776,0.14759376645088196,0.152045339345932,0.16959445178508759,0.20841312408447266,0.16414812207221985,0.8458027839660645,0.7383178472518921,0.8718608617782593,0.9272587895393372,0.9454783201217651,0.8496834635734558,0.7444413304328918,0.8782435655593872,0.9256673455238342,0.9466583132743835,0.8278006315231323,0.7131316065788269,0.8760892152786255,0.9208977222442627,0.9447488188743591,0.7492546439170837,0.6060965657234192,0.8625088930130005,0.9086760878562927,0.9378103613853455,0.8065149188041687,0.6817928552627563,0.8716353178024292,0.9319980144500732,0.9467467069625854
20,0.7747889161109924,0.14120350778102875,0.14097358286380768,0.15291038155555725,0.18810538947582245,0.15159615874290466,0.8483558893203735,0.7411364316940308,0.8787633180618286,0.9307124614715576,0.9482185244560242,0.8564618229866028,0.7536987662315369,0.8908361196517944,0.9272572994232178,0.9503289461135864,0.8409258127212524,0.7310516834259033,0.8916611671447754,0.9237836003303528,0.9495367407798767,0.7715216875076294,0.6356832981109619,0.8851849436759949,0.9118058681488037,0.944396436214447,0.8186432719230652,0.6984796524047852,0.887109637260437,0.9331790804862976,0.9510604739189148
21,0.8086037635803223,0.14602944254875183,0.14909744262695312,0.16418622434139252,0.19128136336803436,0.15800920128822327,0.8450061082839966,0.7374791502952576,0.8708056807518005,0.9276705384254456,0.945324182510376,0.8509952425956726,0.7473191022872925,0.8771998286247253,0.9257000684738159,0.9464013576507568,0.8346923589706421,0.7240237593650818,0.8732033967971802,0.9227449297904968,0.9445436000823975,0.7738324999809265,0.6388128995895386,0.8754035234451294,0.9053259491920471,0.9400390386581421,0.8160993456840515,0.6959953308105469,0.8746798038482666,0.9291285872459412,0.946725606918335
22,0.753520131111145,0.13849948346614838,0.13840928673744202,0.15152572095394135,0.17755654454231262,0.14752909541130066,0.8530827760696411,0.7477401494979858,0.874851644039154,0.9342585206031799,0.9482039213180542,0.8596966862678528,0.7581755518913269,0.8848430514335632,0.9310762882232666,0.9498826265335083,0.8460906744003296,0.7378431558609009,0.8839762806892395,0.9264189600944519,0.9483358860015869,0.7894100546836853,0.6572062969207764,0.8842783570289612,0.9134354591369629,0.9446492791175842,0.8275438547134399,0.7100328207015991,0.8830998539924622,0.9349173307418823,0.950515866279602
23,0.7456129789352417,0.13810759782791138,0.13870438933372498,0.1501687467098236,0.1732144057750702,0.14541777968406677,0.8599978685379028,0.7595842480659485,0.8852165937423706,0.9262794256210327,0.9486127495765686,0.8658587336540222,0.768987238407135,0.8942412734031677,0.9247611165046692,0.9504773616790771,0.8531850576400757,0.7500911355018616,0.8940675854682922,0.9194886684417725,0.9488951563835144,0.8004649877548218,0.6731878519058228,0.8856149315834045,0.9156814813613892,0.9456446170806885,0.8357809782028198,0.7232420444488525,0.8915255069732666,0.929100751876831,0.951034426689148
24,0.7192528247833252,0.1340046525001526,0.1337129920721054,0.1436237245798111,0.1669231802225113,0.14098823070526123,0.8624142408370972,0.7615987062454224,0.8854672908782959,0.9325355887413025,0.9504558444023132,0.8681865930557251,0.7709113359451294,0.8930885195732117,0.9332627058029175,0.9526241421699524,0.8586751222610474,0.7562950849533081,0.8952652812004089,0.9271525740623474,0.9514310359954834,0.81023770570755,0.6857362985610962,0.890954852104187,0.9161768555641174,0.9471355676651001,0.8413923382759094,0.7300033569335938,0.8933323621749878,0.9344457983970642,0.9530231356620789
25,0.722750723361969,0.134334534406662,0.13378694653511047,0.14649149775505066,0.1668388843536377,0.14129897952079773,0.8597497940063477,0.75779128074646,0.8841215968132019,0.9309394359588623,0.9496585726737976,0.8661759495735168,0.7675877809524536,0.887901246547699,0.9342045783996582,0.9515541195869446,0.8553376197814941,0.7514210939407349,0.8821405172348022,0.933827817440033,0.949962854385376,0.8127086758613586,0.6891546845436096,0.8825801014900208,0.9229898452758789,0.9469974637031555,0.8400959968566895,0.7281545400619507,0.885657548904419,0.9379136562347412,0.9520155787467957
26,0.6840452551841736,0.12756283581256866,0.1267397552728653,0.13758960366249084,0.15811371803283691,0.134039506316185,0.8628782033920288,0.762976348400116,0.8837104439735413,0.9369185566902161,0.9512335658073425,0.8688359260559082,0.7727415561676025,0.897204577922821,0.9311849474906921,0.9530892968177795,0.8595019578933716,0.7587217092514038,0.8943760395050049,0.9284847378730774,0.9515876770019531,0.816699206829071,0.6962113976478577,0.8912064433097839,0.9177740216255188,0.9476686120033264,0.8437075614929199,0.7344886660575867,0.8935308456420898,0.936022162437439,0.9535210728645325
27,0.6826735734939575,0.12888523936271667,0.12789979577064514,0.1365170180797577,0.15573899447917938,0.13363248109817505,0.8654106259346008,0.7664704322814941,0.8890801072120667,0.9342824816703796,0.951880156993866,0.8723019361495972,0.777547299861908,0.8962140679359436,0.9358649849891663,0.9541699886322021,0.8660112619400024,0.7676715850830078,0.8944942951202393,0.9343039393424988,0.9532825350761414,0.8259682655334473,0.7082049250602722,0.8912949562072754,0.9229558110237122,0.9492034912109375,0.8497621417045593,0.742670476436615,0.8945438265800476,0.9379791617393494,0.9543360471725464
28,0.7465878129005432,0.1370149701833725,0.1396535336971283,0.15573641657829285,0.16940036416053772,0.14478255808353424,0.8588196635246277,0.7586072087287903,0.8819085955619812,0.92850261926651,0.9484004974365234,0.8635371327400208,0.7667142748832703,0.8874708414077759,0.9280866980552673,0.9497058987617493,0.8556531071662903,0.7550851106643677,0.8773763179779053,0.9289845824241638,0.947376012802124,0.8182352781295776,0.6996856331825256,0.8752119541168213,0.9195302724838257,0.9441342949867249,0.8412961959838867,0.7324503660202026,0.8806151151657104,0.9348635077476501,0.9498594999313354
29,0.6782219409942627,0.12680652737617493,0.12740737199783325,0.13702139258384705,0.15456579625606537,0.1324208378791809,0.8696140050888062,0.7735035419464111,0.8943604826927185,0.9306886196136475,0.9522164463996887,0.8717105984687805,0.7773053646087646,0.8992452025413513,0.9292896389961243,0.9530671238899231,0.8603063821792603,0.7602154612541199,0.8974603414535522,0.925678551197052,0.9515645503997803,0.8269672393798828,0.7106000185012817,0.8973191976547241,0.9133098721504211,0.9478866457939148,0.8493613004684448,0.7429345846176147,0.8988253474235535,0.931503176689148,0.9535971283912659
30,0.7296376824378967,0.13792207837104797,0.13726216554641724,0.14879368245601654,0.16341331601142883,0.14224645495414734,0.8553251028060913,0.7515309453010559,0.8761492967605591,0.9344453811645508,0.9485905766487122,0.858893871307373,0.7575618028640747,0.8821345567703247,0.9328605532646179,0.9496896266937256,0.8509265184402466,0.7459721565246582,0.8761089444160461,0.9330649971961975,0.9481953978538513,0.8180068135261536,0.6980292201042175,0.8763454556465149,0.9257827401161194,0.94620680809021,0.8384965658187866,0.7268310785293579,0.879317045211792,0.9373253583908081,0.9502097964286804
31,0.6300991773605347,0.12186815589666367,0.11854831874370575,0.12451106309890747,0.14147022366523743,0.1237013190984726,0.8735058903694153,0.7784855961799622,0.8929867148399353,0.937731921672821,0.9538630247116089,0.8801017999649048,0.7891927361488342,0.9031115174293518,0.9384871125221252,0.9567002654075623,0.8755176663398743,0.7819141149520874,0.9039860367774963,0.9380590319633484,0.9568050503730774,0.8432717323303223,0.7328487634658813,0.9006102085113525,0.9301834106445312,0.9536753296852112,0.8610696792602539,0.7592397332191467,0.9023684859275818,0.9408888816833496,0.9571885466575623
32,0.7098273038864136,0.1326139122247696,0.13452768325805664,0.14595702290534973,0.15791693329811096,0.1388116180896759,0.8623476028442383,0.7631484270095825,0.8848851919174194,0.929119348526001,0.9493381381034851,0.8666335940361023,0.7704399228096008,0.8912106156349182,0.9277055263519287,0.9505535364151001,0.8568310737609863,0.7556202411651611,0.8813892602920532,0.9278770685195923,0.9480899572372437,0.8298901319503784,0.7154079675674438,0.8850616812705994,0.9197219014167786,0.9466832280158997,0.8467003107070923,0.7397000789642334,0.8871641755104065,0.9320365786552429,0.9507512450218201
33,0.657882809638977,0.12475667893886566,0.12431396543979645,0.1343008577823639,0.14634330570697784,0.1281680017709732,0.8634673953056335,0.7643324136734009,0.8949077129364014,0.9285798072814941,0.951751172542572,0.8702834248542786,0.7756760716438293,0.8992255330085754,0.9301412105560303,0.9533078670501709,0.8596718907356262,0.7601538300514221,0.8899863362312317,0.9326866269111633,0.9516617059707642,0.8326283693313599,0.7197524905204773,0.8937728404998779,0.9225712418556213,0.9497215151786804,0.8489965200424194,0.7430341243743896,0.8953679203987122,0.9341475367546082,0.9534633755683899
34,0.6304100751876831,0.12239664793014526,0.11835776269435883,0.12555964291095734,0.14044128358364105,0.123654805123806,0.8651474118232727,0.7659220099449158,0.8896787762641907,0.9384395480155945,0.9532047510147095,0.8757257461547852,0.7828333377838135,0.9068787693977356,0.9314706921577454,0.9556576013565063,0.8703621029853821,0.7750200033187866,0.9046708345413208,0.9322620034217834,0.955318808555603,0.8431589007377625,0.7337462902069092,0.9014435410499573,0.9224624037742615,0.95163893699646,0.8565084338188171,0.7531381845474243,0.9021846652030945,0.937004029750824,0.9560378789901733
35,0.6308590173721313,0.12017073482275009,0.12001993507146835,0.12779365479946136,0.13916447758674622,0.12371022999286652,0.8761575818061829,0.7828702330589294,0.895717203617096,0.9353600144386292,0.9538982510566711,0.8790684938430786,0.787883996963501,0.9005597829818726,0.937200129032135,0.9556732177734375,0.8722491264343262,0.7774332761764526,0.8944562673568726,0.9386655688285828,0.9545068144798279,0.8467761278152466,0.7386865019798279,0.8941844701766968,0.9352012276649475,0.9534574151039124,0.8617688417434692,0.7607709765434265,0.898245096206665,0.9416044354438782,0.9563177824020386
36,0.584440290927887,0.11388806253671646,0.11086823046207428,0.11643924564123154,0.12857289612293243,0.11467182636260986,0.8790424466133118,0.7867783308029175,0.9025463461875916,0.9381974339485168,0.9564713835716248,0.8851121664047241,0.7964375019073486,0.9110003709793091,0.9394457340240479,0.9590200781822205,0.880134105682373,0.7885856628417969,0.9084811806678772,0.9410478472709656,0.958823025226593,0.8561490178108215,0.7516449093818665,0.9094268083572388,0.9339967966079712,0.9570449590682983,0.8684951066970825,0.7701857686042786,0.9098475575447083,0.9423303008079529,0.9595433473587036
37,0.5656593441963196,0.11233130842447281,0.1069648489356041,0.11145347356796265,0.12351234257221222,0.11139746755361557,0.8762319684028625,0.781583309173584,0.9010680913925171,0.9405353665351868,0.9567506313323975,0.8882209062576294,0.8004952669143677,0.9130505919456482,0.9389676451683044,0.9594148993492126,0.8824726343154907,0.7915010452270508,0.9074214696884155,0.9447059631347656,0.9595832824707031,0.8622740507125854,0.7602083683013916,0.912105917930603,0.9329633712768555,0.9574356079101562,0.870421290397644,0.7723731398582458,0.9096161127090454,0.9437105655670166,0.9598747491836548
38,0.6029369831085205,0.11663553863763809,0.11513882875442505,0.12146170437335968,0.13146905601024628,0.11823196709156036,0.8772672414779663,0.7856277227401733,0.8979796767234802,0.9371825456619263,0.9550004601478577,0.88067626953125,0.7917016744613647,0.9063933491706848,0.936594545841217,0.9570096135139465,0.8763882517814636,0.7850724458694458,0.9015709161758423,0.9386302828788757,0.956341564655304,0.8554266691207886,0.752472996711731,0.9057608246803284,0.9294914603233337,0.9547958374023438,0.8661910891532898,0.7685824632644653,0.9042913317680359,0.9396039247512817,0.9573238492012024
39,0.5882111191749573,0.11457742750644684,0.11076559126377106,0.118929922580719,0.1281495988368988,0.11578861624002457,0.8784075975418091,0.7865002751350403,0.9014508724212646,0.938429594039917,0.9562534093856812,0.8851886987686157,0.7970852255821228,0.9119858145713806,0.9361798763275146,0.9583364129066467,0.8775463104248047,0.7852903604507446,0.9019967317581177,0.9421371221542358,0.9574442505836487,0.8578214645385742,0.7548844814300537,0.9047161936759949,0.9346609711647034,0.9560214877128601,0.8679319620132446,0.7700055837631226,0.9053304195404053,0.9425433874130249,0.9584271907806396
40,0.5551711320877075,0.11050870269536972,0.10537849366664886,0.1094244122505188,0.12034696340560913,0.10951268672943115,0.8806244730949402,0.7890838980674744,0.901910126209259,0.9415832161903381,0.9572654962539673,0.8890132904052734,0.8026911616325378,0.9125400185585022,0.9425517916679382,0.9603077173233032,0.886056125164032,0.798015832901001,0.9100872874259949,0.9459912180900574,0.9606426358222961,0.8682311773300171,0.7699302434921265,0.9121939539909363,0.938172459602356,0.9589642882347107,0.8748524785041809,0.7799884080886841,0.910781741142273,0.9454386830329895,0.9606682062149048
41,0.5587487816810608,0.1104157418012619,0.10653765499591827,0.1110495775938034,0.12064850330352783,0.11009718477725983,0.8856668472290039,0.7972736358642578,0.9021338224411011,0.9423835873603821,0.9575493931770325,0.8940642476081848,0.810586154460907,0.9129474759101868,0.9405578374862671,0.9598442316055298,0.8903442621231079,0.8048156499862671,0.9085875153541565,0.9448968768119812,0.9599417448043823,0.8723167181015015,0.7762320637702942,0.9126610159873962,0.9354947805404663,0.9583128690719604,0.8792791366577148,0.7869472503662109,0.9102055430412292,0.9447907209396362,0.9603344202041626
42,0.5827403664588928,0.11341612040996552,0.11067859828472137,0.11824627965688705,0.12579478323459625,0.11460448801517487,0.8725095987319946,0.7774714827537537,0.9004631042480469,0.9412692785263062,0.9568004608154297,0.8799915313720703,0.7895548939704895,0.9103907346725464,0.939553439617157,0.9588927030563354,0.8746904134750366,0.7819710969924927,0.8986424803733826,0.9440613389015198,0.9571102261543274,0.8586451411247253,0.7568610906600952,0.906666100025177,0.9321176409721375,0.9557903409004211,0.8650732040405273,0.7662461400032043,0.904278039932251,0.9446646571159363,0.9587506651878357
43,0.5775998830795288,0.11281454563140869,0.11059089004993439,0.11570479720830917,0.1249166876077652,0.11357291042804718,0.8804219961166382,0.7896556258201599,0.9053597450256348,0.9350358247756958,0.9562952518463135,0.8862937688827515,0.7988935112953186,0.9122727513313293,0.9337644577026367,0.9577112793922424,0.8802639245986938,0.7895551323890686,0.9073563814163208,0.9365773797035217,0.9572537541389465,0.8636120557785034,0.7634698152542114,0.9102963209152222,0.9276642799377441,0.9554234743118286,0.8713316917419434,0.7752178907394409,0.9100451469421387,0.9372061491012573,0.9581300020217896
44,0.6058001518249512,0.11616151034832001,0.11535514891147614,0.12405391037464142,0.13151682913303375,0.11871273815631866,0.8765550851821899,0.7844855189323425,0.8982675075531006,0.9370109438896179,0.9550262689590454,0.881199836730957,0.7917280793190002,0.9047790169715881,0.93636554479599,0.9565265774726868,0.873102068901062,0.779578447341919,0.8930628299713135,0.9434934258460999,0.955496072769165,0.8577491641044617,0.7560037970542908,0.8997328877449036,0.9318890571594238,0.9539413452148438,0.8657103776931763,0.7676138281822205,0.8990362286567688,0.9421223402023315,0.9566692113876343
45,0.5479427576065063,0.10802742093801498,0.1052267923951149,0.1090535894036293,0.11804668605327606,0.10758832842111588,0.8868647813796997,0.7995802164077759,0.9109939336776733,0.9352338314056396,0.9578068852424622,0.8923443555831909,0.8085640668869019,0.9195098280906677,0.9338939785957336,0.9596144556999207,0.8878054618835449,0.8013785481452942,0.9161326289176941,0.9371779561042786,0.9596974849700928,0.8707869648933411,0.7746825814247131,0.9184331297874451,0.9277880787849426,0.9575414061546326,0.878278911113739,0.785995364189148,0.9173018932342529,0.9373610019683838,0.9600531458854675
46,0.5722079873085022,0.1122724786400795,0.10938352346420288,0.11480098962783813,0.12309626489877701,0.1126546710729599,0.8800129890441895,0.7893199324607849,0.8988689184188843,0.9394209980964661,0.9558646082878113,0.8861044049263,0.7991346716880798,0.9081103801727295,0.9385399222373962,0.958011269569397,0.8796676397323608,0.7888215780258179,0.9024432301521301,0.941445529460907,0.9573652744293213,0.8657367825508118,0.7670899629592896,0.9089093208312988,0.9328088760375977,0.9565677642822266,0.8715924024581909,0.7759173512458801,0.9053043127059937,0.9417863488197327,0.9582061767578125
47,0.5344445705413818,0.10549266636371613,0.10193407535552979,0.10689209401607513,0.11498339474201202,0.10514247417449951,0.8857429623603821,0.7978741526603699,0.908880889415741,0.9412183165550232,0.9589754939079285,0.8936378359794617,0.8106249570846558,0.9177919030189514,0.9408336281776428,0.9611825346946716,0.8894532918930054,0.8041759729385376,0.9099768400192261,0.9457524418830872,0.9605463743209839,0.8744698762893677,0.7803863883018494,0.9151508212089539,0.9372383952140808,0.9594608545303345,0.8796325922012329,0.7881519198417664,0.9133297801017761,0.9450682401657104,0.9612292051315308
48,0.539397120475769,0.10769631713628769,0.103208027780056,0.10785041749477386,0.11463669687509537,0.10600563138723373,0.884444534778595,0.7954915165901184,0.9076057076454163,0.9391960501670837,0.9580678343772888,0.8905709981918335,0.8053646087646484,0.9171974062919617,0.9392682313919067,0.9605772495269775,0.8857768177986145,0.7979663014411926,0.9125069975852966,0.9412000775337219,0.9599133729934692,0.8725574612617493,0.7768078446388245,0.9170140624046326,0.9334707260131836,0.9588475823402405,0.8772779703140259,0.7840453386306763,0.9143087863922119,0.9422945380210876,0.9606950283050537
49,0.5016435384750366,0.1003468856215477,0.09518320113420486,0.09924835711717606,0.10783098638057709,0.09903419762849808,0.8898447155952454,0.8037353754043579,0.9057218432426453,0.9478517770767212,0.9600220918655396,0.8995269536972046,0.8192912340164185,0.9187118411064148,0.9453260898590088,0.9627090692520142,0.8955246806144714,0.8130159378051758,0.9129974246025085,0.948461651802063,0.9621012210845947,0.8817006349563599,0.7908788919448853,0.9144760966300964,0.9416036009788513,0.9605410099029541,0.8854399919509888,0.7965561747550964,0.9135465621948242,0.9491772055625916,0.9624467492103577
50,0.6036831140518188,0.11884311586618423,0.11578617990016937,0.12238063663244247,0.12853160500526428,0.11814162880182266,0.8785074949264526,0.7868248820304871,0.902805745601654,0.9322449564933777,0.9548341035842896,0.8827195167541504,0.7938477396965027,0.9106217622756958,0.9310715794563293,0.9565032720565796,0.8766499757766724,0.784972071647644,0.9024166464805603,0.9336385726928711,0.9551348090171814,0.8640037775039673,0.7651940584182739,0.9086704850196838,0.9224461913108826,0.9534704685211182,0.8694113492965698,0.7729482650756836,0.9073165059089661,0.9348223805427551,0.9567388892173767
51,0.5071179270744324,0.10118190944194794,0.09689165651798248,0.1007830947637558,0.10832257568836212,0.09993873536586761,0.8902738690376282,0.804888129234314,0.9114207029342651,0.9436222314834595,0.9603204131126404,0.8975681066513062,0.8168278932571411,0.920350968837738,0.9424330592155457,0.9623083472251892,0.894668698310852,0.8122354745864868,0.9148345589637756,0.9456605315208435,0.9617906212806702,0.8818284869194031,0.7916194200515747,0.9198751449584961,0.9376707077026367,0.9608091711997986,0.8851803541183472,0.7966837882995605,0.916949450969696,0.946036696434021,0.9624505639076233
52,0.503958523273468,0.10110519826412201,0.09655357152223587,0.09946782886981964,0.1073845624923706,0.09944739192724228,0.8914079666137695,0.8065178990364075,0.9116659164428711,0.9436777234077454,0.9604001641273499,0.8988450169563293,0.8186662793159485,0.921328604221344,0.9428337216377258,0.9626782536506653,0.89556485414505,0.8134168386459351,0.9180912375450134,0.946560263633728,0.9628981351852417,0.8828604817390442,0.7929088473320007,0.9213923215866089,0.9386230111122131,0.9614786505699158,0.8862289190292358,0.7981184720993042,0.9188694953918457,0.9463533163070679,0.9630429744720459
53,0.5478413701057434,0.10753999650478363,0.10538550466299057,0.10997717082500458,0.11731616407632828,0.10762237012386322,0.8861504793167114,0.7985574007034302,0.9104650020599365,0.9358454346656799,0.9578468203544617,0.8914387822151184,0.8072296380996704,0.9182067513465881,0.9336236119270325,0.9591995477676392,0.8872438669204712,0.8006919622421265,0.9125367999076843,0.9365087747573853,0.9585737586021423,0.8751572370529175,0.7813726663589478,0.9150596261024475,0.9292699098587036,0.9571146368980408,0.879149317741394,0.7874309420585632,0.9142547249794006,0.9375142455101013,0.9593085050582886
54,0.4877186715602875,0.09882483631372452,0.09225371479988098,0.09790357202291489,0.10273728519678116,0.09599918872117996,0.8921242952346802,0.807222843170166,0.9121953248977661,0.9461303949356079,0.961233377456665,0.9004484415054321,0.8208960294723511,0.9207589030265808,0.9467782378196716,0.9636585116386414,0.8965299725532532,0.814801037311554,0.9122012853622437,0.9475583434104919,0.9616380333900452,0.8850332498550415,0.7960538864135742,0.9184597134590149,0.9431951642036438,0.9620342254638672,0.8874439001083374,0.7996863126754761,0.9162797927856445,0.9499955773353577,0.9633950591087341
55,0.5178346633911133,0.10324211418628693,0.09980367124080658,0.10286112129688263,0.11003199964761734,0.10189574956893921,0.8884129524230957,0.802320659160614,0.9094918966293335,0.9425632953643799,0.9595168828964233,0.8951849937438965,0.8132320642471313,0.9195790886878967,0.9398024082183838,0.961349606513977,0.8918968439102173,0.807938277721405,0.9148565530776978,0.9431927800178528,0.9610941410064697,0.8785289525985718,0.7864910364151001,0.917307436466217,0.9353697299957275,0.9594765901565552,0.8825945854187012,0.7927955389022827,0.9153827428817749,0.9439462423324585,0.961446225643158
56,0.570611834526062,0.11217256635427475,0.10918184369802475,0.11604182422161102,0.12165375053882599,0.11156190931797028,0.8822115063667297,0.7913125157356262,0.9041042923927307,0.9373680949211121,0.9566385746002197,0.8888117671012878,0.8021562695503235,0.9131221175193787,0.9368569850921631,0.9588257074356079,0.8854755163192749,0.7973078489303589,0.9051039814949036,0.9396857619285583,0.9575580358505249,0.8736211061477661,0.7783312797546387,0.9052749872207642,0.9356622695922852,0.9564532041549683,0.8766993284225464,0.7827956676483154,0.9075360894203186,0.9422807097434998,0.9589272737503052
57,0.5098567605018616,0.10287455469369888,0.0979284942150116,0.10082109272480011,0.10761880874633789,0.10061387717723846,0.8879263997077942,0.8008613586425781,0.9093745350837708,0.9402348399162292,0.9588235020637512,0.8966392278671265,0.8150202035903931,0.9196193814277649,0.9392184019088745,0.9611912965774536,0.8935118913650513,0.8099519610404968,0.9155404567718506,0.9425308704376221,0.9610833525657654,0.8807452917098999,0.7894703149795532,0.9174719452857971,0.9367735385894775,0.9599268436431885,0.8837486505508423,0.7940467596054077,0.9156816005706787,0.9436273574829102,0.9614332914352417
58,0.48404961824417114,0.09639185667037964,0.09283172339200974,0.09598945826292038,0.10329735279083252,0.09553922712802887,0.8934839963912964,0.8103469014167786,0.9149037599563599,0.9450429677963257,0.9616333246231079,0.9002008438110352,0.8215522766113281,0.9232890605926514,0.9439870715141296,0.9635210633277893,0.8977657556533813,0.8175700306892395,0.9181452989578247,0.94790118932724,0.9632929563522339,0.8856075406074524,0.7978711128234863,0.9207547307014465,0.9417482018470764,0.9622164368629456,0.8884927034378052,0.8022650480270386,0.919572651386261,0.9480002522468567,0.9636952877044678
59,0.4663395285606384,0.09475768357515335,0.08936570584774017,0.09168121963739395,0.09846118837594986,0.09207379072904587,0.8941791653633118,0.8108264207839966,0.9211975336074829,0.9414732456207275,0.9622524380683899,0.9014695882797241,0.8228615522384644,0.9301126599311829,0.9402997493743896,0.9642298221588135,0.8989585638046265,0.8187751770019531,0.9272282123565674,0.9436044096946716,0.9644384980201721,0.8873287439346313,0.7999628782272339,0.9289993047714233,0.9396884441375732,0.9637622833251953,0.8897088170051575,0.8035531044006348,0.9271067380905151,0.9447186589241028,0.9647282958030701
60,0.44087013602256775,0.09177359193563461,0.0840507447719574,0.08523894101381302,0.09243481606245041,0.08737196028232574,0.8987547159194946,0.8177960515022278,0.9169512987136841,0.9486194252967834,0.9631831049919128,0.9100351333618164,0.8363010287284851,0.9309450387954712,0.9463332295417786,0.9661971926689148,0.9087914228439331,0.8342559933662415,0.9273703098297119,0.9503948092460632,0.9664235711097717,0.8967980146408081,0.8144537210464478,0.9291221499443054,0.9455565214157104,0.9654964208602905,0.8976788520812988,0.8158066868782043,0.9260057210922241,0.9511333703994751,0.966274619102478
61,0.45459452271461487,0.09359943121671677,0.08667131513357162,0.08918330818414688,0.09523285925388336,0.08990778028964996,0.896894097328186,0.8151901960372925,0.9182896614074707,0.9454888105392456,0.9626451134681702,0.9046822786331177,0.8279953002929688,0.9287779331207275,0.9465581774711609,0.965694785118103,0.9035798907279968,0.8263121843338013,0.9260085225105286,0.9487322568893433,0.9655917882919312,0.8938544392585754,0.8104685544967651,0.9281513690948486,0.9444835186004639,0.9649332761764526,0.8941900134086609,0.8107344508171082,0.9255203604698181,0.949415385723114,0.96565842628479
62,0.46124234795570374,0.0942518413066864,0.08819051086902618,0.09045179188251495,0.09725260734558105,0.09109553694725037,0.894585132598877,0.8121406435966492,0.9162889122962952,0.946571946144104,0.9624297022819519,0.9037020802497864,0.8272099494934082,0.9269513487815857,0.945420503616333,0.9648897647857666,0.9022873640060425,0.825076699256897,0.925022542476654,0.947429358959198,0.9649611115455627,0.8918272852897644,0.8078940510749817,0.9249400496482849,0.9438655376434326,0.9639168977737427,0.8924023509025574,0.8086081743240356,0.9238047003746033,0.9489114284515381,0.9650644659996033
63,0.520695149898529,0.10695751011371613,0.10009255260229111,0.10418351739645004,0.10735652595758438,0.10210515558719635,0.8840640783309937,0.7951000928878784,0.9100611805915833,0.936127245426178,0.9578236937522888,0.8922289609909058,0.8082839250564575,0.920001208782196,0.9358634352684021,0.9603162407875061,0.8893316388130188,0.8037918210029602,0.9141786694526672,0.9371309280395508,0.9591781497001648,0.8799711465835571,0.7891308069229126,0.9168806672096252,0.9375694990158081,0.960004448890686,0.88066166639328,0.7896930575370789,0.9156664609909058,0.9413400888442993,0.9607752561569214
64,0.48330599069595337,0.09679616987705231,0.09221012890338898,0.09684344381093979,0.10233300924301147,0.09512321650981903,0.8981653451919556,0.8169173002243042,0.9163622856140137,0.9445326328277588,0.9618690609931946,0.9048153758049011,0.827761173248291,0.9224694967269897,0.945275068283081,0.9636765718460083,0.9021366834640503,0.8235243558883667,0.9146397709846497,0.9479740262031555,0.9623944759368896,0.8924781084060669,0.8076343536376953,0.9137794375419617,0.9465206861495972,0.9617583155632019,0.8936718106269836,0.8094365000724792,0.9168192744255066,0.9495477080345154,0.9634105563163757
65,0.4413749575614929,0.09130878746509552,0.08468708395957947,0.08570674806833267,0.09240135550498962,0.08727103471755981,0.8946138620376587,0.8115794062614441,0.9199196100234985,0.9462934732437134,0.9633007049560547,0.9046028852462769,0.8280247449874878,0.9325782060623169,0.9449365139007568,0.966220498085022,0.9041679501533508,0.8273526430130005,0.9316724538803101,0.9464720487594604,0.9664276242256165,0.8928429484367371,0.8089150190353394,0.9302602410316467,0.9441730380058289,0.9653940796852112,0.8934041261672974,0.8095539212226868,0.9289984107017517,0.9484749436378479,0.966302752494812
66,0.4169982373714447,0.08824966847896576,0.07976751029491425,0.08025096356868744,0.08626792579889297,0.08246221393346786,0.9033498764038086,0.8248154520988464,0.924740195274353,0.9462960958480835,0.9645628333091736,0.9121934771537781,0.8395991325378418,0.9371650218963623,0.9440099000930786,0.9671487212181091,0.9116295576095581,0.8387014269828796,0.937073826789856,0.9455612301826477,0.9675767421722412,0.9015896916389465,0.8220953941345215,0.9366819262504578,0.9423054456710815,0.9665247797966003,0.9015827178955078,0.8218717575073242,0.9343011975288391,0.9474942088127136,0.9674110412597656
67,0.4366949498653412,0.09087372571229935,0.08339692652225494,0.08525480329990387,0.09090115875005722,0.08626832067966461,0.8973529934883118,0.8162959218025208,0.9218506813049316,0.9442365169525146,0.9632173180580139,0.9039451479911804,0.8268345594406128,0.9319961071014404,0.94492506980896,0.9660651087760925,0.902070164680481,0.823955237865448,0.9308694005012512,0.9454176425933838,0.9659131169319153,0.8940421342849731,0.8109191060066223,0.9324572086334229,0.9425633549690247,0.9654996395111084,0.8938570022583008,0.8103938102722168,0.9298935532569885,0.947162926197052,0.9661608338356018
68,0.44504475593566895,0.08996880054473877,0.08536206930875778,0.08815833181142807,0.09372575581073761,0.08782973885536194,0.9011255502700806,0.8216633796691895,0.923871636390686,0.944678783416748,0.9638718962669373,0.9076959490776062,0.8327457308769226,0.9312237501144409,0.9427715539932251,0.9652388095855713,0.9055396318435669,0.8293339610099792,0.9252659678459167,0.9458371996879578,0.9645688533782959,0.8975707292556763,0.8161904215812683,0.9262275695800781,0.9428434371948242,0.9639577269554138,0.8974077105522156,0.8156625032424927,0.9268431663513184,0.9478625655174255,0.9655621647834778
69,0.4472641944885254,0.0894336923956871,0.08534698188304901,0.0898137018084526,0.09451116621494293,0.08815862238407135,0.9013381004333496,0.822990894317627,0.9228174090385437,0.9452776908874512,0.9637682437896729,0.9069362878799438,0.8321810960769653,0.9289214015007019,0.9453614354133606,0.9653877019882202,0.9039512872695923,0.8275340795516968,0.9226922392845154,0.9462304711341858,0.9640082120895386,0.8953374624252319,0.8132266998291016,0.9213501811027527,0.9464418888092041,0.9637174010276794,0.8962175250053406,0.8145305514335632,0.9239082932472229,0.9492457509040833,0.9651868343353271
70,0.44495344161987305,0.09048222005367279,0.08562670648097992,0.08793096989393234,0.0930713564157486,0.08784207701683044,0.8998802900314331,0.819869339466095,0.9235154986381531,0.9447866678237915,0.9638098478317261,0.9081808924674988,0.8333204388618469,0.9302607178688049,0.9430394172668457,0.9650656580924988,0.9054571986198425,0.8289834856987,0.9255909323692322,0.9441962838172913,0.9641820192337036,0.8949195742607117,0.8117178082466125,0.9234654903411865,0.9443140029907227,0.9636610746383667,0.8962661623954773,0.8137418627738953,0.9257802367210388,0.947383463382721,0.9651464819908142
71,0.3926328718662262,0.0828724279999733,0.07504094392061234,0.07558892667293549,0.08129895478487015,0.0778316855430603,0.9075230360031128,0.8321877717971802,0.9292317032814026,0.9482184052467346,0.9662904143333435,0.9165433049201965,0.8473032712936401,0.9412623047828674,0.9472798705101013,0.9691727757453918,0.9163631200790405,0.8470484614372253,0.9399981498718262,0.9486941695213318,0.9692519903182983,0.9065926671028137,0.8306795358657837,0.9374221563339233,0.9485463500022888,0.9685333371162415,0.906192421913147,0.8298670053482056,0.9372947216033936,0.9510335326194763,0.9692167639732361
72,0.4166061282157898,0.08514630794525146,0.0794965997338295,0.08202917873859406,0.08756990730762482,0.08236419409513474,0.9062473177909851,0.8302804827690125,0.9272708296775818,0.9488078355789185,0.9659446477890015,0.9136063456535339,0.8424501419067383,0.9360576272010803,0.9480098485946655,0.9680203795433044,0.9121761322021484,0.8401573896408081,0.932968258857727,0.9497776627540588,0.9677184820175171,0.9033695459365845,0.825515866279602,0.9327051639556885,0.9478225708007812,0.96708744764328,0.9032689929008484,0.825192928314209,0.9325557351112366,0.9515565037727356,0.9681193232536316
73,0.39279061555862427,0.08265861868858337,0.0753464549779892,0.07536710798740387,0.08145715296268463,0.07796122133731842,0.9050536155700684,0.8279402852058411,0.9301415681838989,0.9480422735214233,0.9664784669876099,0.9143193364143372,0.843490481376648,0.9411976933479309,0.9470195174217224,0.9690800905227661,0.9142012596130371,0.843325138092041,0.9403364062309265,0.9497249126434326,0.9696391820907593,0.9054325222969055,0.8287397623062134,0.9401141405105591,0.9469472765922546,0.9687753319740295,0.9042361378669739,0.8265591859817505,0.9383008480072021,0.9507102370262146,0.9693884253501892
74,0.3940233290195465,0.08163271844387054,0.07534931600093842,0.07667119801044464,0.0825071781873703,0.07786276936531067,0.9108996391296387,0.8376668095588684,0.9294292330741882,0.9506262540817261,0.967030942440033,0.9172993898391724,0.8484705090522766,0.9376481175422668,0.9523115754127502,0.9696768522262573,0.9170917272567749,0.8482072949409485,0.9354672431945801,0.9546255469322205,0.9697626829147339,0.9091359376907349,0.8348609805107117,0.9350395798683167,0.9527149796485901,0.9691047668457031,0.908236026763916,0.8331853151321411,0.9346210956573486,0.9551783800125122,0.9696962833404541
75,0.3978232741355896,0.08225968480110168,0.0761956050992012,0.07775811851024628,0.08293789625167847,0.07867193967103958,0.908362865447998,0.8338413238525391,0.933458685874939,0.9452886581420898,0.9665526151657104,0.9153794050216675,0.8455085754394531,0.9411756992340088,0.9459638595581055,0.9687666296958923,0.9145738482475281,0.8442918062210083,0.9396346807479858,0.9473815560340881,0.9687759280204773,0.9066864252090454,0.831183135509491,0.9384218454360962,0.9467520713806152,0.9682754278182983,0.905803382396698,0.829504668712616,0.938705563545227,0.9489748477935791,0.9689940214157104
76,0.38839563727378845,0.08178628981113434,0.07442925125360489,0.07511159032583237,0.08001257479190826,0.07705584913492203,0.9070766568183899,0.8311622738838196,0.924941897392273,0.9525421261787415,0.9663936495780945,0.9172512292861938,0.8480551838874817,0.9350061416625977,0.9531117677688599,0.9692093133926392,0.9168073534965515,0.8473225831985474,0.9321950078010559,0.9563064575195312,0.9693742394447327,0.9087696075439453,0.8338353037834167,0.9296538233757019,0.9563121795654297,0.9687030911445618,0.906890869140625,0.8306204676628113,0.9305270314216614,0.9574456214904785,0.9692537784576416
77,0.40380892157554626,0.08467817306518555,0.07683727890253067,0.07872209697961807,0.08362448960542679,0.07994697242975235,0.9060328602790833,0.8298670649528503,0.931543231010437,0.9433668255805969,0.9654950499534607,0.9129596948623657,0.8414586782455444,0.9408640265464783,0.9433212280273438,0.9679121375083923,0.9104317426681519,0.8373987078666687,0.9386726021766663,0.9436723589897156,0.9674434661865234,0.9037222862243652,0.8262125253677368,0.9389021992683411,0.9419698715209961,0.9670045375823975,0.9027204513549805,0.8243724703788757,0.9377599954605103,0.945689857006073,0.9677935242652893
78,0.37777143716812134,0.07914260774850845,0.07238839566707611,0.07323324680328369,0.07830096781253815,0.07470624893903732,0.911646842956543,0.8386460542678833,0.9349589347839355,0.9486811757087708,0.9679259061813354,0.9198242425918579,0.8526272773742676,0.9426625967025757,0.9507631659507751,0.970551073551178,0.9193329811096191,0.8519209027290344,0.9386900067329407,0.9556248188018799,0.9708994626998901,0.9121400117874146,0.8396808505058289,0.9369807839393616,0.9551161527633667,0.9703024625778198,0.9102715253829956,0.8363924026489258,0.9382151365280151,0.9553067684173584,0.9706831574440002
79,0.3551885783672333,0.07685276865959167,0.06747477501630783,0.06761474907398224,0.07271663844585419,0.07052962481975555,0.9131719470024109,0.8416318893432617,0.9349410533905029,0.9518144130706787,0.9688212275505066,0.9219275712966919,0.8563358187675476,0.9464844465255737,0.95259028673172,0.9720860719680786,0.9223164319992065,0.8570075035095215,0.9459912180900574,0.9535353779792786,0.9722291231155396,0.9163951873779297,0.8469215631484985,0.945777177810669,0.9518284201622009,0.971679151058197,0.9131344556808472,0.8413511514663696,0.9440670609474182,0.95492023229599,0.9721196293830872
80,0.5415924191474915,0.10535792261362076,0.10204408317804337,0.11304054409265518,0.1163008064031601,0.10484902560710907,0.8920751810073853,0.8083645105361938,0.919327437877655,0.9321724772453308,0.9590631127357483,0.8973814845085144,0.8171581029891968,0.9178849458694458,0.9344683885574341,0.9593631625175476,0.8890426754951477,0.8049553036689758,0.9026063680648804,0.9355465173721313,0.955730676651001,0.8810517191886902,0.7919561862945557,0.8996009230613708,0.9386405944824219,0.9558336734771729,0.883468508720398,0.7949978709220886,0.9089551568031311,0.9408722519874573,0.958896279335022
81,0.5087854266166687,0.10484267771244049,0.09708006680011749,0.10135088860988617,0.10606541484594345,0.09944652020931244,0.8864954710006714,0.799001932144165,0.9063040018081665,0.9430084228515625,0.9588123559951782,0.8978276252746582,0.8175188899040222,0.9220775961875916,0.9430834650993347,0.962945282459259,0.8935553431510925,0.8113309741020203,0.91531902551651,0.9462541937828064,0.9620857238769531,0.8848977088928223,0.7971979379653931,0.9105103611946106,0.9470446109771729,0.961050271987915,0.8846036195755005,0.7963026762008667,0.9129607677459717,0.9488030672073364,0.9621877074241638
82,0.40272560715675354,0.08408111333847046,0.0769072026014328,0.07882268726825714,0.0832349956035614,0.07967959344387054,0.9008182287216187,0.8225094676017761,0.9292101263999939,0.9456972479820251,0.9655600190162659,0.910354495048523,0.8379517793655396,0.9410918354988098,0.945747971534729,0.9686816930770874,0.9085679054260254,0.8350561261177063,0.9400320649147034,0.9454036951065063,0.9683042168617249,0.9024957418441772,0.8248244524002075,0.9395017623901367,0.944053053855896,0.9677711725234985,0.8999951481819153,0.8207250833511353,0.938421368598938,0.9482231736183167,0.968701958656311
83,0.41270095109939575,0.08382593095302582,0.0793105810880661,0.08151794970035553,0.08648418635129929,0.08156231790781021,0.9047608375549316,0.8279435038566589,0.9284112453460693,0.9486048221588135,0.9661858677864075,0.9127902984619141,0.8413950204849243,0.9345230460166931,0.9497712254524231,0.9681251645088196,0.9113543629646301,0.8393818736076355,0.9307855367660522,0.9518041610717773,0.9677238464355469,0.9038342237472534,0.8267586827278137,0.9302144050598145,0.9500517249107361,0.9670733213424683,0.9026483297348022,0.8245490193367004,0.9315139055252075,0.9530854821205139,0.9682806730270386
84,0.3876039385795593,0.08045188337564468,0.0746845230460167,0.07556067407131195,0.08007512986660004,0.07683171331882477,0.9110356569290161,0.8382194638252258,0.9349470138549805,0.9457045793533325,0.96706223487854,0.9170774221420288,0.8482304811477661,0.9417486190795898,0.9460890293121338,0.9689530730247498,0.9156402349472046,0.8458701968193054,0.9387252926826477,0.9486286640167236,0.9688990116119385,0.9079999923706055,0.8330883979797363,0.9372837543487549,0.9476907253265381,0.968249499797821,0.9074767231941223,0.8320945501327515,0.938634991645813,0.949966549873352,0.9692619442939758
85,0.36262527108192444,0.07706592977046967,0.06958895176649094,0.0695008784532547,0.07468684762716293,0.07178258150815964,0.9125922918319702,0.8408624529838562,0.9389224052429199,0.9481202960014343,0.9688035249710083,0.9209738969802856,0.8549079895019531,0.9484526515007019,0.9480797648429871,0.9712908267974854,0.9212617874145508,0.8553447723388672,0.9478920698165894,0.950189471244812,0.9717596769332886,0.9140536189079285,0.8431674838066101,0.9469404816627502,0.947929859161377,0.9708505272865295,0.9118503332138062,0.8393745422363281,0.9464386105537415,0.951453447341919,0.9717446565628052
86,0.3667299151420593,0.07705112546682358,0.0698668509721756,0.07112102210521698,0.07582969963550568,0.0728612095117569,0.9143792390823364,0.8431776762008667,0.9355355501174927,0.9499558806419373,0.968444287776947,0.921766459941864,0.8557162284851074,0.9423807263374329,0.9514399170875549,0.9706724882125854,0.921191394329071,0.8547602891921997,0.9413801431655884,0.9523180723190308,0.9706621766090393,0.9144994616508484,0.8434141874313354,0.9401361346244812,0.951417863368988,0.970075249671936,0.9125493168830872,0.8400214314460754,0.9400875568389893,0.9535408616065979,0.9706727266311646
87,0.36873847246170044,0.07731379568576813,0.07096611708402634,0.07160814851522446,0.07565885037183762,0.07319162786006927,0.9135434031486511,0.8418854475021362,0.9348558187484741,0.9500120282173157,0.9682818055152893,0.9213021397590637,0.8549696207046509,0.9425700306892395,0.949863076210022,0.9702661037445068,0.9206892848014832,0.8539638519287109,0.9389122724533081,0.9528795480728149,0.9701730012893677,0.9139729738235474,0.8426140546798706,0.9382834434509277,0.9513805508613586,0.9695767760276794,0.9119324684143066,0.8390606045722961,0.9387573599815369,0.9539297819137573,0.9704330563545227
88,0.345106303691864,0.07409138232469559,0.06623205542564392,0.06566449254751205,0.07053510844707489,0.06858325749635696,0.9160369634628296,0.845973014831543,0.938360869884491,0.9509093165397644,0.9694615602493286,0.9240554571151733,0.8596736788749695,0.9481606483459473,0.9518197178840637,0.9723044037818909,0.9248099327087402,0.8609859347343445,0.9481794834136963,0.9538429975509644,0.9728955626487732,0.9180302619934082,0.8493873476982117,0.9470115303993225,0.9517794251441956,0.9719900488853455,0.9154419898986816,0.8449028134346008,0.9461209774017334,0.9544872641563416,0.9725378751754761
89,0.37384605407714844,0.0784938782453537,0.07207366079092026,0.07248564064502716,0.07660196721553802,0.07419083267450333,0.9125367403030396,0.8403811454772949,0.9345271587371826,0.9481186866760254,0.9676504731178284,0.9203300476074219,0.8537028431892395,0.9428693056106567,0.9465763568878174,0.9693886041641235,0.9190980792045593,0.8515701293945312,0.9411174654960632,0.9474815726280212,0.9691935181617737,0.912647545337677,0.8407539129257202,0.9404643177986145,0.9465444087982178,0.9687497615814209,0.9106475114822388,0.8371888399124146,0.9399701952934265,0.9499104619026184,0.9695966243743896
90,0.471930593252182,0.0954158753156662,0.09074822813272476,0.09430114924907684,0.09891737252473831,0.09254792332649231,0.9001663327217102,0.8204597234725952,0.9203005433082581,0.9389532208442688,0.9612912535667419,0.9065602421760559,0.8311050534248352,0.9275527000427246,0.9397174119949341,0.9633951783180237,0.9026061296463013,0.8250390887260437,0.9210673570632935,0.9425137639045715,0.9625181555747986,0.8957573175430298,0.8136115074157715,0.9191427230834961,0.9419306516647339,0.9618493318557739,0.8955709338188171,0.8130744099617004,0.9219276905059814,0.944037914276123,0.963180422782898
91,0.33788201212882996,0.07378317415714264,0.06461479514837265,0.06371945887804031,0.06834296882152557,0.0674215778708458,0.9123235940933228,0.8402832746505737,0.938105583190918,0.9517527222633362,0.9696369171142578,0.9227837324142456,0.8577855229377747,0.9490727782249451,0.9534820914268494,0.9730269312858582,0.9233301281929016,0.8587477803230286,0.9489444494247437,0.9556163549423218,0.9736096858978271,0.9170962572097778,0.8482033014297485,0.9485727548599243,0.9534648656845093,0.9728899598121643,0.9134736061096191,0.84197598695755,0.9468016028404236,0.9560678601264954,0.9731726050376892
92,0.34427154064178467,0.07365606725215912,0.06572116166353226,0.0659337043762207,0.07036320865154266,0.0685974508523941,0.9146329760551453,0.84388667345047,0.9383805990219116,0.9511430859565735,0.9695340394973755,0.923951268196106,0.8595261573791504,0.9477527141571045,0.9521378874778748,0.9722892642021179,0.9236957430839539,0.859135627746582,0.9463405013084412,0.9539443254470825,0.9724393486976624,0.9179558753967285,0.849373996257782,0.9467557668685913,0.9514960646629333,0.9718405604362488,0.9146364331245422,0.8436676263809204,0.9455292224884033,0.9547644853591919,0.9724613428115845
93,0.33284541964530945,0.07230280339717865,0.06373842805624008,0.06298219412565231,0.06774880737066269,0.0660732239484787,0.9164304733276367,0.8470338582992554,0.9416858553886414,0.9503412246704102,0.970172107219696,0.9254063367843628,0.8622339963912964,0.9528322815895081,0.9515281915664673,0.97344970703125,0.927127480506897,0.8651671409606934,0.9528772234916687,0.9533495903015137,0.9739922881126404,0.9221218824386597,0.8565343022346497,0.9522955417633057,0.9504936337471008,0.9730061888694763,0.917631983757019,0.8488534092903137,0.9507550001144409,0.9538951516151428,0.973590612411499
94,0.3328479826450348,0.07173584401607513,0.06345091015100479,0.063543900847435,0.0678834542632103,0.06623391807079315,0.9173998832702637,0.8484771847724915,0.9416908621788025,0.9516391754150391,0.9705483913421631,0.9255681037902832,0.8623689413070679,0.9507838487625122,0.9531526565551758,0.973382830619812,0.925666332244873,0.8625863194465637,0.9493891000747681,0.9542999267578125,0.9733470678329468,0.9199398159980774,0.8527876138687134,0.9486533999443054,0.9524120688438416,0.9726061224937439,0.9168069958686829,0.8473633527755737,0.9482839703559875,0.9552325010299683,0.9733243584632874
95,0.3241560161113739,0.06963518261909485,0.06215588003396988,0.0622180812060833,0.06575829535722733,0.06438849121332169,0.9180046319961548,0.849530041217804,0.9443090558052063,0.9527161717414856,0.9715489745140076,0.9271751642227173,0.865087628364563,0.953188419342041,0.9547353982925415,0.9744769930839539,0.9279651641845703,0.8664090037345886,0.9536789059638977,0.9552630186080933,0.9747596979141235,0.9228588938713074,0.8576512336730957,0.9543531537055969,0.9528529047966003,0.9742369055747986,0.9187266230583191,0.8505398035049438,0.9523624777793884,0.9560078382492065,0.9746270775794983
96,0.35222089290618896,0.07446311414241791,0.0670960396528244,0.06805893778800964,0.07278848439455032,0.06981421262025833,0.9163516163825989,0.8467181921005249,0.9419232606887817,0.9476656913757324,0.969458281993866,0.9227272272109985,0.8576072454452515,0.9477366805076599,0.9512767791748047,0.9720351099967957,0.9222181439399719,0.8568167686462402,0.9447788596153259,0.953507661819458,0.9719011783599854,0.9163494110107422,0.846856951713562,0.9442247152328491,0.9509801864624023,0.9710248112678528,0.91411292552948,0.842910885810852,0.944942057132721,0.9535505771636963,0.9719566106796265
97,0.360713928937912,0.07718902826309204,0.06877437978982925,0.0697411596775055,0.07354123890399933,0.07146818190813065,0.9118320345878601,0.8393422961235046,0.9346449375152588,0.9496672749519348,0.9681273102760315,0.9222512245178223,0.8569321632385254,0.9458271265029907,0.9512332081794739,0.9715198278427124,0.9211066365242004,0.8550400733947754,0.9435293674468994,0.951655387878418,0.9710371494293213,0.9158148765563965,0.8460836410522461,0.9420726895332336,0.9510734677314758,0.9704855680465698,0.9121705889701843,0.839789867401123,0.9417972564697266,0.9533863663673401,0.9710795283317566
98,0.348747193813324,0.07190816849470139,0.06698693335056305,0.06849788129329681,0.07275290787220001,0.06860122084617615,0.9167734980583191,0.8478052020072937,0.9429115056991577,0.9504824876785278,0.9705352783203125,0.9249100685119629,0.8614822626113892,0.9510864019393921,0.9517809152603149,0.9730636477470398,0.9243049621582031,0.8605672121047974,0.9489430785179138,0.9529621005058289,0.9728420376777649,0.9183470606803894,0.8504763841629028,0.9472851753234863,0.9514285922050476,0.9719603061676025,0.9156337976455688,0.8456908464431763,0.9483531713485718,0.9543781876564026,0.9730960726737976
99,0.45625752210617065,0.08784303069114685,0.08769939839839935,0.09375651180744171,0.09823183715343475,0.08872673660516739,0.9066015481948853,0.8321759104728699,0.9295561909675598,0.9414464235305786,0.9644193053245544,0.9085850715637207,0.8362241983413696,0.9293994307518005,0.9425793290138245,0.9647076725959778,0.904037594795227,0.829418957233429,0.9228205680847168,0.9432469010353088,0.9631860256195068,0.8977057337760925,0.8191997408866882,0.9198384881019592,0.9434298276901245,0.9624609351158142,0.8986574411392212,0.8198887705802917,0.9257275462150574,0.9458924531936646,0.9647054076194763
100,0.5371310710906982,0.11225292831659317,0.10308090597391129,0.10630939155817032,0.1099347323179245,0.1055530309677124,0.8827658891677856,0.7928079962730408,0.9051571488380432,0.9359537363052368,0.9565063714981079,0.8918139338493347,0.8073617219924927,0.913996696472168,0.9394747018814087,0.9598060846328735,0.8885008692741394,0.8024036288261414,0.9080228209495544,0.9426532983779907,0.9591597318649292,0.8811672925949097,0.7905907034873962,0.9049591422080994,0.943081259727478,0.9584823846817017,0.8803216814994812,0.7889727354049683,0.9080297350883484,0.9440917372703552,0.9595686793327332
101,0.35185807943344116,0.07479871809482574,0.06697101145982742,0.06791027635335922,0.07205381989479065,0.07012425363063812,0.9071365594863892,0.8314926028251648,0.9381468296051025,0.9515388011932373,0.9695863127708435,0.919285774230957,0.8517427444458008,0.947604238986969,0.950901448726654,0.9718911647796631,0.9199484586715698,0.8529094457626343,0.94642573595047,0.9518049955368042,0.9718431830406189,0.913966178894043,0.8427718281745911,0.9445341229438782,0.9514968991279602,0.971255898475647,0.9096512794494629,0.8354419469833374,0.9446326494216919,0.95383620262146,0.971957266330719
102,0.32541051506996155,0.07093337923288345,0.06249510496854782,0.06177162006497383,0.06538687646389008,0.06482348591089249,0.9162099957466125,0.8466777801513672,0.942410945892334,0.9513753652572632,0.9706618189811707,0.9258357882499695,0.8630566596984863,0.9523537755012512,0.9528805017471313,0.9737177491188049,0.9268835783004761,0.8648588061332703,0.9519008994102478,0.9552003741264343,0.9742714166641235,0.9224172830581665,0.8572484850883484,0.9521341919898987,0.9534194469451904,0.9738165736198425,0.9176151156425476,0.8489323854446411,0.9503319263458252,0.9555637836456299,0.9739615321159363
103,0.3381379246711731,0.0708596259355545,0.06475462019443512,0.06577268242835999,0.06970100104808807,0.06705004721879959,0.9205836057662964,0.8536475300788879,0.9415121078491211,0.9506716132164001,0.9702219367027283,0.9254425168037415,0.8620508313179016,0.9480850100517273,0.9527244567871094,0.9725468754768372,0.9249140620231628,0.8611899614334106,0.9473347067832947,0.9534926414489746,0.9725713133811951,0.9198002815246582,0.8525004386901855,0.9466003775596619,0.9518744349479675,0.9719093441963196,0.917465090751648,0.8483420610427856,0.9467438459396362,0.9543407559394836,0.9726601839065552
104,0.32856327295303345,0.07244253158569336,0.06247510388493538,0.06223228573799133,0.06575383245944977,0.0656595379114151,0.911523699760437,0.8387584686279297,0.9380038380622864,0.952848494052887,0.9699245691299438,0.9247859716415405,0.8610458374023438,0.9506032466888428,0.9538819789886475,0.9735467433929443,0.9247162938117981,0.8610432744026184,0.949247419834137,0.955848217010498,0.9737566709518433,0.9195979237556458,0.8523295521736145,0.9484879374504089,0.9542158246040344,0.9730847477912903,0.9145760536193848,0.8437007665634155,0.9474066495895386,0.9566991925239563,0.973514199256897
105,0.3159230351448059,0.06811070442199707,0.06044173985719681,0.06041714549064636,0.0640590488910675,0.06289442628622055,0.918705940246582,0.8506394624710083,0.9466737508773804,0.9516332149505615,0.9718587398529053,0.9280061721801758,0.8665115237236023,0.9544736742973328,0.95352703332901,0.9744651913642883,0.9284491539001465,0.8673185110092163,0.9534386992454529,0.9557987451553345,0.9748513698577881,0.9236615896224976,0.8591083288192749,0.9521561861038208,0.9545661807060242,0.9741551876068115,0.9193850755691528,0.8516860008239746,0.9521841406822205,0.9560325145721436,0.9745870232582092
106,0.3031087815761566,0.0658627301454544,0.05785723775625229,0.0576019287109375,0.06132873147726059,0.060458194464445114,0.9225529432296753,0.8572913408279419,0.9455488920211792,0.955091118812561,0.9725605249404907,0.9307926893234253,0.8714505434036255,0.9535532593727112,0.9578003883361816,0.9754600524902344,0.9315332174301147,0.8727203607559204,0.9531838297843933,0.9592669606208801,0.975784182548523,0.9267253875732422,0.8644294738769531,0.9522671103477478,0.9576001167297363,0.975061297416687,0.9226584434509277,0.8573377728462219,0.9517807960510254,0.9597875475883484,0.9755607843399048
107,0.2964334189891815,0.06504201889038086,0.056659989058971405,0.056050509214401245,0.059465061873197556,0.059215836226940155,0.9245313405990601,0.8604249954223633,0.9471724629402161,0.9545729756355286,0.9728403687477112,0.9331866502761841,0.8753930926322937,0.9554967284202576,0.9576123952865601,0.975921094417572,0.9342549443244934,0.8772586584091187,0.9558671116828918,0.9587380290031433,0.9763444066047668,0.929879367351532,0.8696581721305847,0.955038845539093,0.957638680934906,0.9758073091506958,0.9252460598945618,0.8615566492080688,0.9541381597518921,0.9594466686248779,0.976089358329773
108,0.29735544323921204,0.06531794369220734,0.057220708578825,0.056052617728710175,0.059486132115125656,0.0592779815196991,0.9225876927375793,0.8571864366531372,0.9466182589530945,0.9548207521438599,0.972765326499939,0.9320990443229675,0.8734563589096069,0.9553963541984558,0.9577912092208862,0.9759461879730225,0.9336212873458862,0.8761199712753296,0.9552111625671387,0.9597532749176025,0.9764626622200012,0.9291672706604004,0.8683619499206543,0.9541115760803223,0.9587491154670715,0.9758815765380859,0.9241673350334167,0.8597000241279602,0.9533877968788147,0.9602615833282471,0.9761239290237427
109,0.3009200692176819,0.06605859845876694,0.05741572380065918,0.056949716061353683,0.06051450967788696,0.05998159572482109,0.9223087430000305,0.8567487001419067,0.9482715725898743,0.9520673155784607,0.9724054932594299,0.9324029088020325,0.8740819692611694,0.9574025869369507,0.953920841217041,0.9753531217575073,0.933057963848114,0.8752599954605103,0.9575799703598022,0.955105185508728,0.9757452607154846,0.9283536672592163,0.8671209216117859,0.9562837481498718,0.9540805816650391,0.9751042723655701,0.9236901998519897,0.8589881658554077,0.9555902481079102,0.9558916687965393,0.9754475951194763
110,0.3169558644294739,0.06716716289520264,0.060834623873233795,0.06130572035908699,0.06455302983522415,0.06309538334608078,0.921769917011261,0.855920135974884,0.9444827437400818,0.9548329710960388,0.9722044467926025,0.9311264157295227,0.8719148635864258,0.9509662985801697,0.9562985897064209,0.9743414521217346,0.9311370849609375,0.8719635009765625,0.9491356015205383,0.9576711654663086,0.9742514491081238,0.9257882833480835,0.8627079725265503,0.9470111131668091,0.957433819770813,0.9736201167106628,0.9220091700553894,0.856153666973114,0.9481780529022217,0.9588397741317749,0.9743322730064392
111,0.3027976453304291,0.0657249167561531,0.058115262538194656,0.057653315365314484,0.06103822588920593,0.060265980660915375,0.9233441352844238,0.8583575487136841,0.9463176131248474,0.9533393383026123,0.9722586274147034,0.9308609962463379,0.8713016510009766,0.9547459483146667,0.9560378193855286,0.9752665162086487,0.9316770434379578,0.8727284669876099,0.9543645977973938,0.9574854373931885,0.9755842685699463,0.9270159602165222,0.8646370768547058,0.9530935287475586,0.9559099674224854,0.9747922420501709,0.9230356216430664,0.8577184677124023,0.952837347984314,0.9579403400421143,0.9753105044364929
112,0.3003825545310974,0.06507983058691025,0.05725686624646187,0.05756021663546562,0.060654085129499435,0.05983160808682442,0.9228788614273071,0.8578469157218933,0.9495687484741211,0.9529517292976379,0.9730040431022644,0.9314071536064148,0.8725059628486633,0.9563703536987305,0.9567668437957764,0.9759079217910767,0.931918740272522,0.873454213142395,0.9554843902587891,0.9573840498924255,0.975851833820343,0.927381694316864,0.8656355738639832,0.9537261128425598,0.9568369388580322,0.9752277135848999,0.9231197237968445,0.8581641316413879,0.9546350240707397,0.958217203617096,0.9758672118186951
113,0.30198782682418823,0.06578937917947769,0.057652853429317474,0.05764371156692505,0.06069871038198471,0.06020320579409599,0.9218123555183411,0.8559712171554565,0.9491497874259949,0.951926589012146,0.9725959897041321,0.9325250387191772,0.8743892908096313,0.9583766460418701,0.9539585709571838,0.9756212830543518,0.9324661493301392,0.8743652105331421,0.9567797183990479,0.9561941623687744,0.9758501648902893,0.9281612634658813,0.8668892979621887,0.9558831453323364,0.9547837972640991,0.9752032160758972,0.9233089685440063,0.8584272265434265,0.9555599689483643,0.9566645622253418,0.9756636023521423
114,0.3156670033931732,0.06697157025337219,0.06007228046655655,0.06110917404294014,0.0647222250699997,0.06279171258211136,0.921992301940918,0.8565354347229004,0.9447939991950989,0.9549281001091003,0.9723140597343445,0.9295977354049683,0.8694664239883423,0.950835645198822,0.9571775794029236,0.9745601415634155,0.9289116859436035,0.8684614300727844,0.9492565989494324,0.9575293064117432,0.9742428064346313,0.9245330691337585,0.8609134554862976,0.948190450668335,0.9559412002563477,0.9735037684440613,0.9208909869194031,0.8545530438423157,0.9486002326011658,0.9586672782897949,0.9743949770927429
115,0.325261652469635,0.06829299032688141,0.06224068999290466,0.06370595842599869,0.06681942939758301,0.06420265138149261,0.9206689596176147,0.8540034294128418,0.9470312595367432,0.9512335062026978,0.9718368649482727,0.9285165071487427,0.8674561381340027,0.9523303508758545,0.9544368386268616,0.9741637110710144,0.9283102750778198,0.8671516180038452,0.9500463604927063,0.9550957083702087,0.9737508296966553,0.9234883189201355,0.8588563203811646,0.9494119882583618,0.9538070559501648,0.9732105135917664,0.9199185371398926,0.8526315689086914,0.9502590298652649,0.9560157060623169,0.9740726351737976
116,0.3081590533256531,0.06675732880830765,0.05891961604356766,0.05889342352747917,0.06216347962617874,0.061425186693668365,0.9222244024276733,0.8565095663070679,0.9468625783920288,0.951791524887085,0.971954345703125,0.9316115379333496,0.872696042060852,0.9550319910049438,0.9547545313835144,0.974969744682312,0.9319046139717102,0.873203456401825,0.9546120762825012,0.9556980729103088,0.9751326441764832,0.9266252517700195,0.8640569448471069,0.9527621269226074,0.9548743963241577,0.9744046330451965,0.9227035641670227,0.8572287559509277,0.9529308080673218,0.9566717147827148,0.9749693274497986
117,0.2860042154788971,0.06309327483177185,0.05461309477686882,0.05386468768119812,0.057285018265247345,0.05714821815490723,0.9239383935928345,0.8597857356071472,0.9489384889602661,0.9561355710029602,0.9737576842308044,0.9335423707962036,0.8762198686599731,0.957220196723938,0.9589881300926208,0.9767758846282959,0.9348353147506714,0.878475546836853,0.9578857421875,0.9596253633499146,0.9771366119384766,0.9307409524917603,0.8713393211364746,0.9558584094047546,0.9587742686271667,0.9763525724411011,0.9255406260490417,0.8623026013374329,0.9557410478591919,0.9604055285453796,0.9767911434173584
118,0.28938862681388855,0.06395713984966278,0.0553743951022625,0.054799117147922516,0.05742868036031723,0.05782933905720711,0.9218141436576843,0.8562413454055786,0.9490059018135071,0.9539999961853027,0.97315913438797,0.9316191673278809,0.873041033744812,0.9571858048439026,0.9577569365501404,0.9764108061790466,0.9317723512649536,0.8734237551689148,0.9562636017799377,0.9599733352661133,0.9768057465553284,0.9284119606018066,0.8675862550735474,0.9553794264793396,0.9589815735816956,0.9762851595878601,0.9230751991271973,0.8582894206047058,0.9552845358848572,0.9600918292999268,0.9765795469284058
119,0.2697475254535675,0.06115008145570755,0.051452528685331345,0.05016141012310982,0.05298075079917908,0.0540027841925621,0.9273096323013306,0.865123450756073,0.9518165588378906,0.9567073583602905,0.9746845364570618,0.938180148601532,0.8840546607971191,0.9611992239952087,0.960222601890564,0.978190004825592,0.9396829605102539,0.8867045640945435,0.9611955285072327,0.9621295928955078,0.9787394404411316,0.9362233877182007,0.880622386932373,0.9596389532089233,0.961693525314331,0.9781991243362427,0.930096447467804,0.869848370552063,0.9591888189315796,0.9624334573745728,0.978291928768158
120,0.3440510630607605,0.07169655710458755,0.06584267318248749,0.06781350821256638,0.07080633193254471,0.06789198517799377,0.9198158383369446,0.8525251150131226,0.9416166543960571,0.9490557312965393,0.9697816371917725,0.9273802638053894,0.8656870126724243,0.9464839696884155,0.9512720108032227,0.9717039465904236,0.9269092679023743,0.8651107549667358,0.9436072707176208,0.9520882964134216,0.9711827635765076,0.9224761128425598,0.857525646686554,0.9422606229782104,0.9517493844032288,0.970730185508728,0.9188183546066284,0.850981593132019,0.9437305927276611,0.9537221193313599,0.9716863036155701
121,0.30119702219963074,0.0651496946811676,0.05727832391858101,0.057939331978559494,0.06093309447169304,0.05989660695195198,0.9240468740463257,0.8596774935722351,0.9472361207008362,0.9541628956794739,0.9727389216423035,0.9331809878349304,0.8754576444625854,0.9542316794395447,0.9585881233215332,0.9758670926094055,0.9343379139900208,0.877495288848877,0.9537425637245178,0.9588292837142944,0.9758066534996033,0.9301477670669556,0.8702018857002258,0.9523285627365112,0.9575422406196594,0.9750608801841736,0.9251937866210938,0.8615431785583496,0.9527387619018555,0.9595232605934143,0.9757395386695862
122,0.28010833263397217,0.06162437051534653,0.053558360785245895,0.05321980267763138,0.05576670914888382,0.055939070880413055,0.9258542060852051,0.8631149530410767,0.9510620832443237,0.955337643623352,0.9740893244743347,0.9347367286682129,0.8784898519515991,0.9589422345161438,0.9583167433738708,0.9770388007164001,0.9351629018783569,0.879336953163147,0.9593245387077332,0.9591389894485474,0.9773783087730408,0.932217001914978,0.8742016553878784,0.9587822556495667,0.9579870700836182,0.9769008755683899,0.9267673492431641,0.864619255065918,0.9580466151237488,0.959704577922821,0.9772022366523743
123,0.29727619886398315,0.06347748637199402,0.056519944220781326,0.057341158390045166,0.06079842895269394,0.059139154851436615,0.9254800081253052,0.8620837330818176,0.9510290622711182,0.953364372253418,0.9735089540481567,0.9344493746757507,0.8776537775993347,0.9571958780288696,0.9569476246833801,0.9761790037155151,0.9343500137329102,0.8775355219841003,0.9561091065406799,0.9574054479598999,0.9760236144065857,0.9298980832099915,0.8698394894599915,0.9539433717727661,0.9567909240722656,0.975271999835968,0.9256573915481567,0.8623482584953308,0.9552982449531555,0.9583397507667542,0.9760785698890686
124,0.2737431228160858,0.0608241967856884,0.05227896571159363,0.05155600979924202,0.054330818355083466,0.05475323647260666,0.9275223612785339,0.8656293153762817,0.9530445337295532,0.9547569155693054,0.9744452238082886,0.9364846348762512,0.8812133073806763,0.9601734280586243,0.9595004916191101,0.9777084589004517,0.9379003643989563,0.8836997747421265,0.9606290459632874,0.9607501029968262,0.9781907200813293,0.9339231252670288,0.876732349395752,0.9584238529205322,0.960613489151001,0.9775646328926086,0.9287713766098022,0.8676859736442566,0.9590123891830444,0.9612095355987549,0.9778929352760315
125,0.2667897343635559,0.05973755568265915,0.05084682255983353,0.04988481476902962,0.05289100483059883,0.0534294955432415,0.9274584054946899,0.8655511140823364,0.9536710977554321,0.9560418128967285,0.9749832153320312,0.9376002550125122,0.8831861615180969,0.9605327844619751,0.9611204266548157,0.978272020816803,0.9381902813911438,0.8842391967773438,0.9608834385871887,0.9628437757492065,0.9788617491722107,0.9350020289421082,0.878648579120636,0.9592429399490356,0.9618162512779236,0.978128969669342,0.9292365908622742,0.8685175776481628,0.9595592021942139,0.9627484083175659,0.9784811735153198
126,0.2719828188419342,0.061072222888469696,0.0515916533768177,0.0512048676609993,0.05392046645283699,0.05419359356164932,0.9288562536239624,0.8678376078605652,0.9511982202529907,0.9570894241333008,0.9746308922767639,0.9395791292190552,0.8865067362785339,0.9595527648925781,0.9613316655158997,0.9780719876289368,0.9407259225845337,0.8885462880134583,0.9588638544082642,0.9624756574630737,0.9782174229621887,0.9377687573432922,0.8833282589912415,0.9581813812255859,0.9612218737602234,0.9776752591133118,0.9314548373222351,0.8722063899040222,0.9578765630722046,0.962727963924408,0.9780265688896179
127,0.2662925124168396,0.0598834753036499,0.0507865734398365,0.04979889094829559,0.05266798287630081,0.05315553396940231,0.9279090762138367,0.8665143847465515,0.9543916583061218,0.9552160501480103,0.9749345183372498,0.9380289912223816,0.8840495347976685,0.9609558582305908,0.9610179662704468,0.9783550500869751,0.9392426609992981,0.8862217664718628,0.9606253504753113,0.9632404446601868,0.9789068698883057,0.9357515573501587,0.880088210105896,0.9589486718177795,0.9623553156852722,0.9782055020332336,0.9299734234809875,0.8699328303337097,0.9595747590065002,0.9628517031669617,0.9785149693489075
128,0.28750330209732056,0.06251433491706848,0.05474210903048515,0.05510538071393967,0.057939738035202026,0.05720175430178642,0.9284137487411499,0.867247462272644,0.9513898491859436,0.9545171856880188,0.973938524723053,0.9360777735710144,0.8807026743888855,0.9587423801422119,0.9580038189888,0.9768951535224915,0.9361315965652466,0.88086998462677,0.957724392414093,0.9589546918869019,0.9769001007080078,0.9321009516716003,0.873798668384552,0.9570276737213135,0.9571285843849182,0.9761868715286255,0.927900493144989,0.8663660883903503,0.9569928646087646,0.9594970345497131,0.9768623113632202
129,0.2568970322608948,0.05760335177183151,0.04911738261580467,0.048287421464920044,0.050542354583740234,0.05134653300046921,0.9287248849868774,0.8678463101387024,0.9559528231620789,0.9572629928588867,0.9759409427642822,0.9390468597412109,0.8857819437980652,0.9628176689147949,0.9617909789085388,0.9790739417076111,0.9405359029769897,0.8884178996086121,0.9636794328689575,0.9628056287765503,0.9795964360237122,0.9377437829971313,0.8834999799728394,0.9628804922103882,0.9618726372718811,0.979114294052124,0.9313176870346069,0.8721842765808105,0.9625083208084106,0.9633021950721741,0.9794270992279053
130,0.2586356997489929,0.05790022760629654,0.04945557564496994,0.04859691858291626,0.05102132633328438,0.05166170746088028,0.9304237365722656,0.8707562685012817,0.9551845788955688,0.9579376578330994,0.9759323000907898,0.9401792287826538,0.887771487236023,0.9618537425994873,0.9623085260391235,0.9789664149284363,0.9409513473510742,0.8891704678535461,0.9608197212219238,0.9645644426345825,0.9793385863304138,0.9378865957260132,0.883753776550293,0.9596481323242188,0.9635647535324097,0.9787391424179077,0.932074248790741,0.8735010027885437,0.9602329730987549,0.964475154876709,0.9791562557220459
131,0.3041988015174866,0.06623706221580505,0.05843137949705124,0.058579832315444946,0.0607779398560524,0.06017259880900383,0.9228102564811707,0.8576648831367493,0.9485237002372742,0.9520474672317505,0.9724661707878113,0.9320471882820129,0.8735113143920898,0.954603374004364,0.9570934176445007,0.9755343198776245,0.9329560399055481,0.8751385807991028,0.9544530510902405,0.9578988552093506,0.9757270812988281,0.9299271702766418,0.8699096441268921,0.9536885023117065,0.9568265080451965,0.9752147793769836,0.9242571592330933,0.8600123524665833,0.9538351893424988,0.9582833647727966,0.975674033164978
132,0.2635706961154938,0.05891351029276848,0.05026782676577568,0.049600109457969666,0.05199361592531204,0.0527956485748291,0.929603099822998,0.8692270517349243,0.9540863633155823,0.9566370248794556,0.975265383720398,0.9390515089035034,0.8857167363166809,0.9607275724411011,0.9621922373771667,0.9786327481269836,0.9407038688659668,0.8886397480964661,0.9605996608734131,0.9636970162391663,0.9790311455726624,0.9374205470085144,0.8828585743904114,0.9593918919563293,0.9630243182182312,0.9785157442092896,0.9315369725227356,0.8724807500839233,0.9595857858657837,0.9636813402175903,0.9787559509277344
133,0.2513285279273987,0.056820351630449295,0.04809897765517235,0.046914104372262955,0.049203671514987946,0.05029144883155823,0.9292166829109192,0.8686992526054382,0.957196831703186,0.9568099975585938,0.9761393070220947,0.9396195411682129,0.8868677020072937,0.9641148447990417,0.9620819091796875,0.9795036315917969,0.9409787058830261,0.8892776370048523,0.9642367959022522,0.9640812277793884,0.9801127314567566,0.9381893277168274,0.8843693733215332,0.9632742404937744,0.9629709720611572,0.9795360565185547,0.9317785501480103,0.8730438351631165,0.9631972312927246,0.9637913703918457,0.979751706123352
134,0.24561598896980286,0.05608000233769417,0.04704665392637253,0.045610956847667694,0.047717075794935226,0.049161262810230255,0.9321516156196594,0.873661994934082,0.954951286315918,0.9599134922027588,0.9764396548271179,0.9424715042114258,0.8917720913887024,0.9626728296279907,0.9646506309509277,0.9798585176467896,0.9441603422164917,0.8947769999504089,0.9635547399520874,0.96635901927948,0.9805840849876404,0.9422580003738403,0.8913885951042175,0.9624908566474915,0.9656192064285278,0.9800875186920166,0.9351107478141785,0.8787140846252441,0.9619949460029602,0.9662858247756958,0.9801455140113831
135,0.3236967921257019,0.06952527910470963,0.0617661252617836,0.0632520243525505,0.06522046029567719,0.06393281370401382,0.9188389778137207,0.8515803217887878,0.9489889144897461,0.9483777284622192,0.9715186953544617,0.9288484454154968,0.868390679359436,0.9549893140792847,0.9526954889297485,0.9743587374687195,0.928655743598938,0.8682111501693726,0.9536449909210205,0.9523419737815857,0.9739012122154236,0.9241892695426941,0.8607599139213562,0.9524339437484741,0.9517198801040649,0.9734007716178894,0.9196851849555969,0.8527904748916626,0.9533640146255493,0.9539604187011719,0.974298357963562
136,0.2672308087348938,0.05850831791758537,0.050924889743328094,0.05108645558357239,0.05323529243469238,0.053475845605134964,0.9304044842720032,0.8704879879951477,0.9540643692016602,0.957741379737854,0.9755785465240479,0.9378921389579773,0.8836162686347961,0.9597031474113464,0.9632444977760315,0.9786619544029236,0.9378212094306946,0.883560836315155,0.9585993885993958,0.9639478325843811,0.9785689115524292,0.9353069067001343,0.8791359663009644,0.9574260115623474,0.9631230235099792,0.9780195951461792,0.9301192164421082,0.8699706196784973,0.9581809043884277,0.9645282030105591,0.97862309217453
137,0.2840140759944916,0.06089136004447937,0.054325170814991,0.05465104430913925,0.05768171697854996,0.05646476894617081,0.9281452894210815,0.8667770624160767,0.9536174535751343,0.9542858004570007,0.9744598269462585,0.9366084337234497,0.881563663482666,0.9582799077033997,0.9581441879272461,0.9768131375312805,0.9371488690376282,0.8826144933700562,0.9577569365501404,0.9585587978363037,0.9767943024635315,0.9333876371383667,0.8760669827461243,0.9558042883872986,0.9578744173049927,0.9760783910751343,0.928583025932312,0.8675251007080078,0.957339346408844,0.9593885540962219,0.9769231081008911
138,0.2783500850200653,0.06043601781129837,0.052834104746580124,0.05340195447206497,0.05602440983057022,0.05565353110432625,0.9300075769424438,0.8700062036514282,0.9526310563087463,0.9557462334632874,0.9746224880218506,0.9381750822067261,0.8842682838439941,0.958927571773529,0.9602466821670532,0.9775928258895874,0.9381491541862488,0.88426673412323,0.9578284025192261,0.9610781669616699,0.9775399565696716,0.934376060962677,0.8776990175247192,0.9562704563140869,0.9600964188575745,0.976842999458313,0.9298449754714966,0.8696621060371399,0.957255482673645,0.9616403579711914,0.9775489568710327
139,0.26540809869766235,0.05845911428332329,0.050527192652225494,0.05051414296030998,0.05293819308280945,0.052969444543123245,0.929004967212677,0.8683367967605591,0.9551951289176941,0.9564489722251892,0.9755045771598816,0.9399492144584656,0.8873639106750488,0.9614866375923157,0.9606530666351318,0.9783908724784851,0.9403384327888489,0.888063907623291,0.9613326191902161,0.9614965319633484,0.9785934686660767,0.9372854232788086,0.8826844096183777,0.9599877595901489,0.960574209690094,0.9779693484306335,0.9312564134597778,0.8720756769180298,0.9605304598808289,0.961937427520752,0.978506863117218
140,0.47828808426856995,0.09820923954248428,0.09191885590553284,0.0968700498342514,0.09815912693738937,0.09313075244426727,0.8946723937988281,0.8123903274536133,0.9200364947319031,0.9373700618743896,0.960763692855835,0.9046556353569031,0.8285406231880188,0.9266016483306885,0.9394915699958801,0.963082492351532,0.9004899263381958,0.8222673535346985,0.9227999448776245,0.939078688621521,0.9619759917259216,0.8947264552116394,0.8129245638847351,0.9222155809402466,0.9396739602088928,0.9619969725608826,0.8927776217460632,0.8093317151069641,0.9231483340263367,0.9425675272941589,0.9630757570266724
141,0.3286224901676178,0.07034468650817871,0.06291577965021133,0.06361837685108185,0.06656239926815033,0.06518116593360901,0.9145312309265137,0.8441130518913269,0.9431333541870117,0.9514288306236267,0.970867395401001,0.9256957173347473,0.8628147840499878,0.9499097466468811,0.9546297788619995,0.9735800623893738,0.9258888363838196,0.8632103800773621,0.9489843249320984,0.9550313949584961,0.9734514951705933,0.9216693043708801,0.8563104867935181,0.9471742510795593,0.9538909792900085,0.972644031047821,0.916519820690155,0.8472493290901184,0.9479379057884216,0.9561558365821838,0.9734986424446106
142,0.2681888937950134,0.059249669313430786,0.051479123532772064,0.05074363201856613,0.05307764559984207,0.05363882705569267,0.927639365196228,0.8661653399467468,0.952454149723053,0.9580637216567993,0.975244402885437,0.9365997314453125,0.8816989064216614,0.9599937200546265,0.961195170879364,0.9781500697135925,0.9377570152282715,0.8837202191352844,0.9606441259384155,0.9619594216346741,0.9785434603691101,0.9360474348068237,0.8807659149169922,0.9591975808143616,0.9611364006996155,0.977921187877655,0.9294170141220093,0.8690970540046692,0.9588716626167297,0.9627585411071777,0.9783007502555847
143,0.2568655014038086,0.05700821429491043,0.048980630934238434,0.04853839427232742,0.050945915281772614,0.05139242857694626,0.92963045835495,0.869463324546814,0.9574195742607117,0.9567170739173889,0.9761713743209839,0.9389028549194336,0.8855810165405273,0.9630679488182068,0.9625442624092102,0.9793580174446106,0.939795196056366,0.8871887922286987,0.9628694653511047,0.9638100266456604,0.9796695709228516,0.9378902316093445,0.8838704824447632,0.9614275097846985,0.9632775187492371,0.9791315793991089,0.9313921928405762,0.8723929524421692,0.9620806574821472,0.9637818932533264,0.9794508814811707
144,0.24794204533100128,0.055448491126298904,0.04734477400779724,0.046701088547706604,0.04879298806190491,0.04965468496084213,0.9312799572944641,0.8721954226493835,0.9584091901779175,0.957243800163269,0.9765864014625549,0.9407581090927124,0.8887994885444641,0.9645172953605652,0.9622485041618347,0.9796590209007263,0.9421021342277527,0.8911731839179993,0.9646227359771729,0.9634140729904175,0.9800235629081726,0.9398175477981567,0.8871474266052246,0.9633127450942993,0.9628025889396667,0.9794977903366089,0.933347225189209,0.8756920695304871,0.9639241695404053,0.9637077450752258,0.9799216985702515
145,0.26387834548950195,0.05859376862645149,0.05039079114794731,0.04973868280649185,0.05236653611063957,0.05278850719332695,0.9302582740783691,0.8703441619873047,0.9541519284248352,0.9577195048332214,0.9755954742431641,0.9399760365486145,0.8873526453971863,0.9601743221282959,0.9617807865142822,0.9783668518066406,0.9404323697090149,0.8881610035896301,0.959429919719696,0.963322639465332,0.9786115288734436,0.9373499751091003,0.8827615976333618,0.958379864692688,0.9621952176094055,0.9780079126358032,0.9316772222518921,0.8727228045463562,0.9587520360946655,0.9635728001594543,0.9785022735595703
146,0.23755279183387756,0.054230719804763794,0.04543433338403702,0.04409512132406235,0.04610870033502579,0.04768391698598862,0.9337819814682007,0.8764077425003052,0.957825243473053,0.960178017616272,0.9772799015045166,0.9441272616386414,0.8946124911308289,0.9651869535446167,0.964895486831665,0.980600893497467,0.9458651542663574,0.897711455821991,0.965703547000885,0.9664903283119202,0.9811971187591553,0.9436928033828735,0.8938455581665039,0.9656590819358826,0.9646292924880981,0.9806504845619202,0.9366928935050964,0.881395161151886,0.9647735357284546,0.966198205947876,0.9808643460273743
147,0.2314784824848175,0.05319788306951523,0.0441073402762413,0.042868226766586304,0.04480981081724167,0.0464952178299427,0.9339369535446167,0.8767374753952026,0.9589096903800964,0.9605003595352173,0.9776612520217896,0.9450029134750366,0.8962019681930542,0.9666885733604431,0.9656258821487427,0.9812124967575073,0.946506679058075,0.8988997340202332,0.9664616584777832,0.9677449464797974,0.981759786605835,0.9444402456283569,0.8952175378799438,0.9657154679298401,0.9667386412620544,0.981271505355835,0.9372344017028809,0.8823901414871216,0.9656480550765991,0.967549741268158,0.9814857244491577
148,0.23097562789916992,0.05271061509847641,0.04407759755849838,0.04299503564834595,0.04483044147491455,0.04636199027299881,0.9338232278823853,0.8765978813171387,0.9593772292137146,0.9601711630821228,0.9776906371116638,0.9440752267837524,0.8946994543075562,0.9657800793647766,0.9665691256523132,0.9812402129173279,0.9455950856208801,0.8973941802978516,0.9661719799041748,0.9682334661483765,0.9818218350410461,0.9434632062911987,0.8936017155647278,0.9653281569480896,0.9670701622962952,0.981262743473053,0.936549961566925,0.8812916874885559,0.9653533697128296,0.96790611743927,0.9815086126327515
149,0.22372062504291534,0.052007682621479034,0.04258299991488457,0.04125010222196579,0.0429614819586277,0.04491834715008736,0.9360244870185852,0.8803819417953491,0.9597773551940918,0.9613306522369385,0.9781314730644226,0.947149932384491,0.9000908136367798,0.9668008685112,0.9678646922111511,0.9818850159645081,0.9489575624465942,0.9033405184745789,0.9670414924621582,0.969576895236969,0.9824390411376953,0.9476538896560669,0.9009987711906433,0.9666473269462585,0.9687644839286804,0.9821012020111084,0.9397822618484497,0.8869043588638306,0.9663287401199341,0.9691433310508728,0.9821237921714783
