,loss,side_6_loss,side_7_loss,side_8_loss,activation_384_loss,add_119_loss,side_6_dice_coef,side_6_jacard,side_6_recall_4,side_6_precision_4,side_6_accuracy,side_7_dice_coef,side_7_jacard,side_7_recall_4,side_7_precision_4,side_7_accuracy,side_8_dice_coef,side_8_jacard,side_8_recall_4,side_8_precision_4,side_8_accuracy,activation_384_dice_coef,activation_384_jacard,activation_384_recall_4,activation_384_precision_4,activation_384_accuracy,add_119_dice_coef,add_119_jacard,add_119_recall_4,add_119_precision_4,add_119_accuracy
0,0.37157759070396423,0.04980994015932083,0.06016513332724571,0.06998070329427719,0.12638302147388458,0.0652390569448471,0.12226017564535141,0.07183065265417099,0.10200680047273636,0.5462263226509094,0.9883167743682861,0.08822625130414963,0.050383199006319046,0.03575679287314415,0.4564902186393738,0.9880308508872986,0.06731903553009033,0.037497203797101974,0.007356651127338409,0.3206060528755188,0.9880144596099854,0.0147776510566473,0.00761920353397727,0.01428278535604477,0.014304405078291893,0.9765830636024475,0.06889529526233673,0.03791225329041481,0.002398592187091708,0.07227551192045212,0.9877749681472778
1,0.1667151004076004,0.030590178444981575,0.03142468258738518,0.032626643776893616,0.0399773046374321,0.03209616616368294,0.2248241901397705,0.1424826830625534,0.285175085067749,0.6263889074325562,0.9894810318946838,0.21446733176708221,0.13380572199821472,0.2531733512878418,0.5818260908126831,0.9889586567878723,0.19847537577152252,0.12188290059566498,0.17861653864383698,0.5213744640350342,0.9882858991622925,0.13162647187709808,0.07536186277866364,0.01587216556072235,0.402457594871521,0.9880209565162659,0.19228482246398926,0.11700639873743057,0.15770402550697327,0.6323566436767578,0.9888962507247925
2,0.146022230386734,0.027705024927854538,0.02798948436975479,0.028707770630717278,0.03333490341901779,0.02828514389693737,0.2565158009529114,0.1672130525112152,0.3520110845565796,0.6527360081672668,0.9900711178779602,0.2521646320819855,0.16298753023147583,0.35664111375808716,0.631669819355011,0.9898791313171387,0.24507193267345428,0.15741707384586334,0.34449610114097595,0.5976511836051941,0.9894500970840454,0.19301927089691162,0.11694058030843735,0.09852907061576843,0.500399112701416,0.9881147742271423,0.23701710999011993,0.15051624178886414,0.30952775478363037,0.6521406769752502,0.9898286461830139
3,0.13520479202270508,0.026223214343190193,0.026054183021187782,0.026559166610240936,0.030105996876955032,0.02626233920454979,0.2768727242946625,0.18374966084957123,0.3901265859603882,0.65993732213974,0.9903590679168701,0.2778523862361908,0.18425025045871735,0.40811118483543396,0.6489766240119934,0.9903393387794495,0.27078476548194885,0.178399458527565,0.410457968711853,0.6260514855384827,0.9900767803192139,0.22879932820796967,0.14381356537342072,0.2301347404718399,0.5550045371055603,0.9886547327041626,0.2638714015483856,0.17209433019161224,0.3848940432071686,0.6569147706031799,0.9902991652488708
4,0.12898032367229462,0.02517181821167469,0.02496287226676941,0.025359727442264557,0.028378238901495934,0.025107743218541145,0.28946590423583984,0.19481037557125092,0.41721782088279724,0.6751514673233032,0.9906855225563049,0.2933673560619354,0.19810578227043152,0.43937546014785767,0.6667730808258057,0.990725576877594,0.2877825200557709,0.19321373105049133,0.443785697221756,0.6503903865814209,0.9905526041984558,0.25308412313461304,0.16320660710334778,0.34425124526023865,0.594419002532959,0.9894129037857056,0.2810823917388916,0.18690915405750275,0.4274212419986725,0.6685643792152405,0.9906737208366394
5,0.12282854318618774,0.024169672280550003,0.02380572073161602,0.024155693128705025,0.026750467717647552,0.023947102949023247,0.29791560769081116,0.20326565206050873,0.44846272468566895,0.6886364817619324,0.9910329580307007,0.30266013741493225,0.2072402387857437,0.4737364947795868,0.6791338324546814,0.9910831451416016,0.2967548072338104,0.2019049972295761,0.4772603511810303,0.6676559448242188,0.9909605979919434,0.2676299810409546,0.1761031299829483,0.43700647354125977,0.621320366859436,0.9901407957077026,0.2914881408214569,0.1968536525964737,0.4680967926979065,0.6807079911231995,0.9910678267478943
6,0.12043062597513199,0.02365281619131565,0.023393329232931137,0.023733310401439667,0.026129137724637985,0.023522106930613518,0.3124202489852905,0.2151200771331787,0.4582845866680145,0.693041205406189,0.9911472201347351,0.3160087764263153,0.21808139979839325,0.4800293743610382,0.6818577647209167,0.9911571145057678,0.3107316195964813,0.21313172578811646,0.48701417446136475,0.668911337852478,0.9910358190536499,0.2819523513317108,0.18729549646377563,0.45642414689064026,0.6223382353782654,0.9902452230453491,0.3054637610912323,0.20807687938213348,0.478067010641098,0.6803716421127319,0.9911243915557861
7,0.11660758405923843,0.022920647636055946,0.022677810862660408,0.023004228249192238,0.025218771770596504,0.02278612181544304,0.31602752208709717,0.21900001168251038,0.4811153709888458,0.7033212184906006,0.9914195537567139,0.32050085067749023,0.22284500300884247,0.5009151101112366,0.6946545839309692,0.991449236869812,0.3152675926685333,0.2180405855178833,0.5004236698150635,0.6864275336265564,0.9913439750671387,0.2908562123775482,0.19542893767356873,0.49552229046821594,0.6493785381317139,0.9908220767974854,0.3108089864253998,0.21354815363883972,0.4991779625415802,0.6946563124656677,0.9914382100105286
8,0.11309950798749924,0.02224702388048172,0.02198469266295433,0.022303657606244087,0.02442110702395439,0.02214297279715538,0.3206920921802521,0.224073126912117,0.48799678683280945,0.7062084674835205,0.9914991855621338,0.32512080669403076,0.22782683372497559,0.5104835629463196,0.6956806182861328,0.9915267825126648,0.3194807469844818,0.22241711616516113,0.5025386810302734,0.6935281753540039,0.991446316242218,0.295221209526062,0.1999707818031311,0.5063851475715637,0.6576802730560303,0.9909985065460205,0.315263569355011,0.21825942397117615,0.5041206479072571,0.6977240443229675,0.9915091395378113
9,0.10951022058725357,0.021631602197885513,0.02134857140481472,0.02160993590950966,0.023441119119524956,0.021478906273841858,0.3282500207424164,0.23071332275867462,0.49979811906814575,0.7100005745887756,0.9916265606880188,0.3327277600765228,0.23435863852500916,0.517958402633667,0.7035118937492371,0.9916741847991943,0.32740405201911926,0.22928251326084137,0.5063518285751343,0.7046204209327698,0.9916089773178101,0.3063749372959137,0.20952056348323822,0.5185611844062805,0.6744289994239807,0.9913009405136108,0.323832243680954,0.22571802139282227,0.5118895769119263,0.7064557075500488,0.9916691184043884
10,0.10841624438762665,0.02139541320502758,0.021170470863580704,0.021423224359750748,0.02315491810441017,0.02127230353653431,0.3343951106071472,0.23628965020179749,0.5118027329444885,0.7114539742469788,0.9917283654212952,0.3389902114868164,0.240352064371109,0.5308477282524109,0.7058664560317993,0.9917939901351929,0.3346022665500641,0.23600125312805176,0.5248546600341797,0.7024790048599243,0.9917090535163879,0.3155917227268219,0.21783123910427094,0.540645956993103,0.6758478283882141,0.9914570450782776,0.33101141452789307,0.23240378499031067,0.5286298990249634,0.7057369351387024,0.9917755722999573
11,0.10467886179685593,0.020652854815125465,0.020388375967741013,0.02067503146827221,0.022430475801229477,0.020532025024294853,0.3392232358455658,0.24176225066184998,0.530023992061615,0.7168986201286316,0.9919242858886719,0.34368079900741577,0.24570557475090027,0.5473352074623108,0.7117708921432495,0.9919848442077637,0.3383312225341797,0.2404630482196808,0.5383478403091431,0.7109787464141846,0.991910994052887,0.31899189949035645,0.22204314172267914,0.5451276302337646,0.6863612532615662,0.9916318655014038,0.335163414478302,0.23723049461841583,0.5405844449996948,0.7142384052276611,0.9919670820236206
12,0.10165068507194519,0.020098727196455002,0.0198060292750597,0.020077871158719063,0.021723520010709763,0.019944526255130768,0.3490353226661682,0.24960502982139587,0.5405070185661316,0.722466230392456,0.9920700788497925,0.3550040125846863,0.2550128102302551,0.556361198425293,0.7221603989601135,0.992181658744812,0.35066622495651245,0.25073495507240295,0.5423557758331299,0.724151611328125,0.992103636264801,0.33272966742515564,0.2334650754928589,0.5496824979782104,0.7017784118652344,0.9918703436851501,0.3470064103603363,0.24703054130077362,0.5468622446060181,0.7259087562561035,0.9921590089797974
13,0.09922371804714203,0.019709588959813118,0.01935107819736004,0.01958058960735798,0.021087948232889175,0.019494634121656418,0.35215482115745544,0.2530987858772278,0.5502557158470154,0.7266765832901001,0.9921932220458984,0.3574981391429901,0.2580079734325409,0.5646688938140869,0.7272368669509888,0.9923069477081299,0.35316047072410583,0.2535925507545471,0.5526841878890991,0.7273472547531128,0.9922194480895996,0.33586037158966064,0.23689411580562592,0.5548948645591736,0.7085475921630859,0.9919954538345337,0.3498002588748932,0.2502366006374359,0.5545699596405029,0.73012775182724,0.9922678470611572
14,0.09607473015785217,0.0191149041056633,0.01876143179833889,0.0189422145485878,0.02039238065481186,0.01886371336877346,0.3561422824859619,0.25812867283821106,0.5685238838195801,0.7392765879631042,0.9924864768981934,0.3623703718185425,0.26425936818122864,0.5797958970069885,0.7412488460540771,0.9925990700721741,0.35879188776016235,0.26060834527015686,0.571532666683197,0.7414795160293579,0.9925380945205688,0.3425571322441101,0.24461184442043304,0.5725129842758179,0.7241420745849609,0.9923266768455505,0.35500776767730713,0.2566281855106354,0.5733039975166321,0.744746744632721,0.9925925731658936
15,0.09283985197544098,0.018514271825551987,0.018123462796211243,0.018289705738425255,0.019683105871081352,0.01822941191494465,0.3677811026573181,0.26887834072113037,0.5859848856925964,0.7441554665565491,0.9926835894584656,0.37451958656311035,0.2755183279514313,0.6017721891403198,0.7443445920944214,0.9928097724914551,0.3710137605667114,0.2717539370059967,0.5943787693977356,0.7445053458213806,0.9927533268928528,0.35635194182395935,0.2570360600948334,0.5877772569656372,0.732912540435791,0.992552638053894,0.36744317412376404,0.2680668830871582,0.5924463272094727,0.7491502165794373,0.9927971959114075
16,0.09011079370975494,0.017968235537409782,0.0175959300249815,0.017770683392882347,0.01906047947704792,0.01771553047001362,0.37496110796928406,0.27562272548675537,0.598314106464386,0.7447211742401123,0.9927862882614136,0.3810969293117523,0.2819114923477173,0.6118445992469788,0.7490004301071167,0.9929484128952026,0.37734362483024597,0.27798473834991455,0.6051841378211975,0.7482500076293945,0.9928858876228333,0.36257505416870117,0.26317298412323,0.5982833504676819,0.7363576889038086,0.992677628993988,0.373965859413147,0.2743893265724182,0.6035890579223633,0.7519640922546387,0.9929211139678955
17,0.08686927706003189,0.0173470638692379,0.01693909429013729,0.017126353457570076,0.018393900245428085,0.01706281304359436,0.3778539001941681,0.2796241343021393,0.6109986901283264,0.7515953183174133,0.9929761290550232,0.3844360113143921,0.286374568939209,0.6222391128540039,0.7562837600708008,0.9931261539459229,0.3809399902820587,0.28246843814849854,0.6196841597557068,0.7535863518714905,0.9930707216262817,0.3673096001148224,0.2688171863555908,0.6106732487678528,0.7468903660774231,0.9929121136665344,0.37764808535575867,0.27910828590393066,0.616373598575592,0.759249746799469,0.9931163191795349
18,0.085013747215271,0.016927771270275116,0.01656242460012436,0.016767069697380066,0.01805996336042881,0.01669641025364399,0.3910923898220062,0.2902929484844208,0.6249061822891235,0.754282534122467,0.9931208491325378,0.3978976011276245,0.2972920536994934,0.6394096612930298,0.7556837797164917,0.9932552576065063,0.3947443962097168,0.2936742901802063,0.6366608142852783,0.7517197132110596,0.9931809306144714,0.37929290533065796,0.2778914272785187,0.6231095194816589,0.7449396252632141,0.9929822087287903,0.39064857363700867,0.2894044816493988,0.6309146285057068,0.7583569884300232,0.9932224154472351
19,0.08213195204734802,0.01637611910700798,0.01600877195596695,0.016201479360461235,0.01740715093910694,0.016138438135385513,0.3843415379524231,0.28672152757644653,0.637633740901947,0.7583021521568298,0.9932767152786255,0.3902454078197479,0.29296162724494934,0.6479954719543457,0.7611551284790039,0.9933984279632568,0.38634631037712097,0.28884536027908325,0.6413233280181885,0.7590964436531067,0.9933165907859802,0.37223175168037415,0.2745303213596344,0.6275348663330078,0.7528470158576965,0.9931226968765259,0.3832833468914032,0.2855161726474762,0.6387328505516052,0.7645612955093384,0.9933676719665527
20,0.07864731550216675,0.01576627977192402,0.015312000177800655,0.015468676574528217,0.016661319881677628,0.015439140610396862,0.4011613130569458,0.3017209768295288,0.6566086411476135,0.7609570026397705,0.9934659600257874,0.40844058990478516,0.30957528948783875,0.668730616569519,0.7658709287643433,0.9936308860778809,0.40551862120628357,0.30622339248657227,0.6699134111404419,0.7604666948318481,0.9935688376426697,0.39176222681999207,0.2920224666595459,0.6483525633811951,0.758032500743866,0.9933605194091797,0.40170609951019287,0.30218613147735596,0.6615399718284607,0.7675080299377441,0.9935939908027649
21,0.07571173459291458,0.015224204398691654,0.014766058884561062,0.014901009388267994,0.015950264409184456,0.014870147220790386,0.4108302593231201,0.3106065094470978,0.6724412441253662,0.7680425643920898,0.9936927556991577,0.4187537729740143,0.3193141520023346,0.6838391423225403,0.7726516127586365,0.9938508868217468,0.41473817825317383,0.3148863911628723,0.6780297160148621,0.7708900570869446,0.993776798248291,0.40147125720977783,0.30120474100112915,0.6567068696022034,0.7706063389778137,0.9935949444770813,0.41144001483917236,0.31126606464385986,0.6736655831336975,0.777312159538269,0.9938254356384277
22,0.07402192056179047,0.014826638624072075,0.01440391968935728,0.014551117084920406,0.01571906916797161,0.01452117320150137,0.4188990592956543,0.31855687499046326,0.6838895082473755,0.774678647518158,0.993877649307251,0.4269011318683624,0.32752835750579834,0.6966882944107056,0.7790727019309998,0.9940460920333862,0.42450249195098877,0.32467159628868103,0.69732266664505,0.7744856476783752,0.9939879179000854,0.41076797246932983,0.31007513403892517,0.6740243434906006,0.7749785780906677,0.9937989115715027,0.4202050566673279,0.3198958933353424,0.6891160607337952,0.7819127440452576,0.994019091129303
23,0.0720076784491539,0.014507678337395191,0.014014368876814842,0.014152447693049908,0.01519068330526352,0.01414257101714611,0.42235907912254333,0.32215937972068787,0.6912270784378052,0.7779586911201477,0.9939848780632019,0.4311613142490387,0.3320459723472595,0.7040209770202637,0.7836214900016785,0.994170069694519,0.4284752607345581,0.3288249671459198,0.7037017941474915,0.78057861328125,0.994127094745636,0.4163249433040619,0.31573960185050964,0.6860682964324951,0.7798178195953369,0.9939660429954529,0.42453712224960327,0.324428915977478,0.6977164149284363,0.7863602638244629,0.9941529631614685
24,0.06998821347951889,0.014090094715356827,0.01363648846745491,0.01375799160450697,0.014772355556488037,0.013731230050325394,0.4332693815231323,0.3327367901802063,0.7051972150802612,0.7807844281196594,0.9941418170928955,0.4418564438819885,0.34243449568748474,0.7199037075042725,0.7861935496330261,0.9943430423736572,0.4396824836730957,0.3397843539714813,0.7206354737281799,0.7818202972412109,0.9942883849143982,0.42719629406929016,0.3263705372810364,0.6992090344429016,0.7808507680892944,0.9940918684005737,0.4353710114955902,0.33498525619506836,0.713076651096344,0.7885441184043884,0.9943146705627441
25,0.06750691682100296,0.013644960708916187,0.013108803890645504,0.013249605894088745,0.014255772344768047,0.013247833587229252,0.4316460192203522,0.33320152759552,0.7152480483055115,0.7866873145103455,0.9943091869354248,0.4401940405368805,0.34309759736061096,0.7278653979301453,0.7926385998725891,0.9945011138916016,0.43777206540107727,0.34017038345336914,0.7297620177268982,0.7882475256919861,0.9944565892219543,0.4256730079650879,0.3271401822566986,0.7048629522323608,0.7891671061515808,0.9942530393600464,0.4337106943130493,0.33556631207466125,0.7216801643371582,0.795088529586792,0.9944808483123779
26,0.06694073230028152,0.01352345198392868,0.013027079403400421,0.013132961466908455,0.014125908724963665,0.01313137635588646,0.44024398922920227,0.34057551622390747,0.7193145751953125,0.7899957299232483,0.9943904876708984,0.4487442374229431,0.350670725107193,0.7311344146728516,0.796608030796051,0.9945838451385498,0.4463956356048584,0.34795480966567993,0.7271877527236938,0.7956468462944031,0.9945363998413086,0.43375423550605774,0.33423563838005066,0.7039127945899963,0.7960558533668518,0.9943354725837708,0.4422159194946289,0.34304752945899963,0.7224042415618896,0.8004418611526489,0.9945592880249023
27,0.06420963257551193,0.013008970767259598,0.01248080749064684,0.012599880807101727,0.013521438464522362,0.012598405592143536,0.4452054798603058,0.34674370288848877,0.7312856316566467,0.7942049503326416,0.9945536255836487,0.45450687408447266,0.35799169540405273,0.7427060008049011,0.8025665879249573,0.9947686195373535,0.45249223709106445,0.35553061962127686,0.7417265176773071,0.7997551560401917,0.994722843170166,0.4414706826210022,0.34320950508117676,0.7205694317817688,0.8009768128395081,0.9945509433746338,0.4483889937400818,0.3506332039833069,0.7358564734458923,0.8050747513771057,0.9947406649589539
28,0.06391547620296478,0.012942538596689701,0.012435146607458591,0.012541034258902073,0.013451816514134407,0.012544931843876839,0.44506436586380005,0.3471452593803406,0.7336844801902771,0.7944145798683167,0.9945774674415588,0.45389363169670105,0.35787421464920044,0.7454513907432556,0.8022143840789795,0.9947874546051025,0.4517310559749603,0.35533660650253296,0.7441746592521667,0.799896776676178,0.9947459101676941,0.44094640016555786,0.34347522258758545,0.7262119650840759,0.8006854057312012,0.9945961833000183,0.4478864371776581,0.35075193643569946,0.7395480275154114,0.8046993613243103,0.9947688579559326
29,0.0618167519569397,0.012533141300082207,0.012016636319458485,0.012116774916648865,0.01301647163927555,0.012133724056184292,0.45228245854377747,0.3540424406528473,0.7411667108535767,0.7973107695579529,0.9946821928024292,0.46099475026130676,0.36466625332832336,0.7521306872367859,0.8032273650169373,0.9948632121086121,0.4587610960006714,0.3618209958076477,0.7519660592079163,0.8003866076469421,0.9948217868804932,0.44778913259506226,0.3496955931186676,0.7288582921028137,0.8021955490112305,0.9946393966674805,0.45486101508140564,0.357253760099411,0.7458004951477051,0.8062862753868103,0.9948484301567078
30,0.06001708284020424,0.012231330387294292,0.011673575267195702,0.011755787767469883,0.012582848779857159,0.011773614212870598,0.45803365111351013,0.36040833592414856,0.754393458366394,0.8047897815704346,0.9949045777320862,0.46800464391708374,0.3726450204849243,0.7676725387573242,0.8127607703208923,0.9951353669166565,0.46683797240257263,0.37116819620132446,0.7688003778457642,0.8095607757568359,0.9951026439666748,0.4565722644329071,0.3595040440559387,0.7504324913024902,0.8108891248703003,0.9949523210525513,0.4622838497161865,0.36565524339675903,0.7627477645874023,0.8147040009498596,0.9951167702674866
31,0.05942300334572792,0.012103590182960033,0.011552912183105946,0.011632937006652355,0.012494045309722424,0.011639571748673916,0.4498366713523865,0.3549005091190338,0.757250189781189,0.8097090721130371,0.9949982762336731,0.45958492159843445,0.366950124502182,0.7682323455810547,0.8176199793815613,0.9952079653739929,0.45811790227890015,0.36524972319602966,0.7668840885162354,0.8166847229003906,0.9951826930046082,0.4490600526332855,0.3550608158111572,0.7488115429878235,0.8176689147949219,0.995030403137207,0.454151451587677,0.36038562655448914,0.7623537182807922,0.8210289478302002,0.9951989650726318
32,0.05902000889182091,0.012004150077700615,0.011474725790321827,0.011561055667698383,0.012411078438162804,0.01156905572861433,0.45774611830711365,0.361464262008667,0.7575041651725769,0.8063452839851379,0.9949538707733154,0.4671587646007538,0.37316638231277466,0.7684080004692078,0.8158160448074341,0.9951841235160828,0.4658420979976654,0.3714503347873688,0.7708179950714111,0.8125866055488586,0.9951617121696472,0.45606139302253723,0.36028456687927246,0.7517940998077393,0.8137331604957581,0.9950034618377686,0.46165117621421814,0.36637037992477417,0.7646366953849792,0.8175477981567383,0.9951731562614441
33,0.05648345127701759,0.011543494649231434,0.010961354710161686,0.011058997362852097,0.011845052242279053,0.01107447873800993,0.4644935131072998,0.3693527579307556,0.7686426043510437,0.8128052949905396,0.9951455593109131,0.4747025668621063,0.382316529750824,0.7801802754402161,0.8215556144714355,0.9953727126121521,0.47319549322128296,0.3803848326206207,0.7804445028305054,0.8197042346000671,0.9953488707542419,0.4639563262462616,0.36965855956077576,0.7622867822647095,0.8206682205200195,0.9951936602592468,0.468975305557251,0.3750893473625183,0.775610625743866,0.8238186836242676,0.9953610897064209
34,0.05654023587703705,0.011532763950526714,0.010980828665196896,0.01107139140367508,0.01187390647828579,0.011081261560320854,0.46206986904144287,0.3677915334701538,0.7702596187591553,0.8125103712081909,0.9951556324958801,0.4721033573150635,0.3804873824119568,0.7837730646133423,0.8201265335083008,0.9953857064247131,0.4706612527370453,0.3786359131336212,0.7858151793479919,0.8163564205169678,0.995352029800415,0.46143925189971924,0.3678409457206726,0.7672556638717651,0.8171577453613281,0.9951920509338379,0.4664674997329712,0.3734096884727478,0.7797315716743469,0.8217009902000427,0.9953707456588745
35,0.056109100580215454,0.011462591588497162,0.010861741378903389,0.010969039984047413,0.011829025112092495,0.010986710898578167,0.4670099914073944,0.3715573847293854,0.7703994512557983,0.8123511672019958,0.9951558709144592,0.47743740677833557,0.38469454646110535,0.7862317562103271,0.8198369741439819,0.9954045414924622,0.47533729672431946,0.38211849331855774,0.7878302335739136,0.81634122133255,0.9953704476356506,0.46525534987449646,0.37041810154914856,0.7682422995567322,0.8165314197540283,0.9951921701431274,0.47120407223701477,0.3769088685512543,0.7811737060546875,0.8217167258262634,0.9953850507736206
36,0.054824475198984146,0.01125125028192997,0.010629254393279552,0.010724591091275215,0.011477070860564709,0.010742263868451118,0.47049781680107117,0.3757941722869873,0.7779873013496399,0.8152682185173035,0.9952656030654907,0.4807637333869934,0.3888925015926361,0.7916140556335449,0.8223215341567993,0.9954891204833984,0.47929471731185913,0.3870820105075836,0.7911784052848816,0.8218427896499634,0.995478093624115,0.47042736411094666,0.37673255801200867,0.7754257917404175,0.8239361047744751,0.9953598976135254,0.47510018944740295,0.3817845582962036,0.7864353060722351,0.8259511590003967,0.9954913854598999
37,0.05443713441491127,0.011165494099259377,0.010564320720732212,0.010631514713168144,0.011418147012591362,0.010657626204192638,0.47392553091049194,0.37893858551979065,0.7790294289588928,0.8174217343330383,0.9953057765960693,0.48474061489105225,0.39282968640327454,0.7934847474098206,0.8255420923233032,0.9955500364303589,0.48388054966926575,0.39179474115371704,0.7946729063987732,0.8234692215919495,0.9955350756645203,0.47466006875038147,0.38102906942367554,0.7776384949684143,0.8259700536727905,0.9954091906547546,0.47923704981803894,0.3858932852745056,0.788909912109375,0.8281662464141846,0.9955446124076843
38,0.05262742191553116,0.010858137160539627,0.010212596505880356,0.010276579298079014,0.010974057950079441,0.010306105017662048,0.4790264964103699,0.38504448533058167,0.7847836017608643,0.8224152326583862,0.9954276084899902,0.4898715317249298,0.3991243839263916,0.7994786500930786,0.8308212757110596,0.9956810474395752,0.48855695128440857,0.3973962068557739,0.7995789051055908,0.8295854330062866,0.9956639409065247,0.4797922670841217,0.3871203064918518,0.7833138108253479,0.8315489292144775,0.9955374598503113,0.4841683506965637,0.3918304741382599,0.7946165204048157,0.8337494134902954,0.9956757426261902
39,0.052600473165512085,0.010848626494407654,0.010208784602582455,0.010277402587234974,0.01096070371568203,0.01030496135354042,0.47095251083374023,0.37842056155204773,0.7864435911178589,0.8220368027687073,0.9954380989074707,0.4811803698539734,0.3917793333530426,0.7984880805015564,0.8312750458717346,0.9956774711608887,0.48018836975097656,0.3905998766422272,0.7967853546142578,0.8313719034194946,0.9956637620925903,0.47244080901145935,0.381491094827652,0.7829780578613281,0.8339472413063049,0.9955673217773438,0.47613656520843506,0.3853360712528229,0.7938170433044434,0.8348662257194519,0.9956830143928528
40,0.05166390910744667,0.010649784468114376,0.010001110844314098,0.010079126805067062,0.010822138749063015,0.010111721232533455,0.4777579605579376,0.38506048917770386,0.7893322110176086,0.8226657509803772,0.9954732060432434,0.488887757062912,0.39961013197898865,0.801857590675354,0.8327474594116211,0.995729923248291,0.48753246665000916,0.39794978499412537,0.8010307550430298,0.8322160243988037,0.9957150816917419,0.47932732105255127,0.3882688879966736,0.7865008115768433,0.8332616090774536,0.9955915808677673,0.48336806893348694,0.3925201892852783,0.7975566983222961,0.8353347182273865,0.9957239627838135
41,0.05067196488380432,0.01044874731451273,0.009812804870307446,0.009896977804601192,0.010592564009130001,0.009920884855091572,0.4749513864517212,0.383525550365448,0.7945006489753723,0.8240386247634888,0.9955407977104187,0.48595350980758667,0.3979416489601135,0.8065428733825684,0.8343029618263245,0.9957962036132812,0.48478400707244873,0.39650219678878784,0.8069363832473755,0.8330694437026978,0.9957829117774963,0.4760163724422455,0.3860222399234772,0.7923130393028259,0.8338975310325623,0.9956548810005188,0.48027047514915466,0.39061641693115234,0.8026776313781738,0.836239755153656,0.9957862496376038
42,0.04997272044420242,0.010327561758458614,0.009661770425736904,0.009756000712513924,0.010447119362652302,0.009780241176486015,0.4826090931892395,0.39008891582489014,0.7943586111068726,0.8272386193275452,0.9955838322639465,0.4939268231391907,0.40488201379776,0.8091573119163513,0.8354605436325073,0.9958372712135315,0.4917609989643097,0.4021580219268799,0.8067168593406677,0.835205614566803,0.9958100914955139,0.48400619626045227,0.39292678236961365,0.7919679880142212,0.8360354900360107,0.9956796765327454,0.4880245327949524,0.3972718417644501,0.8035554885864258,0.8385816216468811,0.995826780796051
43,0.04929112270474434,0.010227300226688385,0.00954815000295639,0.009616607800126076,0.010255438275635242,0.009643638506531715,0.4877036511898041,0.39577412605285645,0.7963841557502747,0.8310760259628296,0.9956546425819397,0.499257355928421,0.4111475646495819,0.8089887499809265,0.8424413800239563,0.995931088924408,0.49820199608802795,0.40977853536605835,0.8077604174613953,0.842445433139801,0.9959191679954529,0.49140432476997375,0.40157076716423035,0.796144425868988,0.8433142304420471,0.9958177804946899,0.49410298466682434,0.4043777585029602,0.8053028583526611,0.8447025418281555,0.9959242343902588
44,0.04904989153146744,0.010148978792130947,0.009505616500973701,0.009568187408149242,0.01022878848016262,0.009598294273018837,0.48647233843803406,0.39473041892051697,0.7988778948783875,0.8313122391700745,0.9956819415092468,0.49779465794563293,0.40994709730148315,0.8100459575653076,0.8415001034736633,0.9959280490875244,0.4967549443244934,0.40854594111442566,0.810590922832489,0.8395687341690063,0.9959067702293396,0.48921751976013184,0.3993309438228607,0.7969228625297546,0.8408222794532776,0.9957919716835022,0.492506206035614,0.4028826951980591,0.8072706460952759,0.8433659672737122,0.9959272742271423
45,0.04747463017702103,0.009857062250375748,0.009176960214972496,0.009249726310372353,0.009899676777422428,0.009291215799748898,0.49045711755752563,0.4000892639160156,0.8049885034561157,0.8352444767951965,0.9957945942878723,0.5018593072891235,0.4153616428375244,0.8170125484466553,0.844926118850708,0.9960428476333618,0.5004990696907043,0.4136469066143036,0.8166449069976807,0.8439944982528687,0.9960253834724426,0.4929482042789459,0.4046013653278351,0.8024797439575195,0.8451288938522339,0.9959045052528381,0.49630865454673767,0.4080680310726166,0.8131614923477173,0.847282350063324,0.9960367679595947
46,0.04824189096689224,0.009985714219510555,0.009309669025242329,0.009387805126607418,0.010153070092201233,0.009405658580362797,0.4903760552406311,0.3993905782699585,0.8030429482460022,0.8367218375205994,0.9957968592643738,0.5024482011795044,0.415505975484848,0.8173556327819824,0.8453561067581177,0.9960516095161438,0.5014784336090088,0.4142349064350128,0.819366991519928,0.8424078226089478,0.9960314631462097,0.4939882755279541,0.405286967754364,0.8032086491584778,0.845560610294342,0.9959172010421753,0.497011661529541,0.4083574116230011,0.8138545751571655,0.8473877906799316,0.9960444569587708
47,0.046909503638744354,0.009768092073500156,0.009074956178665161,0.009146054275333881,0.009748967364430428,0.009171368554234505,0.4898858666419983,0.4000598192214966,0.808030903339386,0.838464081287384,0.9958681464195251,0.501947283744812,0.416157990694046,0.8216949701309204,0.8494798541069031,0.9961493015289307,0.5011513829231262,0.41517141461372375,0.8209583759307861,0.8486596345901489,0.9961311221122742,0.49479755759239197,0.40739762783050537,0.8104687929153442,0.8500570058822632,0.9960476160049438,0.4968796372413635,0.4094600975513458,0.8180549144744873,0.851808488368988,0.9961436986923218
48,0.046393003314733505,0.009673702530562878,0.008963295258581638,0.009032334201037884,0.009648076258599758,0.009075623005628586,0.49163514375686646,0.40208619832992554,0.8082703351974487,0.8389683961868286,0.9958767890930176,0.5029250979423523,0.4174902141094208,0.8229508996009827,0.8482471704483032,0.9961446523666382,0.5018213391304016,0.4160001277923584,0.8242025971412659,0.8457878828048706,0.996124267578125,0.4951043426990509,0.40776583552360535,0.8121321797370911,0.8462703824043274,0.9960131645202637,0.49782779812812805,0.4106397330760956,0.8201303482055664,0.8497579097747803,0.9961388111114502
49,0.045234788209199905,0.009414630010724068,0.008744644932448864,0.008808164857327938,0.00942686852067709,0.008840562775731087,0.4928692877292633,0.4044163227081299,0.8143024444580078,0.8389357328414917,0.9959340691566467,0.5043032169342041,0.42011329531669617,0.8264560103416443,0.8522056341171265,0.9962331652641296,0.5040251016616821,0.41985034942626953,0.8270618915557861,0.8508912920951843,0.996222198009491,0.49763745069503784,0.4120021164417267,0.8163678646087646,0.8514761328697205,0.9961242079734802,0.4996471703052521,0.41385823488235474,0.8238523602485657,0.8533830046653748,0.9962228536605835
50,0.04581932723522186,0.009590106084942818,0.008861834183335304,0.008916200138628483,0.009492263197898865,0.008958895690739155,0.48960620164871216,0.40138620138168335,0.8091462254524231,0.8380634188652039,0.9958726763725281,0.501258909702301,0.41738244891166687,0.8229033946990967,0.8496786952018738,0.9961649179458618,0.5005715489387512,0.416494756937027,0.8242552876472473,0.8478056192398071,0.9961515665054321,0.49460187554359436,0.4091714024543762,0.8132449388504028,0.8489540815353394,0.9960600733757019,0.4964446425437927,0.41087979078292847,0.8205651640892029,0.8512317538261414,0.9961626529693604
51,0.04548785835504532,0.009490902535617352,0.008793970569968224,0.008848845958709717,0.00947648286819458,0.008877686224877834,0.4936119318008423,0.40544959902763367,0.8122685551643372,0.8424631357192993,0.9959630370140076,0.5054696798324585,0.42159971594810486,0.8250263333320618,0.8534218072891235,0.9962354302406311,0.5046409964561462,0.4206011891365051,0.8244349360466003,0.8532317280769348,0.9962268471717834,0.49813032150268555,0.41259458661079407,0.8134616017341614,0.8544793128967285,0.9961354732513428,0.5003404021263123,0.4147554636001587,0.8215454816818237,0.8559079170227051,0.996234655380249
52,0.044457342475652695,0.009266369044780731,0.008585532195866108,0.008641610853374004,0.009295625612139702,0.008668171241879463,0.4975880980491638,0.410068541765213,0.819132924079895,0.8459987044334412,0.996078372001648,0.509635329246521,0.42662927508354187,0.8330928087234497,0.8563123345375061,0.9963542222976685,0.5090023875236511,0.42576852440834045,0.8336915969848633,0.8553042411804199,0.9963453412055969,0.5029236674308777,0.41821423172950745,0.8221172094345093,0.8559100031852722,0.9962401986122131,0.5047518014907837,0.41998010873794556,0.8301407098770142,0.8584641814231873,0.9963531494140625
53,0.04362184554338455,0.009156796149909496,0.008418302051723003,0.008471489883959293,0.009050196036696434,0.008525047451257706,0.4920421838760376,0.40653085708618164,0.8193798065185547,0.8453038334846497,0.9960697293281555,0.5047146677970886,0.4239475727081299,0.8334851861000061,0.8563640117645264,0.996358335018158,0.5040497183799744,0.4231608808040619,0.8359293341636658,0.8546639680862427,0.9963600039482117,0.4970203936100006,0.41468560695648193,0.8264329433441162,0.854191243648529,0.9962595701217651,0.4992793798446655,0.4166995882987976,0.831775963306427,0.8577933311462402,0.9963613748550415
54,0.04266445338726044,0.0089489184319973,0.008225444704294205,0.008287359960377216,0.008866456337273121,0.008336321450769901,0.5028735399246216,0.4159131646156311,0.8240972757339478,0.8484026789665222,0.9961586594581604,0.514741063117981,0.4324057400226593,0.8380013704299927,0.8588992357254028,0.9964364767074585,0.5136772394180298,0.4310315251350403,0.8376069664955139,0.8585391640663147,0.9964288473129272,0.5072956085205078,0.42317670583724976,0.8283853530883789,0.8578965067863464,0.9963287115097046,0.5096133351325989,0.4254254102706909,0.8352252244949341,0.8607217073440552,0.9964343905448914
55,0.04271070286631584,0.009011192247271538,0.008243868127465248,0.00828366819769144,0.008835555985569954,0.008336422964930534,0.4968903362751007,0.41095301508903503,0.8220833539962769,0.8464074730873108,0.9961122870445251,0.5096923112869263,0.42857596278190613,0.836240291595459,0.8579354882240295,0.9964085221290588,0.5092117190361023,0.42786118388175964,0.8364623785018921,0.8570249676704407,0.9963973760604858,0.5035866498947144,0.42075589299201965,0.8276746273040771,0.8570000529289246,0.996310293674469,0.5048004984855652,0.42182621359825134,0.8335916996002197,0.8596048355102539,0.9964033961296082
56,0.041610173881053925,0.008799731731414795,0.008034545928239822,0.008063745684921741,0.008587116375565529,0.008124984800815582,0.49594101309776306,0.41121312975883484,0.8260841369628906,0.8501777052879333,0.9962029457092285,0.5085025429725647,0.42873018980026245,0.8392886519432068,0.8615463972091675,0.9964855313301086,0.5080623030662537,0.42820799350738525,0.8396066427230835,0.861221969127655,0.9964849948883057,0.5018805265426636,0.42061126232147217,0.8309434056282043,0.8620194792747498,0.9964090585708618,0.5034483671188354,0.42182040214538574,0.837024450302124,0.8639140129089355,0.9964941740036011
57,0.041998062282800674,0.008860199712216854,0.008106281980872154,0.008137616328895092,0.008705566637217999,0.008188360370695591,0.5069541931152344,0.42055743932724,0.8226456642150879,0.8516344428062439,0.9961874485015869,0.5199208855628967,0.43869635462760925,0.8384446501731873,0.8641844987869263,0.9965125918388367,0.5195125937461853,0.43822160363197327,0.8388663530349731,0.8634623289108276,0.9965077042579651,0.5137601494789124,0.4310692548751831,0.8323451280593872,0.8622132539749146,0.9964250922203064,0.5148941874504089,0.43177464604377747,0.8362613320350647,0.8653743267059326,0.9965071678161621
58,0.041369758546352386,0.00873913150280714,0.007983875460922718,0.008016386069357395,0.008563091047108173,0.008067297749221325,0.5065966248512268,0.42108798027038574,0.8269428610801697,0.8516730070114136,0.99623042345047,0.5205097198486328,0.44049587845802307,0.8423799872398376,0.8634445071220398,0.9965417385101318,0.5202394723892212,0.44020769000053406,0.8406820893287659,0.8652230501174927,0.9965497255325317,0.5132814645767212,0.4313459098339081,0.8328471183776855,0.8647075295448303,0.9964636564254761,0.5150558352470398,0.4329465925693512,0.839206337928772,0.8665821552276611,0.9965530037879944
59,0.03999997302889824,0.008495394140481949,0.0076990448869764805,0.007729186676442623,0.008284074254333973,0.0077923135831952095,0.5108129382133484,0.4259800612926483,0.8332101106643677,0.8550136089324951,0.996337890625,0.5242730975151062,0.44506916403770447,0.8466395735740662,0.8675217628479004,0.9966406226158142,0.5239812731742859,0.4446525275707245,0.8469747304916382,0.8677628636360168,0.9966469407081604,0.5181370973587036,0.4372248947620392,0.8392971754074097,0.8672091364860535,0.9965617656707764,0.5192269086837769,0.43795400857925415,0.8444494009017944,0.8693650364875793,0.9966422319412231
60,0.04029364883899689,0.008530017919838428,0.007774000056087971,0.007802965585142374,0.00832918006926775,0.007857429794967175,0.5089683532714844,0.42497530579566956,0.8305441737174988,0.8550046682357788,0.9963115453720093,0.5217868685722351,0.44309961795806885,0.8458659648895264,0.866523265838623,0.9966183304786682,0.5211808085441589,0.44227394461631775,0.8467520475387573,0.86504727602005,0.9966086745262146,0.5149967670440674,0.43443813920021057,0.8378546833992004,0.8656277656555176,0.9965262413024902,0.5166491270065308,0.4358936846256256,0.8435297012329102,0.8680527806282043,0.9966151714324951
61,0.04097895324230194,0.008654412813484669,0.007901644334197044,0.007943257689476013,0.008494794368743896,0.007984810508787632,0.5040692687034607,0.42046383023262024,0.8278611302375793,0.8559397459030151,0.9962978363037109,0.5169485211372375,0.43881329894065857,0.842667818069458,0.8671668767929077,0.9965959191322327,0.5161322355270386,0.4377460181713104,0.8416456580162048,0.8676334619522095,0.9965906739234924,0.5105779767036438,0.4307609498500824,0.834776759147644,0.8665362596511841,0.9965077042579651,0.5118628144264221,0.43169331550598145,0.8399839401245117,0.8692764639854431,0.9965964555740356
62,0.03911544382572174,0.008340081200003624,0.007521758787333965,0.007555176969617605,0.008081082254648209,0.007617373950779438,0.5085839629173279,0.4261632263660431,0.8371138572692871,0.8556520938873291,0.9963834881782532,0.5223986506462097,0.4458436071872711,0.8502687811851501,0.8695034980773926,0.9967042207717896,0.5220902562141418,0.44546639919281006,0.8493784070014954,0.8701232671737671,0.9967031478881836,0.5165567994117737,0.4385581314563751,0.8414261341094971,0.8714396357536316,0.9966388940811157,0.5172916054725647,0.4386860132217407,0.8479633331298828,0.8721784949302673,0.9967159032821655
63,0.039793845266103745,0.008441682904958725,0.007683876436203718,0.007696668151766062,0.008241221308708191,0.007730388548225164,0.5054723620414734,0.42380744218826294,0.8343570232391357,0.8601717948913574,0.9964181780815125,0.5193156599998474,0.44349831342697144,0.8478334546089172,0.8744953870773315,0.9967440962791443,0.5189009308815002,0.44288748502731323,0.8473212122917175,0.8748745918273926,0.9967452883720398,0.5132019519805908,0.43564096093177795,0.8400781750679016,0.873822033405304,0.9966571927070618,0.514102578163147,0.43613842129707336,0.8456908464431763,0.8760621547698975,0.9967441558837891
64,0.03840229660272598,0.008212119340896606,0.007398380897939205,0.0074145556427538395,0.007903284393250942,0.007473916746675968,0.5140740871429443,0.43206164240837097,0.8395588397979736,0.8584245443344116,0.9964460730552673,0.5282021760940552,0.45258471369743347,0.8526551127433777,0.8744668960571289,0.9967926144599915,0.5282629132270813,0.45271459221839905,0.8551567792892456,0.8727009892463684,0.9967948794364929,0.5233408212661743,0.4464045464992523,0.8467845320701599,0.8741947412490845,0.9967307448387146,0.52341228723526,0.4456905722618103,0.8523174524307251,0.874966025352478,0.996796727180481
65,0.038287680596113205,0.00816529244184494,0.007365295197814703,0.00738921482115984,0.00791813712567091,0.007449708413332701,0.5202100276947021,0.4367881119251251,0.8382897973060608,0.8606466054916382,0.9964638352394104,0.5340838432312012,0.45676153898239136,0.8539865612983704,0.8737075924873352,0.9967966079711914,0.5342693328857422,0.4570244252681732,0.8542160391807556,0.873727023601532,0.9968001842498779,0.5290160775184631,0.45018109679222107,0.8450279831886292,0.873358428478241,0.9967014193534851,0.5293546915054321,0.4499457776546478,0.8517058491706848,0.8758063316345215,0.9968019127845764
66,0.03793909400701523,0.008133013732731342,0.007288805674761534,0.007318445015698671,0.007820161990821362,0.007378662936389446,0.5079634189605713,0.42667156457901,0.8359746336936951,0.8627417683601379,0.9964704513549805,0.5224843621253967,0.44762691855430603,0.8517835736274719,0.877377450466156,0.9968231320381165,0.5218769311904907,0.44670841097831726,0.8532858490943909,0.8756883144378662,0.9968159794807434,0.5166800618171692,0.4400326609611511,0.847038209438324,0.8761520385742188,0.9967580437660217,0.5171616673469543,0.43992894887924194,0.8506736755371094,0.8783151507377625,0.9968240857124329
67,0.03729972243309021,0.008017059415578842,0.007159010507166386,0.007174870930612087,0.007689807564020157,0.0072589898481965065,0.5180695652961731,0.43647292256355286,0.8427600860595703,0.8624087572097778,0.9965331554412842,0.532868504524231,0.45786532759666443,0.8581012487411499,0.8759440183639526,0.9968687295913696,0.5327220559120178,0.45765870809555054,0.8592304587364197,0.8756661415100098,0.9968768358230591,0.527268648147583,0.45077264308929443,0.8527755737304688,0.8752313852310181,0.9968041777610779,0.5275955200195312,0.45032528042793274,0.8568748831748962,0.8777329325675964,0.9968786835670471
68,0.03607529401779175,0.007784114684909582,0.006910839583724737,0.006931239273399115,0.007442306727170944,0.007006763480603695,0.5107098817825317,0.4316282272338867,0.8448537588119507,0.864976167678833,0.996587872505188,0.5256540775299072,0.4533276855945587,0.8621267676353455,0.879235565662384,0.9969534277915955,0.5252283811569214,0.45276641845703125,0.8622953295707703,0.8790140748023987,0.9969522356987,0.519507646560669,0.445337176322937,0.856427013874054,0.8791318535804749,0.9968933463096619,0.5200937986373901,0.4453001320362091,0.860001802444458,0.8808198571205139,0.9969527721405029
69,0.03708692267537117,0.007959938608109951,0.007113597355782986,0.007123239804059267,0.007700392045080662,0.007189756724983454,0.5164097547531128,0.4356319308280945,0.8388461470603943,0.8670055866241455,0.9965541958808899,0.5302892923355103,0.45597729086875916,0.8510347008705139,0.8829662799835205,0.9968881011009216,0.5300266742706299,0.45570889115333557,0.8506443500518799,0.8839094042778015,0.9968956112861633,0.5251531004905701,0.4495161175727844,0.8448739647865295,0.8832588195800781,0.9968283176422119,0.5253568291664124,0.44886207580566406,0.8496768474578857,0.8848484754562378,0.9968988299369812
70,0.03631710633635521,0.00781391840428114,0.006969356909394264,0.006994347553700209,0.007486362010240555,0.0070531065575778484,0.5174247622489929,0.4370487928390503,0.8437919616699219,0.8644853234291077,0.996570348739624,0.5320486426353455,0.45832008123397827,0.8608642816543579,0.8780617117881775,0.9969258308410645,0.5315581560134888,0.4576962888240814,0.8604924082756042,0.878612220287323,0.9969283938407898,0.5276036262512207,0.4525683522224426,0.8545938730239868,0.8769251108169556,0.9968460202217102,0.5271161198616028,0.45117831230163574,0.8586282730102539,0.8801222443580627,0.9969295859336853
71,0.03598049655556679,0.0077721597626805305,0.006885923910886049,0.006912397686392069,0.007432220038026571,0.006977798417210579,0.5191776752471924,0.4394972622394562,0.8468579649925232,0.8680745363235474,0.9966488480567932,0.53421550989151,0.46139955520629883,0.8632927536964417,0.8821804523468018,0.9970036745071411,0.5339635610580444,0.4611033797264099,0.8638861775398254,0.8815448880195618,0.9970019459724426,0.5287743210792542,0.4542728364467621,0.8569332361221313,0.8811473250389099,0.9969247579574585,0.528901219367981,0.4536721110343933,0.8617076873779297,0.883784294128418,0.9970101118087769
72,0.034838709980249405,0.0075730811804533005,0.006684851832687855,0.006682685576379299,0.007138201501220465,0.0067599015310406685,0.5238349437713623,0.44439977407455444,0.8488479852676392,0.8685021996498108,0.9966751933097839,0.5394874215126038,0.4674696624279022,0.8647557497024536,0.8842501640319824,0.9970468878746033,0.5399877429008484,0.4681883752346039,0.8664436340332031,0.8845398426055908,0.997067928314209,0.5350459218025208,0.4617548882961273,0.8595297336578369,0.8849852085113525,0.9970014095306396,0.5344164371490479,0.460027813911438,0.8639473915100098,0.8860689401626587,0.9970616698265076
73,0.03527352586388588,0.007671529892832041,0.006754863541573286,0.006773307453840971,0.007223442196846008,0.006850366480648518,0.5262969136238098,0.4462305009365082,0.8445219993591309,0.8691569566726685,0.9966402053833008,0.5419594049453735,0.4692198634147644,0.8623560070991516,0.8851093649864197,0.9970338344573975,0.5420288443565369,0.46932217478752136,0.862194836139679,0.8866326212882996,0.9970516562461853,0.5384253263473511,0.4645267128944397,0.8598045110702515,0.8846970200538635,0.9970009922981262,0.5371277928352356,0.4620640277862549,0.8610348105430603,0.8873519897460938,0.9970495104789734
74,0.034282758831977844,0.007501430343836546,0.006564985495060682,0.006561508867889643,0.006999972276389599,0.00665484182536602,0.5224648714065552,0.4440106153488159,0.8487844467163086,0.8699893355369568,0.9966952204704285,0.5383490324020386,0.4674846827983856,0.8663177490234375,0.8851506114006042,0.9970752000808716,0.5385133028030396,0.4676874876022339,0.864949643611908,0.88691246509552,0.9970830678939819,0.533719539642334,0.4614515006542206,0.8598850965499878,0.8863182067871094,0.9970242977142334,0.5330814123153687,0.4596821963787079,0.8642246723175049,0.8875819444656372,0.99708491563797
75,0.03537767380475998,0.007666572462767363,0.006776947528123856,0.006787997670471668,0.007290544919669628,0.006855587475001812,0.5206866264343262,0.44190895557403564,0.8454488515853882,0.8703272938728333,0.9966663122177124,0.5364094376564026,0.4649656116962433,0.8625094890594482,0.8861907124519348,0.9970489740371704,0.5366219282150269,0.4652465283870697,0.8638046979904175,0.8857941031455994,0.997056782245636,0.5321776270866394,0.4596148133277893,0.8574113249778748,0.8848952651023865,0.9969795346260071,0.5313773155212402,0.4576157033443451,0.8612053990364075,0.8876345753669739,0.997053861618042
76,0.03460390120744705,0.007562232669442892,0.006642417516559362,0.006620482075959444,0.0070676920004189014,0.006711036432534456,0.5239184498786926,0.44596341252326965,0.8488234877586365,0.8711905479431152,0.9967103600502014,0.5391680598258972,0.4686451554298401,0.8632685542106628,0.8896114826202393,0.9971022605895996,0.5393142104148865,0.46892282366752625,0.8631333112716675,0.8906407356262207,0.9971132278442383,0.5348125696182251,0.46304988861083984,0.8567450642585754,0.8909174203872681,0.9970493912696838,0.5341634750366211,0.461249977350235,0.8618426322937012,0.891358494758606,0.9971092939376831
77,0.03302622586488724,0.0072570606134831905,0.0063181063160300255,0.006313388701528311,0.006742136087268591,0.006395542062819004,0.5347431302070618,0.45652151107788086,0.8525435328483582,0.8738017678260803,0.9967837333679199,0.5512674450874329,0.4811190068721771,0.8717280030250549,0.8889057040214539,0.9971800446510315,0.5515742301940918,0.48153483867645264,0.8729432225227356,0.8890380263328552,0.9971951842308044,0.5475277900695801,0.47616779804229736,0.8665928244590759,0.8891142010688782,0.9971282482147217,0.5462612509727478,0.47360682487487793,0.8701366186141968,0.8910394310951233,0.9971891045570374
78,0.034485798329114914,0.007557537406682968,0.006605997681617737,0.006601650267839432,0.007031207904219627,0.006689397152513266,0.5204654335975647,0.4426741898059845,0.8459371328353882,0.871599018573761,0.996687114238739,0.5362105965614319,0.46602004766464233,0.8619738817214966,0.8868705034255981,0.9970521330833435,0.5364732146263123,0.46644771099090576,0.861902117729187,0.8882085084915161,0.9970694184303284,0.5322227478027344,0.4611697793006897,0.8566992282867432,0.887264609336853,0.9970016479492188,0.5311259031295776,0.45859384536743164,0.8608136177062988,0.8893322348594666,0.9970718026161194
79,0.03248441591858864,0.007155124098062515,0.006219394970685244,0.006205094046890736,0.0066116307862102985,0.006293149199336767,0.5318055152893066,0.45474836230278015,0.8542049527168274,0.8751230835914612,0.9968180656433105,0.5483084917068481,0.479487806558609,0.872067391872406,0.8902415037155151,0.9972012639045715,0.5485153794288635,0.47979357838630676,0.8717334270477295,0.8914061784744263,0.9972119927406311,0.5449387431144714,0.47495073080062866,0.8678818345069885,0.8904650807380676,0.9971601963043213,0.5433535575866699,0.4719889760017395,0.8704643249511719,0.8926553130149841,0.9972162246704102
80,0.03315608948469162,0.007277855183929205,0.0063281734474003315,0.006338038481771946,0.006792052183300257,0.00641997717320919,0.5284194946289062,0.4512346386909485,0.8523510694503784,0.8740717768669128,0.9967854619026184,0.5446926355361938,0.4756847321987152,0.8704891204833984,0.890349268913269,0.9971861243247986,0.5447865128517151,0.47593942284584045,0.8702442646026611,0.8913050293922424,0.9971961975097656,0.5405099391937256,0.4703866243362427,0.8657682538032532,0.8886184096336365,0.9971136450767517,0.5394883155822754,0.46796369552612305,0.8686693906784058,0.8919513821601868,0.9971888065338135
81,0.03265310078859329,0.007221996318548918,0.006252472288906574,0.00622923718765378,0.006628772243857384,0.006320623215287924,0.5231050848960876,0.44763126969337463,0.854448676109314,0.875230073928833,0.9968217015266418,0.5395081639289856,0.4723043441772461,0.8741188645362854,0.8897706866264343,0.9972154498100281,0.5397570729255676,0.4727473855018616,0.8744115829467773,0.8900098204612732,0.997222363948822,0.5365796089172363,0.46868225932121277,0.8698641061782837,0.8903735280036926,0.9971798062324524,0.5346596837043762,0.4650524854660034,0.8724998831748962,0.8916211724281311,0.9972234964370728
82,0.03223502263426781,0.007122603245079517,0.006144747603684664,0.006146663799881935,0.00658182380720973,0.006239162292331457,0.5312308669090271,0.4548085331916809,0.8551192283630371,0.8773060441017151,0.9968569278717041,0.5474435091018677,0.4793323278427124,0.8732094764709473,0.893627405166626,0.9972572922706604,0.5475449562072754,0.4795371890068054,0.8738577961921692,0.8938195109367371,0.9972656965255737,0.54361492395401,0.4742298424243927,0.8682411313056946,0.893277645111084,0.997201144695282,0.5424319505691528,0.47171834111213684,0.8719592094421387,0.8955967426300049,0.9972699284553528
83,0.03263304755091667,0.007199287414550781,0.006219089962542057,0.006217009387910366,0.00669349217787385,0.0063041578978300095,0.5280265808105469,0.45225492119789124,0.8537556529045105,0.8753442764282227,0.9968158602714539,0.5449259877204895,0.47790780663490295,0.8743352890014648,0.8902618885040283,0.9972252249717712,0.5450376868247986,0.47808679938316345,0.8764619827270508,0.8900600075721741,0.9972447156906128,0.5408791303634644,0.47262105345726013,0.8689640760421753,0.8899227976799011,0.9971641302108765,0.5396518707275391,0.4698890447616577,0.872481107711792,0.8923957943916321,0.9972337484359741
84,0.0314093753695488,0.006958727724850178,0.005991641897708178,0.005989294499158859,0.006393305491656065,0.006076398305594921,0.5331963300704956,0.4587023854255676,0.8566135168075562,0.8806978464126587,0.9969160556793213,0.5494773387908936,0.48351866006851196,0.8748364448547363,0.8967298269271851,0.9973154067993164,0.5497157573699951,0.48388049006462097,0.8766217231750488,0.8960541486740112,0.9973249435424805,0.5457653999328613,0.47865593433380127,0.8700235486030579,0.896524965763092,0.9972614049911499,0.5444747805595398,0.4758799076080322,0.8737732172012329,0.8983787298202515,0.9973238706588745
85,0.031505782157182693,0.007016904652118683,0.00600745715200901,0.005996504332870245,0.006390583701431751,0.006094346754252911,0.5330382585525513,0.4579665958881378,0.8579286932945251,0.8776556253433228,0.9968895316123962,0.5502766966819763,0.4840651750564575,0.8795701265335083,0.8927413821220398,0.997312605381012,0.5508633852005005,0.48492318391799927,0.880738377571106,0.8922461867332458,0.9973177313804626,0.5473382472991943,0.4803621172904968,0.8758574724197388,0.8924630284309387,0.9972708225250244,0.5452404618263245,0.4764437973499298,0.878041684627533,0.8950727581977844,0.9973266124725342
86,0.03268609195947647,0.007215356919914484,0.006248120684176683,0.006238991394639015,0.006662852596491575,0.006320782471448183,0.5203604698181152,0.4456675946712494,0.851081132888794,0.8786795139312744,0.996832013130188,0.5366703271865845,0.4704809784889221,0.8694173693656921,0.8962529301643372,0.9972507357597351,0.5366812348365784,0.4705493152141571,0.870265007019043,0.8959853649139404,0.9972571730613708,0.5327296257019043,0.4653877019882202,0.8671104907989502,0.8941819071769714,0.9972018003463745,0.5314568877220154,0.4625670313835144,0.8686793446540833,0.897175669670105,0.9972553253173828
87,0.03223061189055443,0.0071235233917832375,0.006151183508336544,0.0061425804160535336,0.006588971242308617,0.006224375218153,0.530173659324646,0.45463404059410095,0.8562521934509277,0.8783244490623474,0.9968813061714172,0.5475271940231323,0.4807216227054596,0.8763853907585144,0.8945290446281433,0.9973018765449524,0.5478591918945312,0.4812515377998352,0.8787965178489685,0.8935595750808716,0.9973143339157104,0.5434238910675049,0.47561126947402954,0.8741827011108398,0.8934507966041565,0.9972655773162842,0.5420100688934326,0.4724777340888977,0.8751479387283325,0.8960336446762085,0.997308611869812
88,0.029277831315994263,0.006618346553295851,0.005572563968598843,0.005533862393349409,0.005910993088036776,0.005642073228955269,0.5343383550643921,0.46182963252067566,0.8640051484107971,0.8850584626197815,0.9970488548278809,0.5519667267799377,0.48911306262016296,0.8834809064865112,0.9032047390937805,0.9974895715713501,0.552557110786438,0.4900890588760376,0.8828627467155457,0.9049581289291382,0.9975047707557678,0.5491553544998169,0.48547297716140747,0.8796780109405518,0.904764711856842,0.9974692463874817,0.5468934178352356,0.4812278747558594,0.8824065923690796,0.9050799012184143,0.9975029230117798
89,0.031198279932141304,0.006964733824133873,0.005952285602688789,0.005934106186032295,0.0063235159032046795,0.0060236649587750435,0.5333982706069946,0.4593014717102051,0.856789767742157,0.8803847432136536,0.9969127178192139,0.5509707927703857,0.4862361550331116,0.8775075078010559,0.8964377641677856,0.9973390698432922,0.5513138771057129,0.4867793619632721,0.8786296248435974,0.8973246812820435,0.9973615407943726,0.5478661060333252,0.4822356402873993,0.872340738773346,0.8980100154876709,0.9973052740097046,0.5457873344421387,0.4782565236091614,0.8758019804954529,0.899405837059021,0.9973599314689636
90,0.02898154780268669,0.006562512367963791,0.005496391095221043,0.005477210972458124,0.005855944938957691,0.0055894749239087105,0.5366942882537842,0.464359849691391,0.864028811454773,0.8843598961830139,0.997040867805481,0.5545613765716553,0.4920053780078888,0.8839333653450012,0.9022587537765503,0.9974820017814636,0.5550646781921387,0.4927082657814026,0.8839871883392334,0.903154194355011,0.9974938035011292,0.5514357686042786,0.4878131151199341,0.8785988688468933,0.904750406742096,0.997456967830658,0.5493255257606506,0.48381513357162476,0.8820675015449524,0.9051409959793091,0.9974983930587769
91,0.030621353536844254,0.006872387137264013,0.005819921847432852,0.0058092824183404446,0.006212235894054174,0.00590751925483346,0.5398034453392029,0.46471571922302246,0.8576023578643799,0.8819484710693359,0.9969432353973389,0.5581496357917786,0.49260613322257996,0.8793551325798035,0.9007104635238647,0.9974134564399719,0.5586555600166321,0.4934637248516083,0.87991863489151,0.9010041356086731,0.9974238276481628,0.5544785857200623,0.4878718852996826,0.8747529983520508,0.9007483124732971,0.9973652362823486,0.5526039600372314,0.4841472804546356,0.8778725266456604,0.9023282527923584,0.9974192976951599
92,0.029601648449897766,0.006652033422142267,0.005624060053378344,0.005602054297924042,0.0060226269997656345,0.00570087181404233,0.5348752737045288,0.4627510607242584,0.861897885799408,0.8874094486236572,0.9970571994781494,0.5528223514556885,0.49043768644332886,0.883118748664856,0.903334379196167,0.9974868893623352,0.5536249279975891,0.4916438162326813,0.8861855864524841,0.9020199775695801,0.9975032210350037,0.5499584674835205,0.48675337433815,0.8801882863044739,0.9016082882881165,0.9974343776702881,0.5477219820022583,0.4825058579444885,0.8823220729827881,0.9051258563995361,0.9975016117095947
93,0.028445692732930183,0.006495348643511534,0.005394363310188055,0.005361952818930149,0.005715961568057537,0.005478031001985073,0.5301976799964905,0.459843248128891,0.8660609722137451,0.8862704634666443,0.997087299823761,0.5485926866531372,0.48858118057250977,0.8851272463798523,0.9059416055679321,0.9975414872169495,0.5489943623542786,0.48930925130844116,0.8832992315292358,0.9084548950195312,0.9975552558898926,0.54620760679245,0.48551371693611145,0.877616822719574,0.909042477607727,0.9975010752677917,0.5434368252754211,0.480463445186615,0.8832679390907288,0.9090328216552734,0.9975616335868835
94,0.029401306062936783,0.00665249302983284,0.005580630153417587,0.005544757470488548,0.005971004720777273,0.005652429070323706,0.5388405919075012,0.46677958965301514,0.8627355694770813,0.8877519369125366,0.9970707297325134,0.5574684739112854,0.4955398738384247,0.8847405910491943,0.9046555161476135,0.9975209832191467,0.5576556921005249,0.4958973824977875,0.8844017386436462,0.9057211875915527,0.9975318312644958,0.5538421869277954,0.4907302260398865,0.8796581029891968,0.9054784774780273,0.9974777102470398,0.5518142580986023,0.4867558181285858,0.8827406167984009,0.9076148271560669,0.9975379109382629
95,0.030612291768193245,0.006866490002721548,0.005825420375913382,0.005815843120217323,0.006209359969943762,0.005895217880606651,0.5390315055847168,0.46496787667274475,0.8573290109634399,0.8863486051559448,0.9969968795776367,0.5570048689842224,0.49268028140068054,0.8769397735595703,0.90547114610672,0.9974484443664551,0.5573198199272156,0.49328234791755676,0.8779676556587219,0.9059169888496399,0.9974654316902161,0.5538257956504822,0.48844021558761597,0.8749067783355713,0.9041441679000854,0.9974097609519958,0.5517021417617798,0.4844655990600586,0.8763261437416077,0.907289981842041,0.9974656701087952
96,0.029469124972820282,0.006671133451163769,0.005592659115791321,0.005574067588895559,0.0059533435851335526,0.005677906796336174,0.542484700679779,0.46946796774864197,0.8638306260108948,0.8839102983474731,0.997032642364502,0.5614010691642761,0.4986572265625,0.8856739401817322,0.9018661379814148,0.9974949955940247,0.5617395639419556,0.49928414821624756,0.8854866027832031,0.9035206437110901,0.9975154995918274,0.5579641461372375,0.49418848752975464,0.8819134831428528,0.9035172462463379,0.9974766969680786,0.5557681322097778,0.489943265914917,0.8839151263237,0.9050583839416504,0.9975184202194214
97,0.02800094150006771,0.006411209236830473,0.005302270408719778,0.005267272237688303,0.005632122978568077,0.005388049408793449,0.5415932536125183,0.47012948989868164,0.8655068278312683,0.888823926448822,0.9971144199371338,0.5606325268745422,0.4998324513435364,0.8864791393280029,0.9077101945877075,0.9975784420967102,0.5612354874610901,0.5009072422981262,0.8837018609046936,0.9121341705322266,0.9976050853729248,0.557655394077301,0.49604299664497375,0.8812887668609619,0.9115599989891052,0.997572124004364,0.5551669001579285,0.4912698566913605,0.8841264247894287,0.9118137359619141,0.9976065754890442
98,0.028338797390460968,0.006465466693043709,0.005361831746995449,0.00532993720844388,0.005727551877498627,0.005453981459140778,0.5527772307395935,0.4796525537967682,0.8662625551223755,0.8874008655548096,0.9971043467521667,0.5724005699157715,0.5100945830345154,0.8890892863273621,0.9047152400016785,0.9975683689117432,0.5730854272842407,0.5111253261566162,0.8909594416618347,0.9046332836151123,0.9975869655609131,0.5691191554069519,0.5057132244110107,0.8851956129074097,0.9040295481681824,0.9975180625915527,0.5666629672050476,0.5011115074157715,0.8880904912948608,0.9069211483001709,0.9975849390029907
99,0.027792053297162056,0.006375735625624657,0.005252146627753973,0.005231160204857588,0.005589619744569063,0.005343395285308361,0.5328401923179626,0.4634474217891693,0.866779625415802,0.8885992765426636,0.9971245527267456,0.5519031286239624,0.4933924973011017,0.8889549374580383,0.9078335165977478,0.9976056814193726,0.5524240136146545,0.49426189064979553,0.8877920508384705,0.9098965525627136,0.9976205229759216,0.5493547320365906,0.4900816082954407,0.8839171528816223,0.9097079038619995,0.997577428817749,0.5465331077575684,0.48491111397743225,0.886993944644928,0.9109418392181396,0.9976257681846619
100,0.02782999724149704,0.0063919187523424625,0.005259332712739706,0.00523566035553813,0.005594408605247736,0.005348655395209789,0.5450320243835449,0.473455548286438,0.8675298690795898,0.8894432187080383,0.9971433281898499,0.5644282698631287,0.5039041042327881,0.891586422920227,0.90794438123703,0.9976369142532349,0.5649422407150269,0.5049055814743042,0.8908756971359253,0.909992516040802,0.9976558685302734,0.5617802739143372,0.5006080269813538,0.8889540433883667,0.9087551236152649,0.9976192712783813,0.5589169859886169,0.495244562625885,0.8898478150367737,0.9108303189277649,0.9976544380187988
101,0.027311552315950394,0.006272390950471163,0.005157360341399908,0.005121875088661909,0.005527647677809,0.005232293624430895,0.5450698137283325,0.47497233748435974,0.8689560890197754,0.8923916816711426,0.997196614742279,0.564426600933075,0.5054410696029663,0.893109142780304,0.9096963405609131,0.997675359249115,0.5651116371154785,0.5066652297973633,0.8930533528327942,0.9117169976234436,0.9977006912231445,0.5613120198249817,0.5015686750411987,0.8881576657295227,0.9130297303199768,0.9976645112037659,0.558807909488678,0.49662747979164124,0.891333281993866,0.9133191704750061,0.9977030754089355
102,0.027643408626317978,0.0063749877735972404,0.005226873327046633,0.005190565716475248,0.0055380165576934814,0.005312934517860413,0.5416027903556824,0.47107383608818054,0.8656452298164368,0.8902996778488159,0.9971346259117126,0.561520516872406,0.502326250076294,0.8888546824455261,0.9094577431678772,0.9976271390914917,0.5621564388275146,0.5034377574920654,0.8885477185249329,0.9121012091636658,0.9976569414138794,0.5583136081695557,0.4982113540172577,0.8855896592140198,0.9109070897102356,0.9976092576980591,0.5557600855827332,0.49325695633888245,0.8868265151977539,0.9124259948730469,0.9976427555084229
103,0.02730868011713028,0.006307173985987902,0.005152879282832146,0.005125018768012524,0.005486583337187767,0.005237014032900333,0.5434085726737976,0.473522812128067,0.868094801902771,0.8911266922950745,0.9971709251403809,0.5633147358894348,0.5046164393424988,0.8908347487449646,0.911388635635376,0.9976727366447449,0.5640510320663452,0.5059162974357605,0.8883692026138306,0.9160298705101013,0.99770587682724,0.5605030655860901,0.5010982155799866,0.8855782747268677,0.9147936105728149,0.99765944480896,0.5576764941215515,0.4957588016986847,0.8887780904769897,0.91550213098526,0.9977025389671326
104,0.02626226097345352,0.006114693358540535,0.004951274022459984,0.004910248797386885,0.005248010158538818,0.005038015078753233,0.5432285070419312,0.4747004806995392,0.8700062036514282,0.8930992484092712,0.9972167611122131,0.5629494786262512,0.506010115146637,0.8921322822570801,0.913396418094635,0.997713029384613,0.5636469125747681,0.5072525143623352,0.8908560872077942,0.9161123633384705,0.9977332949638367,0.5610516667366028,0.5034404993057251,0.8889819383621216,0.915015697479248,0.9976981282234192,0.5576179027557373,0.4974212944507599,0.8906615972518921,0.9166029691696167,0.9977357983589172
105,0.026672841981053352,0.006214606110006571,0.005027231760323048,0.0049873595125973225,0.005329239182174206,0.005114409141242504,0.5419628024101257,0.47261103987693787,0.8693689703941345,0.8914333581924438,0.9971882700920105,0.5622588992118835,0.504559338092804,0.893619954586029,0.9108918905258179,0.997697114944458,0.5631617307662964,0.506001889705658,0.8953306674957275,0.9113202691078186,0.9977188110351562,0.5601305961608887,0.5019638538360596,0.8914147019386292,0.9129689335823059,0.997699499130249,0.5567463636398315,0.4958118498325348,0.8924864530563354,0.9138590097427368,0.9977224469184875
106,0.027062447741627693,0.00624550087377429,0.005110303405672312,0.00508087407797575,0.005434403661638498,0.005191347561776638,0.546592652797699,0.47608309984207153,0.8696112632751465,0.8919805288314819,0.9971983432769775,0.5664306282997131,0.5073796510696411,0.8923981785774231,0.9116573929786682,0.9976931214332581,0.5671770572662354,0.5086387991905212,0.8943722248077393,0.9129087924957275,0.9977311491966248,0.5640088319778442,0.5042113661766052,0.8924326300621033,0.911517322063446,0.99769127368927,0.5609294772148132,0.49862122535705566,0.8923483490943909,0.9138137698173523,0.9977206587791443
107,0.026622336357831955,0.006191723980009556,0.005006445571780205,0.004968928173184395,0.005357740446925163,0.005097498651593924,0.5375654697418213,0.4694282114505768,0.8677237629890442,0.8927642107009888,0.9971898794174194,0.5579550266265869,0.5016641616821289,0.890630304813385,0.9140986800193787,0.9977046251296997,0.5589631199836731,0.5032550692558289,0.8908070921897888,0.9162259101867676,0.9977332949638367,0.5559062957763672,0.4990668296813965,0.8882313966751099,0.9150887727737427,0.9976911544799805,0.5524649024009705,0.4928745925426483,0.8896303176879883,0.9159850478172302,0.9977176189422607
108,0.028003579005599022,0.006440145429223776,0.005283529870212078,0.005246688611805439,0.00567122595384717,0.005361975636333227,0.5410285592079163,0.4712997078895569,0.8690913319587708,0.8913797736167908,0.997184157371521,0.5609915852546692,0.5027658343315125,0.8942016959190369,0.9104302525520325,0.9976969957351685,0.5616218447685242,0.5038881301879883,0.8957437872886658,0.9103941321372986,0.9977131485939026,0.5579564571380615,0.4989180564880371,0.8893999457359314,0.9116719365119934,0.9976611733436584,0.5552898645401001,0.49377426505088806,0.8923526406288147,0.9134029150009155,0.9977148771286011
109,0.026068562641739845,0.006106791086494923,0.004904566798359156,0.00485672801733017,0.0052105700597167015,0.004989890847355127,0.5445595383644104,0.47617653012275696,0.8713410496711731,0.8948275446891785,0.9972527027130127,0.5654498338699341,0.509207010269165,0.8955046534538269,0.9149735569953918,0.9977689385414124,0.5663943290710449,0.5107309222221375,0.8965954184532166,0.9159154295921326,0.9977925419807434,0.5633885860443115,0.506496787071228,0.8932797312736511,0.9167236685752869,0.9977654814720154,0.559848427772522,0.5002061128616333,0.8941911458969116,0.9177252054214478,0.9977900385856628
110,0.02559632807970047,0.00600648857653141,0.004818718880414963,0.004766801372170448,0.005105846095830202,0.004898452199995518,0.5469761490821838,0.47965794801712036,0.8722251057624817,0.8958598971366882,0.9972761273384094,0.5676917433738708,0.5127410292625427,0.8965134620666504,0.9158737063407898,0.9977914690971375,0.5686938762664795,0.5143816471099854,0.8969357013702393,0.9176886677742004,0.9978188872337341,0.5657645463943481,0.5103325843811035,0.8932569622993469,0.9164367914199829,0.9977620244026184,0.5621575117111206,0.5038001537322998,0.8948332071304321,0.9188860654830933,0.9978113174438477
111,0.02781367115676403,0.006406186148524284,0.005247504450380802,0.005222382489591837,0.005602014716714621,0.005335570778697729,0.5425091981887817,0.47253796458244324,0.8663895130157471,0.891219437122345,0.9971548914909363,0.5629210472106934,0.5048623085021973,0.8892450332641602,0.910897433757782,0.9976499080657959,0.5637930035591125,0.5062820911407471,0.8906137943267822,0.9114657640457153,0.9976715445518494,0.5603558421134949,0.5015596747398376,0.8861368894577026,0.9114446640014648,0.9976240396499634,0.5573117136955261,0.4958893656730652,0.8882584571838379,0.9134036898612976,0.99767005443573
112,0.02532973326742649,0.005963598843663931,0.004757786635309458,0.004701819270849228,0.005063873715698719,0.0048426249995827675,0.5407387614250183,0.4746216833591461,0.8764915466308594,0.8982326984405518,0.9973514676094055,0.5609185695648193,0.5070358514785767,0.9017670750617981,0.9184796214103699,0.9978798627853394,0.5619726777076721,0.5089783668518066,0.9013843536376953,0.9205132722854614,0.9979021549224854,0.5590826272964478,0.5050439238548279,0.8971059918403625,0.9211148619651794,0.9978639483451843,0.5556015372276306,0.4984889626502991,0.9001153111457825,0.9220103025436401,0.9979073405265808
113,0.02665187232196331,0.006176507566124201,0.005034050904214382,0.004992528818547726,0.00534643791615963,0.005102335475385189,0.5427180528640747,0.4738413095474243,0.8725537061691284,0.8937819600105286,0.9972530603408813,0.5628488063812256,0.5059555768966675,0.8966876864433289,0.9127523303031921,0.9977535605430603,0.5633435249328613,0.5069556832313538,0.8974106311798096,0.9150288105010986,0.997789740562439,0.5600218772888184,0.502408504486084,0.8947022557258606,0.9127206206321716,0.9977310299873352,0.5571140050888062,0.496826708316803,0.8960530161857605,0.9160367250442505,0.997787594795227
114,0.024618245661258698,0.005862535908818245,0.004610866773873568,0.004553916398435831,0.004886221140623093,0.004704717081040144,0.5517433881759644,0.48478496074676514,0.8784041404724121,0.8952301740646362,0.9973316788673401,0.5730847120285034,0.5192399024963379,0.9015563726425171,0.9168490767478943,0.9978575706481934,0.5741434097290039,0.5210219621658325,0.8997818827629089,0.9207621812820435,0.9978887438774109,0.5705885887145996,0.5161550045013428,0.895195722579956,0.9213992357254028,0.9978457093238831,0.5672397017478943,0.5097426176071167,0.9002582430839539,0.9206042289733887,0.9978915452957153
115,0.02648046799004078,0.006156276911497116,0.004987137392163277,0.004958907142281532,0.005311594344675541,0.005066551733762026,0.5403721928596497,0.47245997190475464,0.871633768081665,0.8959403038024902,0.9972699284553528,0.5605737566947937,0.5047600269317627,0.8947193622589111,0.9156047701835632,0.9977684020996094,0.5612778067588806,0.5060309767723083,0.8954436779022217,0.9167280197143555,0.9977893233299255,0.5585019588470459,0.5021501779556274,0.8928782343864441,0.9167466759681702,0.9977622032165527,0.5550910234451294,0.49591270089149475,0.8946663737297058,0.9180922508239746,0.9977983832359314
116,0.024812059476971626,0.005877437070012093,0.0046460796147584915,0.004606179893016815,0.004941719118505716,0.004740642849355936,0.5491445064544678,0.4821236729621887,0.8749158382415771,0.8983145952224731,0.9973351359367371,0.5705462694168091,0.5165393352508545,0.8998177647590637,0.9196503758430481,0.9978744387626648,0.5714308619499207,0.5180960297584534,0.8989473581314087,0.9223179221153259,0.9978998899459839,0.5677171945571899,0.5128880143165588,0.8956820368766785,0.9208219647407532,0.9978446364402771,0.5645456910133362,0.5068179965019226,0.8980979919433594,0.922187864780426,0.9978887438774109
117,0.026348739862442017,0.006157747004181147,0.004953854717314243,0.00491534685716033,0.005278874654322863,0.00504292082041502,0.5505349636077881,0.4819655418395996,0.8718751668930054,0.8938690423965454,0.9972456693649292,0.5711365938186646,0.5151057243347168,0.8948030471801758,0.9163632988929749,0.9977790117263794,0.5719459056854248,0.5166105031967163,0.8931422233581543,0.9195556640625,0.9978001117706299,0.5689499378204346,0.512550413608551,0.8916900753974915,0.917788565158844,0.9977624416351318,0.5655218362808228,0.5060624480247498,0.8938115835189819,0.9193837642669678,0.997806191444397
118,0.024950983002781868,0.0059081860817968845,0.0046878354623913765,0.004623997490853071,0.004963357467204332,0.004767607897520065,0.542994499206543,0.4764585793018341,0.8749545812606812,0.89705491065979,0.9973201751708984,0.564560055732727,0.5111838579177856,0.900148332118988,0.9181132316589355,0.9978590607643127,0.5657578110694885,0.5132176876068115,0.9002408981323242,0.9198628067970276,0.9978811740875244,0.5622294545173645,0.5083674788475037,0.8967158794403076,0.9188251495361328,0.9978308081626892,0.5587062835693359,0.5017117857933044,0.8989092111587524,0.9211034178733826,0.9978837370872498
119,0.023497898131608963,0.005671209190040827,0.004384974483400583,0.004322067368775606,0.0046377903781831264,0.004481860902160406,0.5559381246566772,0.49003252387046814,0.8781529664993286,0.9001890420913696,0.9973945021629333,0.5781769752502441,0.5260488390922546,0.9042741060256958,0.9226147532463074,0.9979599118232727,0.5793388485908508,0.5280964970588684,0.9040639996528625,0.9254747033119202,0.9979940056800842,0.5767626762390137,0.5243556499481201,0.9010723233222961,0.9246566891670227,0.9979519844055176,0.5724774599075317,0.5166653990745544,0.9032596349716187,0.926279604434967,0.9979954361915588
120,0.027468273416161537,0.006348174996674061,0.0051836674101650715,0.005153203848749399,0.005526797380298376,0.005256395787000656,0.5405251383781433,0.4709775447845459,0.865405797958374,0.8921544551849365,0.9971560835838318,0.5619237422943115,0.5047526955604553,0.8910360336303711,0.9117541909217834,0.9976800084114075,0.562534511089325,0.5059000849723816,0.8905611038208008,0.9142665266990662,0.9977055788040161,0.5597055554389954,0.501808226108551,0.8890984058380127,0.9113040566444397,0.997652530670166,0.556154191493988,0.4955286681652069,0.8894119262695312,0.9142383337020874,0.9976930022239685
121,0.023077894002199173,0.005589210893958807,0.004305288661271334,0.004238311201334,0.004551828373223543,0.004393248353153467,0.5562958717346191,0.49091988801956177,0.8815111517906189,0.9013998508453369,0.9974446296691895,0.5787723064422607,0.5275270342826843,0.9068782925605774,0.9235829710960388,0.9980003833770752,0.5799515247344971,0.52962726354599,0.9060790538787842,0.9269957542419434,0.9980350732803345,0.5766342878341675,0.5250011086463928,0.9030600190162659,0.9277862310409546,0.9980108141899109,0.5727447271347046,0.5176428556442261,0.9057672619819641,0.92766934633255,0.9980409145355225
122,0.023751625791192055,0.005723986774682999,0.004434346687048674,0.004367385525256395,0.004709893837571144,0.004516031593084335,0.5605599880218506,0.4946141839027405,0.8794158101081848,0.9017788767814636,0.9974285364151001,0.5832497477531433,0.5314115881919861,0.9048715233802795,0.9249162077903748,0.9979968070983887,0.5845275521278381,0.5336182713508606,0.9041277766227722,0.9278111457824707,0.9980235695838928,0.5817626714706421,0.529798686504364,0.9031821489334106,0.9277727603912354,0.9980129599571228,0.5774379968643188,0.521902859210968,0.9046562314033508,0.9282709956169128,0.9980353116989136
123,0.025207743048667908,0.0059827771037817,0.0047155823558568954,0.004670880269259214,0.005026720464229584,0.004811774007976055,0.5540924072265625,0.48696577548980713,0.8744093179702759,0.9005610346794128,0.9973598122596741,0.5762205123901367,0.5227553248405457,0.8995754718780518,0.9236828684806824,0.9979228377342224,0.5770995020866394,0.5243404507637024,0.9001417756080627,0.9256001114845276,0.9979534149169922,0.5746457576751709,0.5209579467773438,0.8969579339027405,0.9246202111244202,0.9979063868522644,0.570457398891449,0.513347327709198,0.8990230560302734,0.926451563835144,0.9979512095451355
124,0.024911431595683098,0.005906033329665661,0.004661570768803358,0.004621253814548254,0.004982121754437685,0.004740459378808737,0.550404965877533,0.4832598567008972,0.8769835829734802,0.8994776010513306,0.9973718523979187,0.5720195770263672,0.5181460380554199,0.9035816788673401,0.9202640652656555,0.9979227185249329,0.5730780959129333,0.5200098156929016,0.9032684564590454,0.9229254722595215,0.9979530572891235,0.5691609978675842,0.5145488977432251,0.8997172713279724,0.9227210283279419,0.997912585735321,0.5659723281860352,0.5083244442939758,0.9019176959991455,0.9242010116577148,0.9979547262191772
125,0.023580277338624,0.005688094068318605,0.004402840975672007,0.004343745298683643,0.004651681054383516,0.004493940621614456,0.5527880787849426,0.4875135123729706,0.8803924322128296,0.9013491868972778,0.9974328279495239,0.5752397775650024,0.5240690112113953,0.9063953757286072,0.923531711101532,0.9979958534240723,0.5763948559761047,0.5260849595069885,0.906056821346283,0.9269979000091553,0.9980347156524658,0.5733828544616699,0.5219497084617615,0.9037863612174988,0.9260764122009277,0.9979984760284424,0.5692610144615173,0.5142495632171631,0.9057217240333557,0.9269739389419556,0.9980316162109375
126,0.02383389323949814,0.005738572683185339,0.004445813130587339,0.004388201050460339,0.004724295809864998,0.004536994267255068,0.5538655519485474,0.4886845648288727,0.8790186047554016,0.9005185961723328,0.997407078742981,0.5767212510108948,0.5258222222328186,0.9083070755004883,0.9218194484710693,0.9979942440986633,0.5779657363891602,0.5280370712280273,0.9065132737159729,0.9263384938240051,0.9980317950248718,0.574334979057312,0.5231238603591919,0.9021975994110107,0.9254739284515381,0.9979729056358337,0.5704836845397949,0.5156727433204651,0.9054250121116638,0.9260433912277222,0.9980161190032959
127,0.02398611046373844,0.005762688349932432,0.0044854250736534595,0.004420585464686155,0.0047616115771234035,0.004555793944746256,0.5501074194908142,0.4853375256061554,0.8759055733680725,0.9033375978469849,0.9974106550216675,0.5726464986801147,0.5220027565956116,0.9016919136047363,0.927064836025238,0.9979875087738037,0.5738956332206726,0.5241488814353943,0.8995381593704224,0.9312999248504639,0.9980165362358093,0.5714114308357239,0.5206734538078308,0.8996221423149109,0.9290384650230408,0.9979897737503052,0.5669168829917908,0.5125283598899841,0.9003561735153198,0.9305695295333862,0.998017430305481
128,0.02279028110206127,0.00555780902504921,0.004239181522279978,0.004173544235527515,0.004485803656280041,0.00433393195271492,0.5508716106414795,0.4868943393230438,0.8793522715568542,0.9037936925888062,0.9974536299705505,0.5737755298614502,0.524335503578186,0.9071083664894104,0.9254631400108337,0.9980272650718689,0.574786365032196,0.5262495875358582,0.9050995707511902,0.9305793046951294,0.9980692863464355,0.5713984370231628,0.5216305255889893,0.9013647437095642,0.9303390383720398,0.9980257749557495,0.567520022392273,0.5140938758850098,0.9048734903335571,0.929701566696167,0.9980560541152954
129,0.025022700428962708,0.005936551373451948,0.004680417012423277,0.004634160548448563,0.005003515165299177,0.004768034443259239,0.5487167239189148,0.4827702045440674,0.8765792846679688,0.8981577157974243,0.9973511695861816,0.5706908702850342,0.5184975266456604,0.9011326432228088,0.920566976070404,0.9978994727134705,0.5717392563819885,0.520362377166748,0.9010233283042908,0.9229573607444763,0.9979294538497925,0.5692816972732544,0.5169798731803894,0.898134171962738,0.9216499924659729,0.9978818893432617,0.5649814009666443,0.5091283321380615,0.9002568125724792,0.9233965873718262,0.997925877571106
130,0.023118803277611732,0.0056003364734351635,0.004301928449422121,0.004250793252140284,0.004566025920212269,0.0043997024185955524,0.5574620366096497,0.49284178018569946,0.8809530735015869,0.9025375247001648,0.9974550604820251,0.5802372694015503,0.5303109288215637,0.9057297110557556,0.9268046021461487,0.9980295300483704,0.5814628601074219,0.5325466990470886,0.9044389724731445,0.9308353662490845,0.9980654120445251,0.5789371728897095,0.5288881659507751,0.9021733403205872,0.9304004311561584,0.9980349540710449,0.5744755864143372,0.5207184553146362,0.9045509099960327,0.9309889674186707,0.9980683326721191
131,0.023960929363965988,0.005772440228611231,0.004471739288419485,0.004409118089824915,0.004744401667267084,0.004563204478472471,0.555465042591095,0.48942017555236816,0.8762652277946472,0.8996858596801758,0.9973669052124023,0.5783992409706116,0.5268925428390503,0.9016434550285339,0.922885537147522,0.9979343414306641,0.5795527696609497,0.528958797454834,0.8998807072639465,0.9276353120803833,0.9979762434959412,0.5765984058380127,0.5246865749359131,0.8992181420326233,0.9266191720962524,0.9979556798934937,0.5723704099655151,0.5169119238853455,0.900538444519043,0.926239013671875,0.9979657530784607
132,0.022886887192726135,0.00558255473151803,0.0042480649426579475,0.004185590893030167,0.0045185387134552,0.004352135583758354,0.5526343584060669,0.4882110059261322,0.8790140151977539,0.9035084247589111,0.9974463582038879,0.5754324793815613,0.5254313349723816,0.9068313241004944,0.9262551665306091,0.9980344176292419,0.5765199661254883,0.5274136066436768,0.9073814153671265,0.9287383556365967,0.9980708956718445,0.5740488171577454,0.5237470865249634,0.9063367247581482,0.9259083271026611,0.9980243444442749,0.5695711374282837,0.515693724155426,0.906376302242279,0.9291799664497375,0.9980666041374207
133,0.02324259653687477,0.005637365859001875,0.004320073407143354,0.004270241130143404,0.0045939101837575436,0.00442097382619977,0.5545550584793091,0.49047109484672546,0.8836694359779358,0.9003191590309143,0.9974554777145386,0.5775365829467773,0.5280512571334839,0.9114277362823486,0.9218087196350098,0.9980282187461853,0.5787948369979858,0.5302679538726807,0.9127737283706665,0.923319935798645,0.9980614185333252,0.5754333138465881,0.5255143046379089,0.9076635837554932,0.92512047290802,0.9980303049087524,0.5714595913887024,0.5180278420448303,0.9103244543075562,0.9256334900856018,0.9980647563934326
134,0.022252365946769714,0.005467676557600498,0.004121045116335154,0.00405360572040081,0.00437687523663044,0.004233143292367458,0.5521745681762695,0.4886462688446045,0.8805877566337585,0.9043293595314026,0.9974731206893921,0.5755605101585388,0.5268542170524597,0.9087148308753967,0.9272090792655945,0.9980663657188416,0.5766744613647461,0.5289202928543091,0.9083985090255737,0.929753303527832,0.9980944395065308,0.5736762285232544,0.5246022343635559,0.9081661701202393,0.9264712929725647,0.9980529546737671,0.5694217085838318,0.516721248626709,0.9075696468353271,0.9302642941474915,0.9980928897857666
135,0.022854862734675407,0.0055780005641281605,0.004246395081281662,0.0041798558086156845,0.0045174346305429935,0.004333179909735918,0.5461006760597229,0.48294752836227417,0.8794975280761719,0.9030551910400391,0.997445285320282,0.5689192414283752,0.5203000903129578,0.9061681628227234,0.9269759654998779,0.9980353116989136,0.5702623128890991,0.5227153301239014,0.9043450355529785,0.9322942495346069,0.9980834722518921,0.5679317712783813,0.5194206833839417,0.9042849540710449,0.9308358430862427,0.9980629086494446,0.5631825923919678,0.5107786059379578,0.9052820801734924,0.9309446811676025,0.9980756044387817
136,0.021671993657946587,0.005391532089561224,0.004006989300251007,0.003924970049411058,0.004237475339323282,0.004111002199351788,0.5595144629478455,0.4969462454319,0.8837835788726807,0.9063993096351624,0.9975331425666809,0.5834970474243164,0.5366067290306091,0.9098725318908691,0.9316796660423279,0.9981354475021362,0.5849241614341736,0.539179265499115,0.9108480215072632,0.93430095911026,0.9981784820556641,0.5822960138320923,0.5353248119354248,0.9082897305488586,0.9343373775482178,0.9981508851051331,0.5774667263031006,0.5264796614646912,0.9102253317832947,0.9350161552429199,0.998180091381073
137,0.022642895579338074,0.0055466024205088615,0.004208184313029051,0.004136417992413044,0.004450980108231306,0.004300708416849375,0.5465262532234192,0.48302897810935974,0.8817360997200012,0.9024154543876648,0.9974602460861206,0.5690430998802185,0.5200645923614502,0.9067085981369019,0.925973117351532,0.998029351234436,0.5700713396072388,0.52194744348526,0.9049327373504639,0.930386483669281,0.9980648756027222,0.5675878524780273,0.5183361768722534,0.9037727117538452,0.9279231429100037,0.9980217218399048,0.5631853342056274,0.5102869868278503,0.9059836864471436,0.9293169975280762,0.998062789440155
138,0.02410159818828106,0.005793656688183546,0.004494137596338987,0.004427840933203697,0.0048072449862957,0.004578668624162674,0.5499111413955688,0.4850313365459442,0.8777196407318115,0.8998661637306213,0.9973852038383484,0.5724100470542908,0.5218126773834229,0.9027957916259766,0.9223738312721252,0.9979413747787476,0.5734708905220032,0.5237518548965454,0.9037994742393494,0.9244206547737122,0.9979773163795471,0.5703727006912231,0.5195097327232361,0.9003015160560608,0.9234545230865479,0.9979273080825806,0.5664516091346741,0.5120276808738708,0.9025230407714844,0.9253442883491516,0.9979757070541382
139,0.02277747541666031,0.005582497455179691,0.004232008941471577,0.004163016565144062,0.004474746063351631,0.004325213376432657,0.555034339427948,0.49119535088539124,0.8794374465942383,0.9066115617752075,0.9974883794784546,0.5788498520851135,0.5303186774253845,0.9051513671875,0.9322110414505005,0.9980906248092651,0.5806813836097717,0.5333892703056335,0.9065802097320557,0.9349231719970703,0.9981399178504944,0.5777844190597534,0.5293716788291931,0.9058253765106201,0.9334186911582947,0.9981119632720947,0.572932779788971,0.5204235911369324,0.9060927033424377,0.9345919489860535,0.9981302618980408
140,0.02193773165345192,0.0054495250806212425,0.004070841241627932,0.003966806922107935,0.004303863737732172,0.004146699793636799,0.562484085559845,0.49955955147743225,0.8820000290870667,0.9067739844322205,0.9975196123123169,0.5866915583610535,0.5395106077194214,0.9104434251785278,0.9314815402030945,0.9981391429901123,0.5884670615196228,0.542633056640625,0.9082831740379333,0.9370021224021912,0.9981837868690491,0.5852487087249756,0.5379471778869629,0.9065462946891785,0.9356541633605957,0.9981473088264465,0.5805837512016296,0.5292607545852661,0.90874844789505,0.9357079267501831,0.9981735944747925
141,0.021677711978554726,0.005399373359978199,0.004006922710686922,0.003931843675673008,0.004238010384142399,0.004101540427654982,0.5601775646209717,0.4972218871116638,0.8820208311080933,0.9080305695533752,0.9975354075431824,0.5847225785255432,0.5377414226531982,0.910336971282959,0.9334522485733032,0.9981619119644165,0.5862566828727722,0.5405387282371521,0.9101381897926331,0.9373884797096252,0.9982089996337891,0.5832340717315674,0.5362595915794373,0.9093418121337891,0.9352407455444336,0.9981722235679626,0.5784115195274353,0.5272292494773865,0.9097651839256287,0.9370567798614502,0.9982011318206787
142,0.022596757858991623,0.005516551434993744,0.004195850342512131,0.004134213086217642,0.004463669843971729,0.004286470822989941,0.5532926321029663,0.49020686745643616,0.8793440461158752,0.904137372970581,0.9974579811096191,0.5770255923271179,0.529258668422699,0.9084767699241638,0.9266221523284912,0.9980562925338745,0.5780960321426392,0.5311843156814575,0.907325029373169,0.9299161434173584,0.9980858564376831,0.5749219655990601,0.5267229676246643,0.9038193821907043,0.9289519786834717,0.9980344176292419,0.5706989765167236,0.5187727808952332,0.906571090221405,0.9299613833427429,0.9980776309967041
143,0.023465489968657494,0.005724829621613026,0.004358978010714054,0.0042977421544492245,0.004621740430593491,0.004462187644094229,0.5487276911735535,0.4846872091293335,0.8794422745704651,0.9008352160453796,0.9974151849746704,0.5718905329704285,0.5226516127586365,0.9070234894752502,0.924924910068512,0.9980193376541138,0.5731762051582336,0.524904727935791,0.9069739580154419,0.9280127286911011,0.9980576038360596,0.5701794624328613,0.5207651257514954,0.9040566086769104,0.9272986054420471,0.9980170726776123,0.5658907890319824,0.5127242803573608,0.9060739278793335,0.9280023574829102,0.9980471730232239
144,0.02094745635986328,0.005282287951558828,0.0038583457935601473,0.0037646826822310686,0.0040728505700826645,0.003969276323914528,0.5601434707641602,0.4980185925960541,0.8856654167175293,0.9079315662384033,0.99757319688797,0.5844579935073853,0.5385329127311707,0.9126088619232178,0.934670627117157,0.9982026219367981,0.586062490940094,0.541476309299469,0.9106006026268005,0.9397370219230652,0.9982432723045349,0.5835074782371521,0.5378016233444214,0.9102338552474976,0.9361346960067749,0.9981942772865295,0.5784416794776917,0.5283845663070679,0.9123050570487976,0.9378555417060852,0.9982392191886902
145,0.0224799532443285,0.005526375956833363,0.004158665891736746,0.004100690595805645,0.004429633729159832,0.004264611750841141,0.5544816851615906,0.4911681115627289,0.8797890543937683,0.9046860337257385,0.9974695444107056,0.5782740712165833,0.5303754210472107,0.9087045788764954,0.9272120594978333,0.9980664849281311,0.5794262886047363,0.5325457453727722,0.9071382880210876,0.9312114715576172,0.9980997443199158,0.5763766169548035,0.5282796621322632,0.9066428542137146,0.9284114837646484,0.9980592131614685,0.5719918608665466,0.5199699997901917,0.9069984555244446,0.931098461151123,0.9980962872505188
146,0.021062446758151054,0.0053192926570773125,0.0038803485222160816,0.0037906861398369074,0.004082312807440758,0.003989845514297485,0.5561448931694031,0.49439629912376404,0.8846497535705566,0.9071072340011597,0.9975523948669434,0.5808172225952148,0.5353879332542419,0.9129695892333984,0.9313980937004089,0.9981657862663269,0.5824768543243408,0.5382832884788513,0.9123104214668274,0.9358406066894531,0.9982149600982666,0.5798330903053284,0.534550130367279,0.9111259579658508,0.9334689974784851,0.9981722235679626,0.5747292637825012,0.5250955820083618,0.9125604629516602,0.9353922009468079,0.9982108473777771
147,0.021041424944996834,0.005304855760186911,0.0038765876088291407,0.0037891871761530638,0.004085959866642952,0.00398485129699111,0.5584167838096619,0.4962496757507324,0.885729193687439,0.9052470922470093,0.997539222240448,0.5828102231025696,0.5367849469184875,0.9138146638870239,0.9318260550498962,0.9981808662414551,0.5843356251716614,0.5395158529281616,0.9135387539863586,0.9355529546737671,0.9982236623764038,0.5819088816642761,0.5358591675758362,0.9143818616867065,0.9329082369804382,0.9982001185417175,0.5767791271209717,0.5265560746192932,0.9137782454490662,0.9348710179328918,0.9982196092605591
148,0.021157313138246536,0.005305541213601828,0.003894364694133401,0.003819631179794669,0.004143805243074894,0.0039939871057868,0.5576282143592834,0.4959087371826172,0.8849102854728699,0.9074181318283081,0.9975590109825134,0.5818626880645752,0.5363510847091675,0.9126216769218445,0.9337685704231262,0.998191773891449,0.5834364891052246,0.5391184687614441,0.9139689803123474,0.9365615844726562,0.9982404112815857,0.5811712145805359,0.5358504056930542,0.9144912362098694,0.9330536723136902,0.9982032775878906,0.5759037733078003,0.5261868834495544,0.9134946465492249,0.9362426400184631,0.9982320070266724
149,0.022201882675290108,0.005504024680703878,0.004108565393835306,0.004029158968478441,0.004349141381680965,0.004210983868688345,0.5506971478462219,0.48741477727890015,0.8824812173843384,0.9049177765846252,0.9975004196166992,0.5750255584716797,0.5274561047554016,0.9097127914428711,0.9301102757453918,0.9981144666671753,0.576629638671875,0.5302884578704834,0.9090607762336731,0.9348704218864441,0.9981656074523926,0.5739007592201233,0.5263673663139343,0.9078429937362671,0.9323351979255676,0.9981209635734558,0.5689730048179626,0.5173072218894958,0.9095012545585632,0.9337703585624695,0.9981571435928345
