,loss,side_6_loss,side_7_loss,side_8_loss,activation_116_loss,add_35_loss,side_6_dice_coef,side_6_jacard,side_6_recall,side_6_precision,side_6_accuracy,side_7_dice_coef,side_7_jacard,side_7_recall,side_7_precision,side_7_accuracy,side_8_dice_coef,side_8_jacard,side_8_recall,side_8_precision,side_8_accuracy,activation_116_dice_coef,activation_116_jacard,activation_116_recall,activation_116_precision,activation_116_accuracy,add_35_dice_coef,add_35_jacard,add_35_recall,add_35_precision,add_35_accuracy
0,1.08303701877594,0.04613395780324936,0.069505475461483,0.07179319858551025,0.7256666421890259,0.16993911564350128,0.16364945471286774,0.10045238584280014,0.16809482872486115,0.34714367985725403,0.9861720204353333,0.10683806985616684,0.06189848110079765,0.092365562915802,0.07956334203481674,0.9761980175971985,0.08397421985864639,0.04777679964900017,0.057801153510808945,0.09116224199533463,0.981711745262146,0.026815757155418396,0.013734769076108932,0.6534426212310791,0.02286444790661335,0.6594618558883667,0.041399262845516205,0.02155354991555214,0.09563543647527695,0.21060021221637726,0.9847906231880188
1,0.9292266368865967,0.03157961368560791,0.03358450159430504,0.034098703414201736,0.6829701066017151,0.14699353277683258,0.23944738507270813,0.15505796670913696,0.28400763869285583,0.6394451856613159,0.9894455075263977,0.21274785697460175,0.13309626281261444,0.22818848490715027,0.5720433592796326,0.9886486530303955,0.20070433616638184,0.12320348620414734,0.1979595571756363,0.5701963901519775,0.9885427355766296,0.0360986702144146,0.018637875095009804,0.8923478722572327,0.04631534218788147,0.7773823142051697,0.06501971185207367,0.03453070670366287,0.3458767533302307,0.5853554010391235,0.9891694188117981
2,0.8967631459236145,0.02983437478542328,0.030772963538765907,0.031080463901162148,0.6626542210578918,0.1424209475517273,0.25530731678009033,0.16787178814411163,0.31507906317710876,0.6547903418540955,0.9897499084472656,0.24260006844997406,0.15677210688591003,0.28901249170303345,0.6203814148902893,0.9893068671226501,0.23574720323085785,0.15034830570220947,0.2748328447341919,0.6219538450241089,0.9892534613609314,0.038702335208654404,0.02003093995153904,0.8586138486862183,0.07272893190383911,0.8664387464523315,0.07257359474897385,0.038827717304229736,0.42407557368278503,0.596992015838623,0.9896137118339539
3,0.8719562888145447,0.028227457776665688,0.029094522818922997,0.02893189899623394,0.6460381746292114,0.13966423273086548,0.2687044143676758,0.17922018468379974,0.3464677333831787,0.6724441647529602,0.9900966286659241,0.2604418992996216,0.17153173685073853,0.3365313708782196,0.643942654132843,0.9897675514221191,0.26154690980911255,0.17104081809520721,0.3421575427055359,0.6457099914550781,0.9898144602775574,0.03931440785527229,0.020365027710795403,0.8601001501083374,0.1145564466714859,0.9182403087615967,0.07697524130344391,0.04138268530368805,0.4703405499458313,0.618139386177063,0.9901189208030701
4,0.8543739318847656,0.0268369410187006,0.02811194583773613,0.028088143095374107,0.6336032152175903,0.13773445785045624,0.28703808784484863,0.19496436417102814,0.3801916241645813,0.6946675777435303,0.9905213117599487,0.2699889540672302,0.17944768071174622,0.35637402534484863,0.6640973687171936,0.9900757074356079,0.2754952609539032,0.18300789594650269,0.3704443871974945,0.6652390360832214,0.9901723265647888,0.039547909051179886,0.020482651889324188,0.8663079738616943,0.14315609633922577,0.9359347224235535,0.07997072488069534,0.04309070110321045,0.4815223515033722,0.6412721872329712,0.9905112385749817
5,0.837365448474884,0.026225736364722252,0.026793383061885834,0.026913737878203392,0.6218052506446838,0.1356268972158432,0.29389169812202454,0.2002665400505066,0.3948456346988678,0.6950024366378784,0.9906240701675415,0.279828280210495,0.18682892620563507,0.3766140341758728,0.6688910126686096,0.990246593952179,0.284661203622818,0.19002412259578705,0.39557376503944397,0.6746417284011841,0.9904218912124634,0.04049408808350563,0.02099066786468029,0.8692819476127625,0.17585505545139313,0.949354887008667,0.08290644735097885,0.044784851372241974,0.506790816783905,0.6476010084152222,0.990737795829773
6,0.8201118111610413,0.025340747088193893,0.025498641654849052,0.02561146393418312,0.6101449131965637,0.13351595401763916,0.30262306332588196,0.20869053900241852,0.4173301160335541,0.7115189433097839,0.9909442663192749,0.2964938282966614,0.20218069851398468,0.42737212777137756,0.6907356381416321,0.9907985925674438,0.30047664046287537,0.20441602170467377,0.4465465545654297,0.6855658888816833,0.9908674955368042,0.04121411591768265,0.021385805681347847,0.8703070878982544,0.20522235333919525,0.9578391909599304,0.0866653174161911,0.04703368991613388,0.5353345274925232,0.6633627414703369,0.9911304712295532
7,0.8054829239845276,0.024879904463887215,0.02482208050787449,0.024847108870744705,0.5992810726165771,0.1316533386707306,0.30387091636657715,0.21077799797058105,0.42472752928733826,0.7198989391326904,0.9910808801651001,0.3015243709087372,0.20731502771377563,0.4426921606063843,0.6931048631668091,0.9909275770187378,0.3074151873588562,0.21152716875076294,0.4692589342594147,0.6864977478981018,0.9910251498222351,0.04196552559733391,0.02180585078895092,0.865960955619812,0.23719987273216248,0.9648422598838806,0.08894812315702438,0.048446737229824066,0.549389123916626,0.6671514511108398,0.9912728667259216
8,0.7872535586357117,0.02373754419386387,0.02346104383468628,0.023523077368736267,0.5872329473495483,0.12929964065551758,0.3259989023208618,0.2286577671766281,0.4535277783870697,0.73291015625,0.9914281964302063,0.32769396901130676,0.22870562970638275,0.4823954701423645,0.7055721282958984,0.9913416504859924,0.33238762617111206,0.23244917392730713,0.500478982925415,0.7048957943916321,0.9914602637290955,0.04310670867562294,0.022393835708498955,0.8676180839538574,0.27181288599967957,0.9704100489616394,0.0939684808254242,0.05125175043940544,0.5787236094474792,0.6837302446365356,0.991701602935791
9,0.7718067169189453,0.023038679733872414,0.022499218583106995,0.022473067045211792,0.5765316486358643,0.12726470828056335,0.33417508006095886,0.23685339093208313,0.4796788990497589,0.7430639266967773,0.9917356967926025,0.33834701776504517,0.23900511860847473,0.5169854760169983,0.713080108165741,0.9916772246360779,0.34488165378570557,0.2444227784872055,0.5348289608955383,0.7137837409973145,0.9918145537376404,0.04386051371693611,0.022812362760305405,0.8700261116027832,0.31109854578971863,0.9752283692359924,0.09748215973377228,0.05337705463171005,0.6024243235588074,0.6907817125320435,0.9919637441635132
10,0.7550931572914124,0.022130321711301804,0.02132035233080387,0.021331503987312317,0.5652479529380798,0.12506285309791565,0.34147995710372925,0.24485966563224792,0.5070684552192688,0.7546378970146179,0.9920772314071655,0.34744182229042053,0.24964740872383118,0.5525446534156799,0.7387961745262146,0.9922581315040588,0.3549090027809143,0.25589680671691895,0.5684444308280945,0.7381111979484558,0.9923719763755798,0.04489261656999588,0.023384351283311844,0.869069516658783,0.33744171261787415,0.9778687953948975,0.10177440196275711,0.056068580597639084,0.6268629431724548,0.7154428362846375,0.9925018548965454
11,0.7397487759590149,0.021432649344205856,0.020394574850797653,0.020405055955052376,0.5544753074645996,0.12304147332906723,0.3522718548774719,0.25415992736816406,0.5212414264678955,0.7656807899475098,0.992312490940094,0.36309775710105896,0.2638978660106659,0.5743044018745422,0.7522876858711243,0.9925950765609741,0.3705662786960602,0.27052929997444153,0.5808008313179016,0.7557576894760132,0.992689847946167,0.04564349353313446,0.02378222718834877,0.872139036655426,0.3635644018650055,0.9800710082054138,0.10536842048168182,0.05816878378391266,0.6398966312408447,0.7317992448806763,0.9928373694419861
12,0.7243279218673706,0.020780351012945175,0.01941804401576519,0.01930052414536476,0.5438464283943176,0.12098339200019836,0.36152946949005127,0.2628481090068817,0.5399344563484192,0.7728289365768433,0.9925466775894165,0.3737488389015198,0.27338647842407227,0.5981438755989075,0.7584657669067383,0.9928654432296753,0.38426390290260315,0.2834985554218292,0.607517421245575,0.7650870084762573,0.9930258393287659,0.04646914079785347,0.024231374263763428,0.8801215291023254,0.3892953097820282,0.9819256067276001,0.10887131094932556,0.060277875512838364,0.658520519733429,0.7435289621353149,0.9931501150131226
13,0.7076403498649597,0.020010676234960556,0.018244612962007523,0.018019726499915123,0.5326599478721619,0.11870483309030533,0.37617436051368713,0.27581652998924255,0.5601056218147278,0.784814715385437,0.9928523302078247,0.39612528681755066,0.2943885922431946,0.6297826766967773,0.7751889228820801,0.9933415055274963,0.4056575298309326,0.3036384880542755,0.6378564834594727,0.7833953499794006,0.993514895439148,0.047632958739995956,0.024847572669386864,0.8853269815444946,0.4271332621574402,0.9843155145645142,0.11396884173154831,0.06326793879270554,0.6826967000961304,0.7628065943717957,0.9936206340789795
14,0.6953077912330627,0.019475147128105164,0.017645610496401787,0.01748415268957615,0.5237615704536438,0.11694034188985825,0.37874144315719604,0.2798110842704773,0.5702089071273804,0.7858082056045532,0.992950439453125,0.39629030227661133,0.2964915931224823,0.6414295434951782,0.7741755843162537,0.9934285879135132,0.40591350197792053,0.30603936314582825,0.6488334536552429,0.780099093914032,0.9935671091079712,0.04846568778157234,0.025319406762719154,0.8887621164321899,0.4480378329753876,0.9854719042778015,0.1163005530834198,0.06480032205581665,0.6938942670822144,0.7608965635299683,0.9936869144439697
15,0.6795111298561096,0.01867542415857315,0.01658872328698635,0.016261128708720207,0.5132625102996826,0.11472360789775848,0.39395615458488464,0.2939424216747284,0.5951460599899292,0.7970069646835327,0.9932971000671387,0.4146656394004822,0.31404080986976624,0.6675169467926025,0.7890148162841797,0.9938448071479797,0.4247012436389923,0.3241299092769623,0.6755342483520508,0.7971727252006531,0.9940221309661865,0.04956939443945885,0.02590174973011017,0.89642733335495,0.4757775366306305,0.9868555068969727,0.1212836354970932,0.06775790452957153,0.7146791815757751,0.7781441807746887,0.9941089153289795
16,0.6643386483192444,0.01791122741997242,0.015503495000302792,0.015151770785450935,0.5031432509422302,0.1126294732093811,0.40415143966674805,0.3039263188838959,0.6125489473342896,0.803112804889679,0.9935253858566284,0.42716237902641296,0.32716336846351624,0.6866084337234497,0.8000991940498352,0.9941586852073669,0.4382912814617157,0.3390427231788635,0.6963593363761902,0.8093500733375549,0.9943667054176331,0.05065952241420746,0.02650127187371254,0.9046584963798523,0.5105225443840027,0.9884035587310791,0.1253138780593872,0.07026377320289612,0.734930694103241,0.7909258008003235,0.9944669604301453
17,0.6503245830535889,0.017186682671308517,0.014633232727646828,0.014257019385695457,0.4937540590763092,0.11049336194992065,0.4145626425743103,0.31473779678344727,0.6341397762298584,0.8153097033500671,0.9938633441925049,0.4396762251853943,0.3404447138309479,0.7113944292068481,0.8062122464179993,0.9944644570350647,0.4516810476779938,0.3533408045768738,0.7204070687294006,0.8145387172698975,0.994656503200531,0.05191908776760101,0.027195237576961517,0.913759708404541,0.5360413789749146,0.9894347786903381,0.12966977059841156,0.07298273593187332,0.7558923363685608,0.7979481816291809,0.9947536587715149
18,0.6384968161582947,0.016849255189299583,0.014149661175906658,0.013773304410278797,0.4848887324333191,0.1088353767991066,0.4164753556251526,0.31704995036125183,0.6376187205314636,0.8153030872344971,0.9938955307006836,0.44390615820884705,0.34577012062072754,0.7183244824409485,0.8125315308570862,0.994611382484436,0.4532938599586487,0.35578620433807373,0.7247869372367859,0.8209335803985596,0.9947817325592041,0.05246778205037117,0.027499131858348846,0.9133294820785522,0.5494270920753479,0.9899339079856873,0.13176493346691132,0.07434924691915512,0.7586255073547363,0.8043891191482544,0.9948697686195374
19,0.6262509226799011,0.016503555700182915,0.013726255856454372,0.013252315111458302,0.4757373034954071,0.10703059285879135,0.42502260208129883,0.3260138928890228,0.64618319272995,0.8232719898223877,0.9940674304962158,0.45493072271347046,0.3573280870914459,0.7309495806694031,0.8171796202659607,0.9947899580001831,0.4652421176433563,0.3688581585884094,0.738180935382843,0.826973021030426,0.994985818862915,0.05339229106903076,0.027995703741908073,0.9162564873695374,0.5704631805419922,0.9906802177429199,0.13517749309539795,0.07640668749809265,0.7685989737510681,0.8105605840682983,0.9950493574142456
20,0.6132161021232605,0.015787405893206596,0.013036653399467468,0.01261459942907095,0.466610312461853,0.10516709089279175,0.4346986413002014,0.3355794847011566,0.6645901799201965,0.8290788531303406,0.9943102598190308,0.46269679069519043,0.36607983708381653,0.7423061728477478,0.8285751938819885,0.9950461387634277,0.47357913851737976,0.37849900126457214,0.7510319352149963,0.8373280167579651,0.995244562625885,0.05435000732541084,0.02851543016731739,0.9155834913253784,0.5950530171394348,0.9914790391921997,0.138920396566391,0.07873553782701492,0.7798777222633362,0.8221235275268555,0.9953161478042603
21,0.6022201776504517,0.015482822433114052,0.012656315229833126,0.012236149981617928,0.4583166241645813,0.10352917015552521,0.435910165309906,0.33734220266342163,0.6701247096061707,0.8326585292816162,0.994404673576355,0.4673253297805786,0.3714089095592499,0.7510853409767151,0.8312873840332031,0.9951660633087158,0.4771327078342438,0.3828495144844055,0.7579361796379089,0.8393435478210449,0.9953357577323914,0.05512966215610504,0.02896243706345558,0.921125054359436,0.6049494743347168,0.9918051362037659,0.14110048115253448,0.08024340122938156,0.7850992679595947,0.8248729705810547,0.9954033493995667
22,0.5925127863883972,0.015339300036430359,0.012585571967065334,0.012163310311734676,0.45033079385757446,0.10209425538778305,0.43467646837234497,0.3374084532260895,0.6742755770683289,0.8312109708786011,0.9944278597831726,0.46423280239105225,0.36950352787971497,0.7537628412246704,0.8303279876708984,0.9951790571212769,0.4734501838684082,0.37994420528411865,0.760181188583374,0.8407206535339355,0.99537593126297,0.05593248829245567,0.0294206403195858,0.919008731842041,0.6148287653923035,0.9920883774757385,0.14249978959560394,0.08125173300504684,0.7890171408653259,0.8246951699256897,0.9954387545585632
23,0.5797625184059143,0.014610812067985535,0.011898833326995373,0.011439228430390358,0.4415847957134247,0.10022865980863571,0.44534581899642944,0.34766778349876404,0.690496563911438,0.8373062014579773,0.9946562051773071,0.47582629323005676,0.3813202381134033,0.7685579061508179,0.8338508009910583,0.9953687191009521,0.48637691140174866,0.39371591806411743,0.7795104384422302,0.8428571820259094,0.9955934286117554,0.05716153606772423,0.030077429488301277,0.9264292120933533,0.6336675882339478,0.9926626682281494,0.1467697024345398,0.08384931087493896,0.8041306138038635,0.8290625214576721,0.9956433773040771
24,0.569673478603363,0.014365470968186855,0.01171127986162901,0.011282345280051231,0.4335593283176422,0.09875477105379105,0.45115482807159424,0.3537784218788147,0.6963449716567993,0.83768630027771,0.9947186708450317,0.47984713315963745,0.3854277431964874,0.771517276763916,0.83668452501297,0.9954331517219543,0.4892399311065674,0.39673930406570435,0.7791813611984253,0.8470543622970581,0.9956467151641846,0.05768531188368797,0.03037210926413536,0.923975944519043,0.6442804932594299,0.9929395318031311,0.14864186942577362,0.08508622646331787,0.8036548495292664,0.8334820866584778,0.9957013130187988
25,0.5582938194274902,0.013986408710479736,0.011141684837639332,0.01068455446511507,0.42546460032463074,0.09701709449291229,0.45961010456085205,0.36170217394828796,0.7031905055046082,0.842712938785553,0.994844913482666,0.48972469568252563,0.3960933983325958,0.7827269434928894,0.8392496705055237,0.9955768585205078,0.49976322054862976,0.4080426096916199,0.7913203239440918,0.8479110598564148,0.9957773685455322,0.05890748277306557,0.031025521457195282,0.930277943611145,0.6536641120910645,0.9932238459587097,0.1522325873374939,0.08722791820764542,0.815622091293335,0.8356966376304626,0.9958481788635254
26,0.5497682690620422,0.014036322012543678,0.011310168541967869,0.010852077975869179,0.41781365871429443,0.09575529396533966,0.45656755566596985,0.35934188961982727,0.7052275538444519,0.8418558239936829,0.994854748249054,0.4870758652687073,0.3938753008842468,0.7816469669342041,0.8413469791412354,0.995594322681427,0.49628886580467224,0.40514135360717773,0.7912219762802124,0.8510565757751465,0.9958175420761108,0.059559326618909836,0.03141119331121445,0.925262987613678,0.667482852935791,0.9935481548309326,0.15334098041057587,0.08810967206954956,0.8149597644805908,0.8379998207092285,0.9958730936050415
27,0.5385830998420715,0.013608821667730808,0.010753833688795567,0.010288527235388756,0.4098747670650482,0.09405751526355743,0.4601413309574127,0.36366721987724304,0.712387204170227,0.8463466167449951,0.994977593421936,0.4919200837612152,0.4000108540058136,0.7890592813491821,0.8489184379577637,0.9957683682441711,0.5007985234260559,0.411336213350296,0.7983765602111816,0.8582429885864258,0.9959824085235596,0.060520440340042114,0.03194008022546768,0.9275245666503906,0.6787687540054321,0.9938402771949768,0.156427800655365,0.09010794013738632,0.8206376433372498,0.8454557657241821,0.9960318207740784
28,0.5311669111251831,0.013830659911036491,0.011002804152667522,0.010575131513178349,0.40281185507774353,0.09294616430997849,0.4608190059661865,0.3642738163471222,0.7099488973617554,0.8433486819267273,0.9949183464050293,0.49090176820755005,0.39918044209480286,0.7847862243652344,0.8472867608070374,0.9957036972045898,0.49828019738197327,0.4084152579307556,0.7918801307678223,0.856758177280426,0.9958990216255188,0.06098691746592522,0.032197073101997375,0.9206928610801697,0.6821691989898682,0.993878185749054,0.1573915183544159,0.0907386913895607,0.8144657611846924,0.8446282148361206,0.9959601759910583
29,0.5185766220092773,0.013014955446124077,0.010207043029367924,0.009655553847551346,0.3946903645992279,0.09100867062807083,0.47100579738616943,0.3754599690437317,0.727889358997345,0.851555347442627,0.9951934218406677,0.5023657083511353,0.4117715656757355,0.8039647936820984,0.8516045212745667,0.9959507584571838,0.5110877752304077,0.4226888120174408,0.8145126700401306,0.8608307838439941,0.9961797595024109,0.06251774728298187,0.033044226467609406,0.9311153888702393,0.6998913884162903,0.9943609237670898,0.16209638118743896,0.09375947713851929,0.833254873752594,0.8495312333106995,0.9962142109870911
30,0.5119713544845581,0.013266651891171932,0.010496134869754314,0.010038014501333237,0.3881993591785431,0.08997026085853577,0.46617645025253296,0.37114590406417847,0.7233062982559204,0.8477778434753418,0.9951027631759644,0.49510255455970764,0.40505942702293396,0.796610951423645,0.8477208614349365,0.9958263039588928,0.5030350089073181,0.4150848388671875,0.8064455986022949,0.8567637205123901,0.9960452318191528,0.06297094374895096,0.033312585204839706,0.9255740642547607,0.6984500288963318,0.9942906498908997,0.16228201985359192,0.0940181165933609,0.8260010480880737,0.8458539843559265,0.9960925579071045
31,0.503943145275116,0.013371506705880165,0.01051641907542944,0.010019909590482712,0.38129952549934387,0.08873575925827026,0.4604228436946869,0.36549022793769836,0.7181940674781799,0.8456631898880005,0.9950276017189026,0.4912877380847931,0.40129709243774414,0.7947107553482056,0.8485748767852783,0.9958188533782959,0.5002751350402832,0.41287046670913696,0.8053850531578064,0.8577653169631958,0.9960466623306274,0.0636892095208168,0.03373285382986069,0.9233422875404358,0.704357922077179,0.9944077134132385,0.16311681270599365,0.09471534192562103,0.8245043754577637,0.8473400473594666,0.996097207069397
32,0.49467793107032776,0.013253801502287388,0.010420196689665318,0.009854131378233433,0.3738331198692322,0.08731681108474731,0.46914389729499817,0.37361449003219604,0.722221851348877,0.85025554895401,0.9951226115226746,0.5009253621101379,0.41074153780937195,0.7959216237068176,0.8538095951080322,0.9959002137184143,0.5106260180473328,0.4232943058013916,0.8063329458236694,0.8647359609603882,0.9961475729942322,0.06453678011894226,0.034181442111730576,0.9192186594009399,0.7151756286621094,0.994617223739624,0.16615931689739227,0.09655178338289261,0.8253547549247742,0.8539780378341675,0.9961959719657898
33,0.48662540316581726,0.013113845139741898,0.010319558903574944,0.009770994074642658,0.3673582673072815,0.08606315404176712,0.46550673246383667,0.37060582637786865,0.7229668498039246,0.8480159640312195,0.9951028823852539,0.4963093101978302,0.40652450919151306,0.7972131967544556,0.8509927988052368,0.9958760142326355,0.5056095719337463,0.41884276270866394,0.8080816864967346,0.8620201945304871,0.9961302280426025,0.06535478681325912,0.03466201201081276,0.9220993518829346,0.7113787531852722,0.9945557117462158,0.1674269288778305,0.09754165261983871,0.8256579637527466,0.8511273860931396,0.9961598515510559
34,0.47517135739326477,0.012606541626155376,0.009640679694712162,0.009057169780135155,0.35959291458129883,0.08427412062883377,0.4757712185382843,0.3801867365837097,0.7355323433876038,0.8530223965644836,0.9952885508537292,0.5103757977485657,0.42144644260406494,0.8140706419944763,0.8583766222000122,0.9961420297622681,0.5203900933265686,0.43465468287467957,0.8239288926124573,0.8706732988357544,0.9964057803153992,0.066859170794487,0.03547433763742447,0.9284095168113708,0.7347859144210815,0.9951016902923584,0.17239788174629211,0.10065415501594543,0.8401545882225037,0.8594563603401184,0.9964196681976318
35,0.46662211418151855,0.012493536807596684,0.009447836317121983,0.008851864375174046,0.3529348373413086,0.08289366960525513,0.4775540232658386,0.38299885392189026,0.7389714121818542,0.8553780317306519,0.9953497648239136,0.5112349987030029,0.42355528473854065,0.8158671855926514,0.8603387475013733,0.9961870312690735,0.5216113924980164,0.43723732233047485,0.8277919888496399,0.8713080883026123,0.9964537024497986,0.06786027550697327,0.03604733198881149,0.9277457594871521,0.7403468489646912,0.9952093362808228,0.1748127043247223,0.1023581326007843,0.842846155166626,0.8621058464050293,0.9964831471443176
36,0.4610899090766907,0.012760273180902004,0.009882883168756962,0.009301227517426014,0.34709522128105164,0.08205069601535797,0.4725983142852783,0.3777184784412384,0.7313331961631775,0.849173903465271,0.9951995015144348,0.5049824714660645,0.41645944118499756,0.8076736330986023,0.8567513823509216,0.9960559606552124,0.5143133997917175,0.4290585517883301,0.8192921280860901,0.8674055337905884,0.9963144063949585,0.06830891966819763,0.03632429614663124,0.9221153855323792,0.7350424528121948,0.9950577020645142,0.17450305819511414,0.10225137323141098,0.8352309465408325,0.8567497134208679,0.9963328838348389
37,0.451531320810318,0.012225441634654999,0.009427210316061974,0.008826464414596558,0.3405085504055023,0.08054396510124207,0.4725024402141571,0.37985727190971375,0.743276834487915,0.8531311750411987,0.9953663349151611,0.5027068257331848,0.4163393974304199,0.8170825242996216,0.8582226634025574,0.9961711764335632,0.5126646161079407,0.4295898973941803,0.8283084630966187,0.8695293068885803,0.9964351654052734,0.06949717551469803,0.037008434534072876,0.925668478012085,0.7465396523475647,0.9953189492225647,0.1773322969675064,0.1043790802359581,0.8434033989906311,0.8600591421127319,0.9964612722396851
38,0.4427067041397095,0.011966324411332607,0.009217806160449982,0.008575101383030415,0.33380889892578125,0.0791386216878891,0.4827703833580017,0.38950368762016296,0.7515804767608643,0.8564005494117737,0.9954898953437805,0.5133576393127441,0.42726224660873413,0.8203316330909729,0.8630185723304749,0.9962682723999023,0.5231483578681946,0.44060930609703064,0.8323837518692017,0.8748864531517029,0.9965458512306213,0.07049187272787094,0.03755773603916168,0.9243336915969849,0.7547299861907959,0.9954714775085449,0.18063998222351074,0.1064394861459732,0.8468236327171326,0.8641387224197388,0.9965508580207825
39,0.436206191778183,0.011958080343902111,0.009390188381075859,0.008752735331654549,0.32805752754211426,0.07804705202579498,0.47678908705711365,0.3842220604419708,0.7491157054901123,0.8557046055793762,0.995456337928772,0.5063973665237427,0.42037758231163025,0.8183906674385071,0.8598746061325073,0.9962068200111389,0.5176712870597839,0.4354042112827301,0.8321139812469482,0.8710908889770508,0.9964949488639832,0.07159169018268585,0.03819485753774643,0.9261167049407959,0.7517905235290527,0.9954258799552917,0.18203550577163696,0.10757768899202347,0.847079336643219,0.8616946935653687,0.9965202808380127
40,0.43075212836265564,0.012782549485564232,0.009674224071204662,0.008992593735456467,0.3221120834350586,0.07719052582979202,0.4700092673301697,0.3752831816673279,0.7287731170654297,0.849524974822998,0.9951779246330261,0.5034783482551575,0.4155813753604889,0.8099332451820374,0.8579575419425964,0.9960951805114746,0.5138313174247742,0.4293368458747864,0.8232108950614929,0.8696457743644714,0.9963840246200562,0.07209783047437668,0.03847477212548256,0.9171723127365112,0.7546146512031555,0.9954111576080322,0.1817638874053955,0.10730719566345215,0.8360226154327393,0.8605896234512329,0.9963922500610352
41,0.4211045205593109,0.01216984260827303,0.00911423098295927,0.008493335917592049,0.31572914123535156,0.07559776306152344,0.4795866906642914,0.38613462448120117,0.746508777141571,0.854163408279419,0.9954113960266113,0.5137923955917358,0.42803266644477844,0.8223909139633179,0.8622407913208008,0.9962772130966187,0.5235486030578613,0.4412803053855896,0.8345579504966736,0.8742339015007019,0.9965611100196838,0.07358203828334808,0.03929493948817253,0.9237396121025085,0.7636902928352356,0.9956386089324951,0.18664327263832092,0.11054188758134842,0.8469590544700623,0.8654821515083313,0.9965713024139404
42,0.4132075905799866,0.011815106496214867,0.008903492242097855,0.008334138430655003,0.30984222888946533,0.07431243360042572,0.47915905714035034,0.38695040345191956,0.7535397410392761,0.8540219068527222,0.9954795837402344,0.5116677284240723,0.427021324634552,0.8256658315658569,0.8640888333320618,0.996335506439209,0.5209240913391113,0.43994244933128357,0.8370932340621948,0.8749233484268188,0.9965956807136536,0.07453063130378723,0.03986738994717598,0.9226574301719666,0.7714012265205383,0.9957757592201233,0.18863531947135925,0.11212137341499329,0.8489896655082703,0.8660786151885986,0.9965996742248535
43,0.4047723412513733,0.011510305106639862,0.008661867119371891,0.008059920743107796,0.3035736680030823,0.07296658307313919,0.48805123567581177,0.39561596512794495,0.7603827118873596,0.8570120334625244,0.9955863952636719,0.5215548276901245,0.43745389580726624,0.8311042785644531,0.8695862889289856,0.9964650273323059,0.5310077667236328,0.4505802094936371,0.8437431454658508,0.8795786499977112,0.9967263340950012,0.07598211616277695,0.04065406322479248,0.9246537685394287,0.7763965129852295,0.9958856701850891,0.1929837316274643,0.11488959938287735,0.8562010526657104,0.8719359040260315,0.9967548847198486
44,0.3975086808204651,0.011258106678724289,0.00864263717085123,0.008048228919506073,0.29772815108299255,0.07183192670345306,0.4932566285133362,0.40085846185684204,0.7668752074241638,0.8590652942657471,0.9956774711608887,0.5229215025901794,0.43871307373046875,0.8302274942398071,0.8700298070907593,0.9964615702629089,0.5321158170700073,0.45148080587387085,0.8424589037895203,0.8806324005126953,0.9967266321182251,0.07692648470401764,0.04118051379919052,0.9238489270210266,0.7795292735099792,0.9959347248077393,0.19528841972351074,0.11640021950006485,0.8550118207931519,0.8715348839759827,0.9967348575592041
45,0.3914182186126709,0.011510420590639114,0.00874702911823988,0.008063971996307373,0.29230982065200806,0.07078678905963898,0.48870140314102173,0.3961772918701172,0.7610593438148499,0.8545624613761902,0.9955614805221558,0.5207824110984802,0.4363999366760254,0.831200122833252,0.8666673898696899,0.9964261651039124,0.5314614176750183,0.450880765914917,0.842764675617218,0.879314124584198,0.9967126846313477,0.07824121415615082,0.0419437550008297,0.9259883165359497,0.7797244787216187,0.9959584474563599,0.19679474830627441,0.11756466329097748,0.8566436767578125,0.8698688745498657,0.9967294335365295
46,0.38702213764190674,0.011919845826923847,0.009183282032608986,0.008569501340389252,0.28730159997940063,0.07004799693822861,0.4843890368938446,0.3913486897945404,0.7514281868934631,0.8546469211578369,0.9954667091369629,0.5146973133087158,0.4285193085670471,0.8209110498428345,0.8631486892700195,0.9962745308876038,0.5256751775741577,0.44337499141693115,0.8333166837692261,0.874734103679657,0.9965548515319824,0.0785670205950737,0.042125552892684937,0.9149967432022095,0.7780258655548096,0.9958309531211853,0.19673101603984833,0.11751019209623337,0.8459628820419312,0.8666828870773315,0.9965766072273254
47,0.3761647641658783,0.011031346395611763,0.008243021555244923,0.007564692758023739,0.28106650710105896,0.0682588443160057,0.49077194929122925,0.39996135234832764,0.772737443447113,0.8614174127578735,0.9957654476165771,0.5235838890075684,0.4415885806083679,0.8409903645515442,0.8735877871513367,0.9966196417808533,0.5342926383018494,0.45658260583877563,0.8540726900100708,0.8845911026000977,0.9968997240066528,0.08060041815042496,0.04333733394742012,0.9258143305778503,0.7947596311569214,0.996227502822876,0.20230169594287872,0.12166886031627655,0.8642787933349609,0.877216637134552,0.9969082474708557
48,0.3688622713088989,0.010771109722554684,0.00804873462766409,0.007448736112564802,0.27556112408638,0.06703213602304459,0.4956698715686798,0.405507355928421,0.7783116698265076,0.8628792762756348,0.9958397746086121,0.5283241271972656,0.4474005103111267,0.8446485996246338,0.8759592175483704,0.9966884255409241,0.5386751294136047,0.46203726530075073,0.8575909733772278,0.8878764510154724,0.9969800710678101,0.08188149333000183,0.0440661795437336,0.9253652691841125,0.8039544224739075,0.9963818788528442,0.20557433366775513,0.12394557148218155,0.8670274019241333,0.8800618648529053,0.9969759583473206
49,0.3637779653072357,0.010828865692019463,0.00827449094504118,0.007700229529291391,0.2708117365837097,0.06616237014532089,0.49684739112854004,0.40639740228652954,0.7756285071372986,0.8611481785774231,0.9957913160324097,0.5280725359916687,0.44648852944374084,0.8402327299118042,0.8731436133384705,0.9966055154800415,0.5368136167526245,0.4588165879249573,0.8522676825523376,0.88185054063797,0.9968452453613281,0.08260054141283035,0.044484883546829224,0.9192790985107422,0.8031908869743347,0.9963144659996033,0.20655038952827454,0.12460658699274063,0.8626168966293335,0.8758993148803711,0.9968731999397278
50,0.3551437258720398,0.010166707448661327,0.0078408969566226,0.0072116549126803875,0.26515963673591614,0.06476466357707977,0.49896520376205444,0.4110738933086395,0.7930120229721069,0.8664442300796509,0.9960345029830933,0.5264838337898254,0.44731152057647705,0.8507881760597229,0.8791730999946594,0.9967942237854004,0.5367699265480042,0.46216854453086853,0.863554060459137,0.8905368447303772,0.9970789551734924,0.08427920192480087,0.045506007969379425,0.9271955490112305,0.8104102611541748,0.9965115189552307,0.21037434041500092,0.12769848108291626,0.8737708926200867,0.8832558393478394,0.9970879554748535
51,0.34869280457496643,0.010241824202239513,0.00771362567320466,0.007113372907042503,0.25993937253952026,0.06368417292833328,0.5012726783752441,0.4132789671421051,0.7892911434173584,0.868391752243042,0.9960216283798218,0.5310524106025696,0.4523833692073822,0.8523076176643372,0.8804737329483032,0.996828019618988,0.5405560731887817,0.46637341380119324,0.863334596157074,0.8920896649360657,0.9970960021018982,0.08556637167930603,0.04621446877717972,0.9258697032928467,0.816234827041626,0.9965971112251282,0.21338814496994019,0.12964703142642975,0.8737764954566956,0.8855836987495422,0.9971204400062561
52,0.3442431688308716,0.010639012791216373,0.008012432605028152,0.0073655033484101295,0.25530415773391724,0.06292201578617096,0.4972931146621704,0.4071497917175293,0.7797068953514099,0.8631793856620789,0.995858907699585,0.5295236110687256,0.4492776691913605,0.8467202186584473,0.8757025599479675,0.9967055320739746,0.5391677618026733,0.46293482184410095,0.8576409816741943,0.8889257311820984,0.9969949126243591,0.08642621338367462,0.046704161912202835,0.9213602542877197,0.8107731938362122,0.9964640736579895,0.21417801082134247,0.13017058372497559,0.8673494458198547,0.8814257979393005,0.9969966411590576
53,0.33598455786705017,0.009913246147334576,0.007610478438436985,0.006998480297625065,0.24992409348487854,0.0615384466946125,0.5053582191467285,0.41701313853263855,0.7959379553794861,0.8678576350212097,0.996082603931427,0.5340368747711182,0.45517605543136597,0.8535606265068054,0.8816519975662231,0.9968558549880981,0.5445684790611267,0.4705831706523895,0.8653098344802856,0.8935300707817078,0.9971369504928589,0.08808227628469467,0.04766280576586723,0.9239638447761536,0.8228718042373657,0.9966888427734375,0.21871839463710785,0.1334262192249298,0.8751897215843201,0.8867495656013489,0.9971501231193542
54,0.33084768056869507,0.010112226940691471,0.0076135494746267796,0.0070268833078444,0.24545854330062866,0.060636188834905624,0.5020374655723572,0.4141915440559387,0.7924075722694397,0.8681507706642151,0.9960501194000244,0.5327762961387634,0.4545470178127289,0.8540122509002686,0.88134765625,0.996856689453125,0.5420226454734802,0.4681302309036255,0.864164412021637,0.8919857144355774,0.9971030354499817,0.08914104104042053,0.048303619027137756,0.9232118725776672,0.8219165802001953,0.9966657757759094,0.22025015950202942,0.1347375214099884,0.8736671805381775,0.8860596418380737,0.9971251487731934
55,0.3255329728126526,0.010272442363202572,0.00772536126896739,0.007086217403411865,0.240700364112854,0.059748511761426926,0.500431478023529,0.411756306886673,0.7897014021873474,0.8650946021080017,0.9959845542907715,0.532281756401062,0.4535755515098572,0.8528954982757568,0.8801060914993286,0.996830403804779,0.5421352982521057,0.4678589999675751,0.8644819855690002,0.8914983868598938,0.9971013069152832,0.09050043672323227,0.049095518887043,0.9210326075553894,0.8242176175117493,0.9966832995414734,0.222199484705925,0.1360987424850464,0.8736568093299866,0.8854550719261169,0.9971171021461487
56,0.31847602128982544,0.009990772232413292,0.007431387435644865,0.0067796967923641205,0.2357291430234909,0.05854465812444687,0.5066257119178772,0.418172150850296,0.7960790395736694,0.8667210936546326,0.9960697293281555,0.53852379322052,0.4606259763240814,0.8577134609222412,0.882181704044342,0.9969063401222229,0.5490865111351013,0.4759941101074219,0.8693379163742065,0.8957745432853699,0.997208297252655,0.09220939874649048,0.05006060749292374,0.9217933416366577,0.8323761820793152,0.996821939945221,0.22643594443798065,0.13902607560157776,0.8777697086334229,0.8892550468444824,0.9972114562988281
57,0.3130122125148773,0.009851458482444286,0.007467352785170078,0.0067956228740513325,0.2312820851802826,0.05761529877781868,0.5090302228927612,0.4209790825843811,0.7987399101257324,0.867403507232666,0.9961045980453491,0.5391057729721069,0.4612811207771301,0.856131374835968,0.8812664151191711,0.9968774318695068,0.5494798421859741,0.4765300154685974,0.8678429126739502,0.8942856192588806,0.9971733093261719,0.09349191933870316,0.0508209764957428,0.9217607378959656,0.8329415321350098,0.9968318939208984,0.22874319553375244,0.14073632657527924,0.8771357536315918,0.8884428143501282,0.9971939921379089
58,0.30801165103912354,0.009914088062942028,0.007533581927418709,0.006887925323098898,0.22693805396556854,0.056738272309303284,0.5034781098365784,0.4155004620552063,0.797249972820282,0.8659157752990723,0.9960704445838928,0.5343618988990784,0.4566171169281006,0.8570410013198853,0.8829503059387207,0.9969093799591064,0.5445536375045776,0.4715022146701813,0.8690537810325623,0.8944729566574097,0.9971878528594971,0.09459564834833145,0.05150563269853592,0.9224132299423218,0.8330564498901367,0.9968399405479431,0.22997654974460602,0.14192357659339905,0.8775173425674438,0.8894891142845154,0.9972115755081177
59,0.3020326495170593,0.009744654409587383,0.007443809881806374,0.006759673357009888,0.22239211201667786,0.05569279193878174,0.505961000919342,0.41992467641830444,0.8045546412467957,0.870934247970581,0.9962102770805359,0.5352669954299927,0.45938676595687866,0.8610027432441711,0.8845646381378174,0.996972918510437,0.546245813369751,0.47560808062553406,0.8726476430892944,0.8982036709785461,0.9972745776176453,0.09617850184440613,0.05247310549020767,0.9215151071548462,0.8389653563499451,0.9969247579574585,0.2331525981426239,0.14447177946567535,0.8804755806922913,0.8920110464096069,0.997276782989502
60,0.297189861536026,0.00965788122266531,0.0073482017032802105,0.00684923492372036,0.2185538113117218,0.054780516773462296,0.5068483352661133,0.4208926558494568,0.8032951951026917,0.8714341521263123,0.9962033629417419,0.5371597409248352,0.46147215366363525,0.856436550617218,0.8857177495956421,0.9969401359558105,0.5466402173042297,0.47530919313430786,0.8694275617599487,0.8925618529319763,0.9971665143966675,0.09751082211732864,0.05324963852763176,0.9204286932945251,0.828961968421936,0.9967536926269531,0.2353483885526657,0.14606349170207977,0.8782659769058228,0.8903907537460327,0.9972322583198547
61,0.28996726870536804,0.009364576078951359,0.007041213568300009,0.0064375088550150394,0.21351473033428192,0.05360943078994751,0.5194624662399292,0.43300047516822815,0.8128044009208679,0.8724294304847717,0.9963125586509705,0.549281120300293,0.4737423062324524,0.8651204109191895,0.892041802406311,0.9971140623092651,0.5589731931686401,0.4877619445323944,0.8750059604644775,0.904316782951355,0.9973795413970947,0.09945030510425568,0.05431881174445152,0.9203615784645081,0.8481857776641846,0.9970587491989136,0.24116040766239166,0.1498517096042633,0.8840950727462769,0.8984254598617554,0.99740070104599
62,0.28372347354888916,0.009026859886944294,0.006784097291529179,0.006096546072512865,0.20927436649799347,0.05254131183028221,0.5172312259674072,0.43264904618263245,0.8193056583404541,0.8730794191360474,0.9963885545730591,0.546291708946228,0.472968190908432,0.8694753050804138,0.8927494883537292,0.9971697330474854,0.5583009719848633,0.490668922662735,0.8807133436203003,0.9065414667129517,0.9974704384803772,0.10082679241895676,0.05521343648433685,0.9223761558532715,0.8555750250816345,0.997191846370697,0.24345943331718445,0.1521114706993103,0.8881188631057739,0.9006696343421936,0.9974727034568787
63,0.2804473340511322,0.00939889531582594,0.007083589676767588,0.006439449731260538,0.20558606088161469,0.05193966627120972,0.5095095038414001,0.424184113740921,0.8113998770713806,0.8713650107383728,0.9962850213050842,0.538345456123352,0.4641903340816498,0.8633126616477966,0.8899242877960205,0.9970675110816956,0.549053430557251,0.47994905710220337,0.8754743933677673,0.9010139107704163,0.9973418712615967,0.10180780291557312,0.05582790449261665,0.9189385175704956,0.8501667380332947,0.9970735907554626,0.2437703013420105,0.15258647501468658,0.8821344375610352,0.8968154191970825,0.9973587393760681
64,0.27486634254455566,0.00908851157873869,0.007022779900580645,0.006406732369214296,0.2013547569513321,0.0509939081966877,0.5183531641960144,0.43282395601272583,0.8168990612030029,0.8724730610847473,0.996356725692749,0.5452138781547546,0.4703434109687805,0.8663071393966675,0.8908732533454895,0.9971116781234741,0.556155800819397,0.48681092262268066,0.877597987651825,0.9043837785720825,0.9974084496498108,0.10349247604608536,0.056807901710271835,0.9193187355995178,0.8531925082206726,0.9971252083778381,0.24756598472595215,0.1551392674446106,0.8854568600654602,0.8984346985816956,0.9974137544631958
65,0.2707363963127136,0.00920191965997219,0.00711821997538209,0.006554985418915749,0.19758182764053345,0.050279758870601654,0.5238733291625977,0.4378947913646698,0.8145241737365723,0.8715875148773193,0.9963192343711853,0.551547646522522,0.4760756194591522,0.8647509217262268,0.8875029683113098,0.9970508217811584,0.5605446696281433,0.48961904644966125,0.8746436834335327,0.8990157246589661,0.9973061084747314,0.10490381717681885,0.05755191296339035,0.9175128936767578,0.8483018279075623,0.9970325231552124,0.2511022090911865,0.15732882916927338,0.8819742202758789,0.8952798843383789,0.9973363280296326
66,0.2645528316497803,0.008833259344100952,0.0067479414865374565,0.0062116580083966255,0.19356831908226013,0.049191754311323166,0.519684374332428,0.4360050857067108,0.8213281035423279,0.8747761845588684,0.996431827545166,0.5479256510734558,0.47530826926231384,0.8718341588973999,0.894822895526886,0.9972214102745056,0.5565809011459351,0.4884513020515442,0.8816859126091003,0.9039168953895569,0.997446596622467,0.10668529570102692,0.05870240181684494,0.921058177947998,0.856650710105896,0.9971945285797119,0.2536736726760864,0.1599331796169281,0.8884589076042175,0.900949239730835,0.9974802732467651
67,0.2602134346961975,0.008847024291753769,0.006843560375273228,0.006280400790274143,0.18983770906925201,0.048404794186353683,0.5218933820724487,0.4381084442138672,0.8230844140052795,0.8739286065101624,0.9964386224746704,0.5493172407150269,0.4763300120830536,0.8692156672477722,0.8930507898330688,0.9971701502799988,0.5585399270057678,0.4903492331504822,0.8796913027763367,0.9034980535507202,0.9974188804626465,0.10819777846336365,0.05962297320365906,0.9183067679405212,0.8587099313735962,0.9971981048583984,0.2561531364917755,0.16182966530323029,0.8870066404342651,0.899760901927948,0.997447669506073
68,0.2566390633583069,0.00908856000751257,0.006990567781031132,0.006384066306054592,0.18640929460525513,0.04776625707745552,0.5099209547042847,0.42642948031425476,0.8196268677711487,0.8736429810523987,0.9963999390602112,0.5374252796173096,0.464771568775177,0.8685378432273865,0.890032947063446,0.9971238374710083,0.5468703508377075,0.47894400358200073,0.8801358342170715,0.9014200568199158,0.9973973035812378,0.10929100960493088,0.060411009937524796,0.9184399843215942,0.8553772568702698,0.9971503615379333,0.25551700592041016,0.16209253668785095,0.8852657675743103,0.8977267742156982,0.9974031448364258
69,0.2507150173187256,0.008690089918673038,0.006675648503005505,0.006148443091660738,0.18248629570007324,0.04671478271484375,0.523594081401825,0.4407380223274231,0.8284773826599121,0.8756860494613647,0.9965173602104187,0.5508058667182922,0.479017972946167,0.8743638396263123,0.8942265510559082,0.9972406625747681,0.5596340298652649,0.49242401123046875,0.8847290277481079,0.903965175151825,0.9974794983863831,0.11146128177642822,0.06161470711231232,0.920104444026947,0.8615151047706604,0.9972603917121887,0.26186662912368774,0.16639672219753265,0.8908413648605347,0.9011926054954529,0.9975082278251648
70,0.24617135524749756,0.008651573210954666,0.006636814679950476,0.006064587272703648,0.17890670895576477,0.04591158404946327,0.515159547328949,0.43349790573120117,0.829207181930542,0.8777046203613281,0.9965510368347168,0.5409286618232727,0.4700782597064972,0.8737096190452576,0.8950960636138916,0.9972456693649292,0.5507702827453613,0.48467525839805603,0.8849273920059204,0.9056200981140137,0.9975030422210693,0.11298778653144836,0.06267661601305008,0.9211371541023254,0.8634155988693237,0.997299313545227,0.2621099054813385,0.1673935353755951,0.8906216025352478,0.9031538963317871,0.9975322484970093
71,0.24196122586727142,0.00870436429977417,0.006617812905460596,0.006071946583688259,0.17540132999420166,0.04516564682126045,0.5199839472770691,0.4376460313796997,0.8267817497253418,0.8769855499267578,0.9965171217918396,0.5470727682113647,0.4756835699081421,0.8750587701797485,0.894971489906311,0.9972578287124634,0.55616295337677,0.4895007610321045,0.8859264254570007,0.9053221940994263,0.9975113868713379,0.11476603895425797,0.06365250051021576,0.9198062419891357,0.8631654977798462,0.9972800016403198,0.26631423830986023,0.17016568779945374,0.8909745216369629,0.9029684066772461,0.9975336790084839
72,0.23664310574531555,0.008326667360961437,0.006470775231719017,0.005885570775717497,0.17171725630760193,0.04424300044775009,0.5303769707679749,0.4480378329753876,0.8349811434745789,0.8781372904777527,0.9966161251068115,0.5563977956771851,0.48531344532966614,0.8769314289093018,0.8961838483810425,0.9972941875457764,0.5649533271789551,0.4984721839427948,0.8863701224327087,0.9081258177757263,0.9975510239601135,0.11667696386575699,0.06477537751197815,0.920100212097168,0.866867184638977,0.9973387122154236,0.2711597681045532,0.17363546788692474,0.8927227258682251,0.9040742516517639,0.9975669384002686
73,0.23304785788059235,0.008523366414010525,0.006490613333880901,0.005913428030908108,0.16853278875350952,0.04358746483922005,0.5215075612068176,0.4395778775215149,0.8312250971794128,0.8762593865394592,0.9965533018112183,0.5490832924842834,0.4784722924232483,0.8773206472396851,0.8956376314163208,0.9972910284996033,0.5577908754348755,0.49205178022384644,0.8877690434455872,0.9058231711387634,0.9975367188453674,0.11771640181541443,0.06555575877428055,0.9207499027252197,0.8663058876991272,0.997336745262146,0.27090540528297424,0.1741606891155243,0.8930492401123047,0.9031856060028076,0.9975581765174866
74,0.22794122993946075,0.008256846107542515,0.006329046096652746,0.005821161437779665,0.16484329104423523,0.04269085079431534,0.5288987755775452,0.44770997762680054,0.8363901376724243,0.8812875747680664,0.9966729879379272,0.5556797981262207,0.48629358410835266,0.8799088001251221,0.9001851677894592,0.9973775148391724,0.5641000866889954,0.499460369348526,0.8891794085502625,0.9104881882667542,0.9976134896278381,0.12021414190530777,0.06697452813386917,0.9199361205101013,0.8731879591941833,0.9974294900894165,0.27666711807250977,0.17831189930438995,0.8951268196105957,0.908002495765686,0.9976440668106079
75,0.22362948954105377,0.00812158826738596,0.006214998196810484,0.005683381110429764,0.1616901308298111,0.041919443756341934,0.5285018682479858,0.4484885632991791,0.8405033349990845,0.8821350932121277,0.996726393699646,0.5538343191146851,0.48497137427330017,0.881029486656189,0.9003364443778992,0.9973923563957214,0.5620515942573547,0.4979724586009979,0.890277087688446,0.9113142490386963,0.9976341128349304,0.12171074748039246,0.0679863691329956,0.9211416244506836,0.872681200504303,0.9974362254142761,0.27848225831985474,0.18012593686580658,0.8967631459236145,0.9085701704025269,0.9976688623428345
76,0.21885254979133606,0.007949667982757092,0.006121819373220205,0.005530932918190956,0.1581966131925583,0.041053637862205505,0.5328023433685303,0.45223671197891235,0.8439696431159973,0.8848325610160828,0.9967978000640869,0.5588362812995911,0.49055710434913635,0.8838047385215759,0.9029518365859985,0.9974561333656311,0.5680902600288391,0.5049014687538147,0.893218457698822,0.9155808687210083,0.9977216124534607,0.12440457940101624,0.06956683844327927,0.9239602088928223,0.8790187835693359,0.9975560903549194,0.2835739254951477,0.18392255902290344,0.8997030854225159,0.9122311472892761,0.9977487921714783
77,0.21617457270622253,0.008234154433012009,0.00630457978695631,0.005717290565371513,0.15534910559654236,0.04056980460882187,0.528383195400238,0.4479692876338959,0.8386301398277283,0.8820123672485352,0.9967054128646851,0.5537737607955933,0.48445022106170654,0.8800855278968811,0.8986873626708984,0.9973611235618591,0.5629690289497375,0.49850428104400635,0.8885502219200134,0.9105107188224792,0.9976047277450562,0.1254901885986328,0.07027778774499893,0.9167342185974121,0.8751801252365112,0.9974250197410583,0.2841187119483948,0.1845613569021225,0.8938906192779541,0.907949686050415,0.9976301789283752
78,0.21068695187568665,0.007753119338303804,0.005903021432459354,0.005408217664808035,0.15204980969429016,0.03957290202379227,0.5346677899360657,0.45595449209213257,0.848856508731842,0.8849685192108154,0.996850848197937,0.559762179851532,0.4927077889442444,0.8870392441749573,0.9042545557022095,0.9975085258483887,0.5684886574745178,0.506403386592865,0.8962031006813049,0.9144706726074219,0.9977399110794067,0.12809962034225464,0.07189150899648666,0.9239444732666016,0.8822178244590759,0.9976003170013428,0.28940242528915405,0.1888873428106308,0.9017750024795532,0.9120194315910339,0.9977701306343079
79,0.20713673532009125,0.007771568838506937,0.005884802434593439,0.005352661479264498,0.14919620752334595,0.038931433111429214,0.5250073075294495,0.44702887535095215,0.8476124405860901,0.8859145045280457,0.996849775314331,0.5499677062034607,0.4835779070854187,0.8864074945449829,0.9042213559150696,0.9974998831748962,0.5591208338737488,0.4975241422653198,0.8962432742118835,0.9150986671447754,0.9977495670318604,0.12941397726535797,0.0729113295674324,0.9239338040351868,0.8825896382331848,0.9976062774658203,0.28874167799949646,0.18938007950782776,0.9015322327613831,0.9127007126808167,0.9977755546569824
80,0.20524245500564575,0.008206955157220364,0.0062546501867473125,0.005689398851245642,0.14649733901023865,0.038594234734773636,0.5234375,0.4430924355983734,0.8345152139663696,0.8820386528968811,0.9966626167297363,0.5480470061302185,0.47923743724823,0.8770719766616821,0.9003234505653381,0.99735027551651,0.5568364858627319,0.4928973317146301,0.8871179223060608,0.9121771454811096,0.9976114630699158,0.1298278123140335,0.07315293699502945,0.91526198387146,0.8771228790283203,0.997439980506897,0.28895923495292664,0.18938174843788147,0.891716718673706,0.9094839096069336,0.9976261854171753
81,0.20120100677013397,0.008326380513608456,0.006135850213468075,0.005603251978754997,0.1433127224445343,0.03782273456454277,0.5247525572776794,0.4437025487422943,0.8341184258460999,0.880592405796051,0.9966399669647217,0.5543575286865234,0.4862287938594818,0.8823027610778809,0.902352511882782,0.9974325299263,0.563130795955658,0.49990564584732056,0.8930394053459167,0.9128392338752747,0.9976845383644104,0.13293853402137756,0.07500218600034714,0.920124351978302,0.8793396949768066,0.997520387172699,0.2941623330116272,0.19317972660064697,0.8970435857772827,0.9102402925491333,0.9976938962936401
82,0.19594137370586395,0.0078073525801301,0.005759900435805321,0.005229294765740633,0.14027884602546692,0.03686589002609253,0.5326947569847107,0.45353904366493225,0.846926748752594,0.884601354598999,0.9968258738517761,0.559864342212677,0.49448177218437195,0.8882849812507629,0.9074501991271973,0.9975631237030029,0.5685580372810364,0.508030116558075,0.8971571326255798,0.9182403683662415,0.9977999329566956,0.1354120522737503,0.07659649848937988,0.9220026731491089,0.8879469633102417,0.9976626038551331,0.29938817024230957,0.197666734457016,0.9026728868484497,0.9157769083976746,0.9978272318840027
83,0.19133655726909637,0.007455131039023399,0.005574868060648441,0.005017958581447601,0.1372179538011551,0.036070942878723145,0.5425444841384888,0.46408137679100037,0.8530545234680176,0.8892542719841003,0.996950089931488,0.5683926939964294,0.5026270151138306,0.8913190364837646,0.9081335663795471,0.9976047277450562,0.5767598748207092,0.5158652663230896,0.9010103940963745,0.9194155335426331,0.9978561401367188,0.13812239468097687,0.07818466424942017,0.9266090393066406,0.8898788094520569,0.9977381825447083,0.30526241660118103,0.20185241103172302,0.9064845442771912,0.9175535440444946,0.9978924989700317
84,0.18891018629074097,0.007565862033516169,0.005729059688746929,0.00523115461692214,0.13477712869644165,0.03560715541243553,0.5307148098945618,0.45384126901626587,0.850411057472229,0.8868781328201294,0.9968916177749634,0.5565863251686096,0.4919700622558594,0.8896892070770264,0.9077896475791931,0.9975835084915161,0.5643999576568604,0.5044249892234802,0.8976404666900635,0.9186351895332336,0.9978097677230835,0.13947652280330658,0.07919276505708694,0.9212560057640076,0.8900746703147888,0.9976855516433716,0.30452004075050354,0.20237284898757935,0.9029428958892822,0.9160704612731934,0.997835636138916
85,0.18762589991092682,0.008049581199884415,0.006190053652971983,0.005714848171919584,0.1323484480381012,0.035323113203048706,0.5281518697738647,0.4492820203304291,0.8444684743881226,0.8824760913848877,0.9967712759971619,0.5541159510612488,0.48739680647850037,0.8843957185745239,0.9045131206512451,0.9974827766418457,0.5620250701904297,0.49972769618034363,0.8928685784339905,0.9138731360435486,0.9976963400840759,0.14046336710453033,0.07986375689506531,0.9170495271682739,0.8851168155670166,0.9975725412368774,0.30471381545066833,0.2025643289089203,0.8978835344314575,0.9122311472892761,0.9977299571037292
86,0.1830088347196579,0.007813279516994953,0.005884847603738308,0.00532536068931222,0.1294611245393753,0.034524474292993546,0.5316130518913269,0.4536253809928894,0.8486800193786621,0.8836105465888977,0.9968306422233582,0.5583136081695557,0.4927292764186859,0.8879786729812622,0.9060765504837036,0.997542142868042,0.5670436024665833,0.5063082575798035,0.8977888226509094,0.9178478717803955,0.9978007674217224,0.14346696436405182,0.08175081014633179,0.921749472618103,0.8907656669616699,0.9976998567581177,0.3095414936542511,0.2065083533525467,0.9025980830192566,0.9152728915214539,0.9978211522102356
87,0.17964130640029907,0.007577450014650822,0.00578979030251503,0.005292787216603756,0.12705068290233612,0.03393055498600006,0.5318131446838379,0.45411360263824463,0.8511382937431335,0.884541928768158,0.9968683123588562,0.5557634234428406,0.4903119206428528,0.8897175788879395,0.9063225388526917,0.9975637793540955,0.5642437934875488,0.5036551356315613,0.8983837366104126,0.9165588617324829,0.9977917671203613,0.1450243443250656,0.08280720561742783,0.9202376008033752,0.8909055590629578,0.9976862072944641,0.31141775846481323,0.2083747386932373,0.9035605788230896,0.9154407382011414,0.9978336095809937
88,0.17624813318252563,0.007544795982539654,0.0057748788967728615,0.00527305668219924,0.12435933202505112,0.03329586237668991,0.5374902486801147,0.4592988193035126,0.852575421333313,0.8863554000854492,0.9969087243080139,0.5618886351585388,0.49547943472862244,0.8906721472740173,0.9050730466842651,0.9975569844245911,0.569951593875885,0.5080439448356628,0.900102972984314,0.914473831653595,0.9977825880050659,0.1473500281572342,0.08417744934558868,0.9206543564796448,0.8897059559822083,0.9976739287376404,0.31605246663093567,0.21164339780807495,0.9041262865066528,0.9146134257316589,0.9978283047676086
89,0.17146314680576324,0.0071691470220685005,0.005391077138483524,0.00486920028924942,0.12161725759506226,0.032416537404060364,0.5388154983520508,0.46352529525756836,0.8613244891166687,0.8892728090286255,0.9970383644104004,0.563057541847229,0.5004869103431702,0.8968991637229919,0.9118785262107849,0.997713029384613,0.5714178085327148,0.5135529637336731,0.9064957499504089,0.9209465980529785,0.9979379177093506,0.15038155019283295,0.08621504157781601,0.9233798980712891,0.8988630175590515,0.9978305697441101,0.3207813799381256,0.21635189652442932,0.9107522964477539,0.9203757047653198,0.9979757070541382
90,0.16742178797721863,0.006811907514929771,0.005139329470694065,0.004659743048250675,0.11913860589265823,0.03167221322655678,0.5355590581893921,0.46257200837135315,0.8695365786552429,0.892835795879364,0.9971705079078674,0.5589358806610107,0.49890533089637756,0.9008454084396362,0.9151818752288818,0.9977993965148926,0.566383421421051,0.5111880898475647,0.9093365669250488,0.9248465299606323,0.9980182647705078,0.15191103518009186,0.08749989420175552,0.9255670309066772,0.9042646884918213,0.9979279637336731,0.32157042622566223,0.21828684210777283,0.9140516519546509,0.9242451190948486,0.9980624914169312
91,0.16493642330169678,0.00698300963267684,0.00530295679345727,0.0048215631395578384,0.11661316454410553,0.031215783208608627,0.5484371185302734,0.47290894389152527,0.8657572269439697,0.8927053809165955,0.9971293210983276,0.5727396011352539,0.5101861953735352,0.8994960188865662,0.9154171347618103,0.997788667678833,0.5805438160896301,0.5227355360984802,0.9072463512420654,0.9255949258804321,0.9980046153068542,0.1550048142671585,0.08912934362888336,0.9247891902923584,0.903810441493988,0.9979132413864136,0.3289739191532135,0.22282901406288147,0.9122239351272583,0.9249171614646912,0.9980496764183044
92,0.16363027691841125,0.007445321884006262,0.00553767429664731,0.005045879632234573,0.11464587599039078,0.03095545619726181,0.5388281941413879,0.4624931216239929,0.8550536632537842,0.8880429863929749,0.996956467628479,0.5649898052215576,0.5016089081764221,0.8945763111114502,0.9090927243232727,0.9976520538330078,0.5729325413703918,0.5141959190368652,0.903334379196167,0.9184503555297852,0.9978704452514648,0.1565452516078949,0.09016473591327667,0.9222660064697266,0.8962942957878113,0.9977825880050659,0.32865458726882935,0.22301997244358063,0.9070808291435242,0.9180944561958313,0.997905433177948
93,0.16077260673046112,0.007281728088855743,0.005560235120356083,0.005062807817012072,0.11243551969528198,0.030432408675551414,0.5359801054000854,0.46012628078460693,0.8574203848838806,0.8886300325393677,0.9969877600669861,0.5598888993263245,0.4965350329875946,0.8924768567085266,0.9092020392417908,0.9976309537887573,0.567471444606781,0.5086086392402649,0.9013928174972534,0.9195684790611267,0.9978621006011963,0.15803702175617218,0.09128350019454956,0.9186024069786072,0.8970103859901428,0.9977556467056274,0.3291900157928467,0.2241300493478775,0.9055310487747192,0.9187685251235962,0.9978981614112854
94,0.1567337065935135,0.007071249186992645,0.005297096911817789,0.0048034582287073135,0.1098654642701149,0.029696395620703697,0.5454053282737732,0.46989959478378296,0.864650309085846,0.8897796273231506,0.9970800876617432,0.5693414807319641,0.5065194368362427,0.8983086943626404,0.9119913578033447,0.9977319836616516,0.5781489610671997,0.5202319025993347,0.9077330827713013,0.9213592410087585,0.9979559779167175,0.1615968644618988,0.09347900748252869,0.9232686161994934,0.901267945766449,0.9978614449501038,0.3361785411834717,0.22952519357204437,0.9109742641448975,0.9210528135299683,0.9979878664016724
95,0.15451204776763916,0.007170114666223526,0.005365435965359211,0.004898807965219021,0.10777661949396133,0.029301028698682785,0.5453288555145264,0.46933630108833313,0.8616456985473633,0.88870769739151,0.9970341324806213,0.5713764429092407,0.5084415078163147,0.8969441056251526,0.912088930606842,0.9977172613143921,0.579504668712616,0.521254301071167,0.9058873653411865,0.9206123352050781,0.9979252219200134,0.16367918252944946,0.09485841542482376,0.9221557974815369,0.9006412029266357,0.9978415369987488,0.3386532664299011,0.23166424036026,0.9090555310249329,0.9198485016822815,0.9979496002197266
96,0.15168505907058716,0.0071202730759978294,0.005328243598341942,0.004840531386435032,0.10563285648822784,0.028763173148036003,0.5376715064048767,0.46325787901878357,0.8637080788612366,0.8890959024429321,0.9970605373382568,0.5627222657203674,0.5013008713722229,0.8976927399635315,0.9122529625892639,0.9977279901504517,0.5706662535667419,0.5138634443283081,0.9068155884742737,0.9218065142631531,0.997951328754425,0.1653691679239273,0.09622485190629959,0.922383189201355,0.9019918441772461,0.9978629350662231,0.33830201625823975,0.23262979090213776,0.9100736379623413,0.9203370213508606,0.9979677200317383
97,0.14930842816829681,0.007102178409695625,0.005412769969552755,0.00495953718200326,0.10351833701133728,0.02831561677157879,0.548277735710144,0.4721555709838867,0.8629847168922424,0.8914452195167542,0.997084379196167,0.5735985636711121,0.5105480551719666,0.8969213366508484,0.9132346510887146,0.9977326393127441,0.5819517970085144,0.5238452553749084,0.905241072177887,0.922550618648529,0.9979435205459595,0.16830478608608246,0.09789663553237915,0.9201400876045227,0.9027572274208069,0.997848629951477,0.34478819370269775,0.23697777092456818,0.9089765548706055,0.9226553440093994,0.9979857802391052
98,0.14600461721420288,0.006992876995354891,0.005216988734900951,0.004758010618388653,0.10135413706302643,0.027682660147547722,0.5440195202827454,0.46899083256721497,0.8652055859565735,0.8905841112136841,0.9970953464508057,0.569507360458374,0.5082219243049622,0.8998202681541443,0.914929986000061,0.9977853894233704,0.5772314071655273,0.5204126834869385,0.9090780019760132,0.9240197539329529,0.9980035424232483,0.17065174877643585,0.09959077835083008,0.9216991662979126,0.908384382724762,0.9979433417320251,0.34668922424316406,0.2394808828830719,0.9119238257408142,0.9254106879234314,0.9980533719062805
99,0.1430971324443817,0.006790175102651119,0.005164806265383959,0.004731135442852974,0.0992615818977356,0.027149269357323647,0.5502954125404358,0.4763948321342468,0.8707339763641357,0.8937143087387085,0.9971967339515686,0.5747320055961609,0.5142547488212585,0.9032790064811707,0.9151994585990906,0.9978267550468445,0.582064151763916,0.526026725769043,0.9110642075538635,0.9241473078727722,0.9980272650718689,0.1740003079175949,0.10174547135829926,0.9233338236808777,0.9080684781074524,0.9979549050331116,0.3520592749118805,0.2439923733472824,0.9146580696105957,0.9247970581054688,0.998076319694519
100,0.14124339818954468,0.006982370279729366,0.0052346037700772285,0.004819998983293772,0.0974140539765358,0.026792366057634354,0.5474324822425842,0.4729706943035126,0.8668779134750366,0.8915733098983765,0.9971281290054321,0.5729690790176392,0.5117223262786865,0.9016196131706238,0.913295328617096,0.9977841973304749,0.5795199275016785,0.5223803520202637,0.9080674648284912,0.9220281839370728,0.9979678988456726,0.17538830637931824,0.10275439918041229,0.9191023111343384,0.907197117805481,0.9978968501091003,0.3526760935783386,0.2448594570159912,0.911805272102356,0.9227796792984009,0.9980178475379944
101,0.13834159076213837,0.006921997759491205,0.005077465903013945,0.004605614114552736,0.09547266364097595,0.026263799518346786,0.5371520519256592,0.46411365270614624,0.8670743107795715,0.890922486782074,0.9971202611923218,0.5627118945121765,0.5031914710998535,0.9024994969367981,0.9148198962211609,0.9978137016296387,0.5702118277549744,0.5152298808097839,0.9112429618835449,0.923354983329773,0.9980189204216003,0.17724962532520294,0.10435182601213455,0.9221771955490112,0.9071861505508423,0.9979313015937805,0.3519151508808136,0.24581219255924225,0.9139580726623535,0.9236481785774231,0.9980531334877014
102,0.13664327561855316,0.007019817363470793,0.005253839772194624,0.004794815555214882,0.09362805634737015,0.025946855545043945,0.5457547903060913,0.47093328833580017,0.865661084651947,0.8891715407371521,0.9970831871032715,0.5702437162399292,0.5087878704071045,0.9000524282455444,0.9117405414581299,0.9977464079856873,0.5778059959411621,0.5207688212394714,0.9080101847648621,0.9207839965820312,0.9979514479637146,0.17947760224342346,0.10565582662820816,0.9189345836639404,0.9056920409202576,0.9978752136230469,0.3562900424003601,0.24854452908039093,0.9119654297828674,0.921699047088623,0.9980068802833557
103,0.13334108889102936,0.006744672078639269,0.0050552054308354855,0.00459622498601675,0.09162010252475739,0.025325007736682892,0.5398451685905457,0.46759623289108276,0.8722983598709106,0.894141674041748,0.9972182512283325,0.5636346340179443,0.5041654706001282,0.9035198092460632,0.9161310791969299,0.9978410601615906,0.5716301798820496,0.5168687701225281,0.9114211201667786,0.9260069727897644,0.9980560541152954,0.1820172816514969,0.10763141512870789,0.921697199344635,0.9118072390556335,0.9979873299598694,0.35779720544815063,0.2513830065727234,0.915442705154419,0.9261682629585266,0.9981029629707336
104,0.1312636435031891,0.0067771184258162975,0.005104794166982174,0.004620909690856934,0.08982005715370178,0.024940771982073784,0.544028639793396,0.47110167145729065,0.8694738745689392,0.8944580554962158,0.9971914291381836,0.5684502124786377,0.5086071491241455,0.9031544923782349,0.9157155156135559,0.9978322982788086,0.5762462615966797,0.5208828449249268,0.9099907279014587,0.9245983362197876,0.9980215430259705,0.18482734262943268,0.1094302088022232,0.92145836353302,0.9104072451591492,0.9979657530784607,0.36187171936035156,0.25454819202423096,0.9131948351860046,0.925872266292572,0.9980736374855042
105,0.1281573623418808,0.00661363173276186,0.00488210329785943,0.004428583662956953,0.08787660300731659,0.02435651607811451,0.5450065732002258,0.473438560962677,0.8731619119644165,0.8951720595359802,0.9972417950630188,0.5692448019981384,0.5112963914871216,0.9057688117027283,0.9176426529884338,0.9978858232498169,0.5772386193275452,0.5238410234451294,0.9144675731658936,0.9265562891960144,0.9980970025062561,0.18795263767242432,0.11165892332792282,0.924304187297821,0.9123402237892151,0.9980224967002869,0.36562857031822205,0.258438378572464,0.9175516963005066,0.9271829724311829,0.9981396198272705
106,0.12641209363937378,0.0066761113703250885,0.004974846728146076,0.004549247212707996,0.08618276566267014,0.024029012769460678,0.5464474558830261,0.4744022786617279,0.8727558851242065,0.8941437005996704,0.9972227215766907,0.5703597068786621,0.5119865536689758,0.903792142868042,0.9171613454818726,0.9978576302528381,0.5773611664772034,0.5231368541717529,0.9097406268119812,0.927631676197052,0.9980589151382446,0.19005341827869415,0.1130347028374672,0.9184408187866211,0.9138979911804199,0.9979797005653381,0.36838647723197937,0.26077669858932495,0.9140201807022095,0.9266615509986877,0.9980942010879517
107,0.12326060980558395,0.006297054700553417,0.00481518916785717,0.004411783069372177,0.0843009352684021,0.023435544222593307,0.5513622760772705,0.48082098364830017,0.8806464672088623,0.8986371159553528,0.9973649382591248,0.5735092759132385,0.5161566138267517,0.9082959294319153,0.9199237823486328,0.9979434609413147,0.5803766250610352,0.5272353291511536,0.9145985245704651,0.9303463697433472,0.9981462955474854,0.19267521798610687,0.11489064246416092,0.9233403205871582,0.9173122048377991,0.9980793595314026,0.37257060408592224,0.26478269696235657,0.9191141128540039,0.9310415983200073,0.9982059001922607
108,0.12128660082817078,0.006424903403967619,0.004790495615452528,0.0043748426251113415,0.08262978494167328,0.023066481575369835,0.5509451031684875,0.4800657629966736,0.8761032819747925,0.8982266187667847,0.9973127245903015,0.5739911198616028,0.5163378119468689,0.9069875478744507,0.9201594591140747,0.9979322552680969,0.5818989276885986,0.528971791267395,0.91469407081604,0.9302449226379395,0.9981464147567749,0.19579891860485077,0.11703327298164368,0.9226886034011841,0.9174885153770447,0.9980742931365967,0.3755475878715515,0.26761674880981445,0.9174350500106812,0.9301027059555054,0.998175323009491
109,0.11969947069883347,0.0065455362200737,0.004901339765638113,0.004449923522770405,0.08103614300489426,0.022766612470149994,0.5466345548629761,0.47558388113975525,0.8756884932518005,0.894321620464325,0.9972559809684753,0.5707867741584778,0.51309734582901,0.9082973599433899,0.918339729309082,0.9979233741760254,0.5782479643821716,0.5252888798713684,0.9144400358200073,0.9280694723129272,0.9981153011322021,0.1977207064628601,0.11852575093507767,0.9229589700698853,0.9151734709739685,0.9980472922325134,0.37612295150756836,0.268666535615921,0.9173699021339417,0.9283864498138428,0.9981523752212524
110,0.118082694709301,0.006576347630470991,0.005028404761105776,0.004580695182085037,0.07945585995912552,0.022441450506448746,0.5565837621688843,0.4843352437019348,0.8761389851570129,0.8959524035453796,0.9972811937332153,0.5799647569656372,0.5209335684776306,0.9054484367370605,0.9194467663764954,0.9979060888290405,0.5873436331748962,0.5327435731887817,0.913540780544281,0.9272472262382507,0.9980945587158203,0.20086835324764252,0.12041326612234116,0.9209137558937073,0.914823055267334,0.9980188012123108,0.38232141733169556,0.2730235457420349,0.9162992238998413,0.9286757707595825,0.9981444478034973
111,0.11540859937667847,0.0063383011147379875,0.004834278021007776,0.004402099177241325,0.07788531482219696,0.02194848842918873,0.5498346090316772,0.4801692068576813,0.8799222707748413,0.8990485072135925,0.9973641633987427,0.5714572072029114,0.5145266056060791,0.9077125787734985,0.9215665459632874,0.9979578256607056,0.5785796046257019,0.5258861184120178,0.9162511825561523,0.9295939207077026,0.9981542229652405,0.20274078845977783,0.12210080027580261,0.9207240343093872,0.9177319407463074,0.9980557560920715,0.38204702734947205,0.2746568024158478,0.9180077910423279,0.9311074614524841,0.9981946349143982
112,0.11410775780677795,0.0065690986812114716,0.004962346516549587,0.004543654154986143,0.07634084671735764,0.02169184200465679,0.5478163361549377,0.47694826126098633,0.8746968507766724,0.8962571024894714,0.9972721934318542,0.570772647857666,0.5129506587982178,0.9074183702468872,0.917510449886322,0.9979018568992615,0.5778466463088989,0.5244848728179932,0.9147230386734009,0.9254372715950012,0.9980856776237488,0.20544521510601044,0.12396543473005295,0.9223182797431946,0.9132515788078308,0.9980131983757019,0.3839530050754547,0.2763802409172058,0.9176885485649109,0.9273260235786438,0.9981416463851929
113,0.1113479882478714,0.006418819539248943,0.00476637901738286,0.00434463657438755,0.07458698004484177,0.02123129926621914,0.5539734363555908,0.48321306705474854,0.8774811029434204,0.8974246978759766,0.9973152279853821,0.5783324837684631,0.5210760831832886,0.9100921750068665,0.9184944033622742,0.9979442954063416,0.5853727459907532,0.532487154006958,0.915795624256134,0.9279211759567261,0.9981287717819214,0.20938999950885773,0.1265440136194229,0.9244005680084229,0.9141420722007751,0.9980471134185791,0.39025193452835083,0.2816688120365143,0.9191675186157227,0.9282427430152893,0.9981709122657776
114,0.10824946314096451,0.006139105651527643,0.004564942792057991,0.004103471525013447,0.07272034883499146,0.020721491426229477,0.5496301651000977,0.4812866747379303,0.882383406162262,0.9006474614143372,0.99741131067276,0.5727534294128418,0.5180653929710388,0.9110366702079773,0.9240384697914124,0.9980260729789734,0.5799635648727417,0.5297256112098694,0.9182373881340027,0.9340497255325317,0.9982344508171082,0.2112780511379242,0.12839053571224213,0.9256482720375061,0.9233428835868835,0.998184859752655,0.39037540555000305,0.2836727797985077,0.9216008186340332,0.9338976144790649,0.9982700943946838
115,0.10661836713552475,0.00635574059560895,0.004617639817297459,0.004185347817838192,0.07099703699350357,0.020462797954678535,0.5546358823776245,0.48446154594421387,0.8806163668632507,0.898891806602478,0.9973686337471008,0.5801384449005127,0.5242270827293396,0.9121382236480713,0.9227878451347351,0.9980224967002869,0.587037205696106,0.5355752110481262,0.9190613031387329,0.9327843189239502,0.9982272982597351,0.21502159535884857,0.13070188462734222,0.9262956976890564,0.9213234782218933,0.9981648325920105,0.3959791362285614,0.2876458168029785,0.9222606420516968,0.9327589869499207,0.9982626438140869
116,0.10540153086185455,0.006351922173053026,0.004781526979058981,0.004393959417939186,0.06964131444692612,0.020232686772942543,0.5599656105041504,0.48964405059814453,0.8802297115325928,0.8977055549621582,0.9973493218421936,0.5823276042938232,0.5251836776733398,0.907791256904602,0.9197542071342468,0.997934877872467,0.5887778401374817,0.5358644723892212,0.9132814407348633,0.9309625625610352,0.9981393814086914,0.21779227256774902,0.132483571767807,0.9211694598197937,0.9202173352241516,0.9980934262275696,0.3998362720012665,0.2907768189907074,0.9178650379180908,0.930335283279419,0.9981834888458252
117,0.10346435755491257,0.006387874949723482,0.004751567263156176,0.004308474250137806,0.06813690811395645,0.01987963356077671,0.5540030002593994,0.4838287830352783,0.8791767358779907,0.8982671499252319,0.9973455667495728,0.5780311822891235,0.5212674736976624,0.911323606967926,0.9177416563034058,0.9979485273361206,0.5849164128303528,0.5325459241867065,0.9170321226119995,0.9279773235321045,0.9981440305709839,0.21996556222438812,0.1342405378818512,0.9216376543045044,0.9193056225776672,0.9980847835540771,0.4002552926540375,0.2920684814453125,0.9189342856407166,0.9292809367179871,0.998181164264679
118,0.10107652097940445,0.006141703575849533,0.004675862845033407,0.004220481496304274,0.06659852713346481,0.019439926370978355,0.5645297169685364,0.4943619668483734,0.883288562297821,0.8996856808662415,0.997408926486969,0.5864802002906799,0.529363751411438,0.9100761413574219,0.921782910823822,0.9979861378669739,0.5937248468399048,0.5412298440933228,0.9165743589401245,0.9327145218849182,0.9981982707977295,0.22433926165103912,0.13703091442584991,0.9230747222900391,0.9240180850028992,0.9981621503829956,0.40780743956565857,0.298079252243042,0.9202345609664917,0.9327856302261353,0.9982399940490723
119,0.09871017932891846,0.006071470677852631,0.004483216907829046,0.004033294506371021,0.06514298915863037,0.018979240208864212,0.5648969411849976,0.4954344928264618,0.8864533305168152,0.9019697308540344,0.9974712133407593,0.5885698199272156,0.5330179929733276,0.9126154184341431,0.9259123802185059,0.9980676770210266,0.5962005853652954,0.5454714894294739,0.9211003184318542,0.9352605938911438,0.9982826709747314,0.22750115394592285,0.13950082659721375,0.9262347221374512,0.9269888997077942,0.9982350468635559,0.4110034704208374,0.3017425835132599,0.9235948920249939,0.9360929131507874,0.9983208179473877
120,0.09793174266815186,0.006221117451786995,0.004589380696415901,0.004219586495310068,0.06409754604101181,0.018804114311933517,0.5556640028953552,0.486775666475296,0.8832682967185974,0.900152325630188,0.9974133372306824,0.5792003870010376,0.5239588618278503,0.912635087966919,0.9237592220306396,0.9980401396751404,0.5852112770080566,0.5339296460151672,0.9200147986412048,0.9315940737724304,0.9982231259346008,0.2290542721748352,0.1410682648420334,0.9244536757469177,0.9221765995025635,0.9981532692909241,0.4087182283401489,0.30122825503349304,0.9223578572273254,0.9334112405776978,0.9982718229293823
121,0.09643897414207458,0.006259214598685503,0.004677134100347757,0.004259037785232067,0.06272109597921371,0.018522491678595543,0.5567050576210022,0.48769742250442505,0.8825289607048035,0.8998214602470398,0.9974019527435303,0.5793663263320923,0.5235660672187805,0.9100393652915955,0.922586977481842,0.9979966282844543,0.5861461758613586,0.5348485708236694,0.918069064617157,0.9316191673278809,0.998201847076416,0.23106501996517181,0.14257340133190155,0.9204658269882202,0.925881564617157,0.998157262802124,0.41061195731163025,0.30304497480392456,0.9196031093597412,0.9332647323608398,0.9982405304908752
122,0.09379692375659943,0.005930222105234861,0.004404311999678612,0.004048608243465424,0.06136910244822502,0.018044717609882355,0.5594727993011475,0.49179092049598694,0.8884086012840271,0.9038227796554565,0.9975171089172363,0.5816137790679932,0.5272130370140076,0.9140114784240723,0.9268679022789001,0.9980961680412292,0.5878995656967163,0.5376322269439697,0.9210323095321655,0.9351845979690552,0.9982797503471375,0.23386822640895844,0.14477196335792542,0.9226177930831909,0.928356409072876,0.9982122778892517,0.41414380073547363,0.3069865107536316,0.9230719208717346,0.9366860389709473,0.9983218908309937
123,0.09259267151355743,0.005984218791127205,0.0044856928288936615,0.004099042620509863,0.0602235309779644,0.017800170928239822,0.5516965389251709,0.48511722683906555,0.8864783048629761,0.9000565409660339,0.9974480867385864,0.5735976099967957,0.5202934145927429,0.9147791862487793,0.9237098693847656,0.9980636835098267,0.5803979635238647,0.5313517451286316,0.9228212833404541,0.9314408898353577,0.9982516765594482,0.23593957722187042,0.14673668146133423,0.9261788129806519,0.9226720333099365,0.998179018497467,0.4128786325454712,0.30752140283584595,0.9246279001235962,0.9324923157691956,0.9982848167419434
124,0.09118491411209106,0.006090319249778986,0.004523339681327343,0.0041090440936386585,0.05891935154795647,0.01754286140203476,0.5615018606185913,0.4934738278388977,0.8848919868469238,0.8997679948806763,0.9974263310432434,0.5843203663825989,0.5301544666290283,0.9134418964385986,0.92431640625,0.9980570673942566,0.5905687808990479,0.540528416633606,0.9196404814720154,0.9341538548469543,0.9982513785362244,0.24033001065254211,0.1493934690952301,0.9205425381660461,0.9282841086387634,0.9981886744499207,0.4207313358783722,0.31326645612716675,0.9208766222000122,0.9343296885490417,0.9982677102088928
125,0.08915960788726807,0.005976776126772165,0.004372274037450552,0.003978597465902567,0.057678114622831345,0.01715385727584362,0.5593290328979492,0.4915814697742462,0.8863704204559326,0.9032769799232483,0.9974871277809143,0.5830172896385193,0.5293337106704712,0.9144442677497864,0.9267326593399048,0.9980981945991516,0.5896903276443481,0.5403119325637817,0.9213330149650574,0.9351148009300232,0.9982823729515076,0.24292171001434326,0.151516392827034,0.9229688048362732,0.9298369884490967,0.9982351064682007,0.42235496640205383,0.31560805439949036,0.9231151938438416,0.9374444484710693,0.9983310103416443
126,0.08775393664836884,0.005940071307122707,0.004475218243896961,0.00403570756316185,0.056437574326992035,0.016865503042936325,0.5637432336807251,0.4961598813533783,0.8868857622146606,0.9044100642204285,0.9975081086158752,0.5862552523612976,0.5324127078056335,0.914641797542572,0.9263609051704407,0.9980962872505188,0.593044638633728,0.5436221957206726,0.9234203696250916,0.9343724846839905,0.9982964396476746,0.24690429866313934,0.15433114767074585,0.9254611134529114,0.9288135170936584,0.9982496500015259,0.42710036039352417,0.31993725895881653,0.9238916635513306,0.9364814162254333,0.9983281493186951
127,0.0866718664765358,0.0060671232640743256,0.004469543695449829,0.00408887816593051,0.05538827180862427,0.016658209264278412,0.5648670792579651,0.49634233117103577,0.8847883343696594,0.9014406204223633,0.9974474906921387,0.5889849066734314,0.5349289774894714,0.9135635495185852,0.9261866807937622,0.9980810880661011,0.5954218506813049,0.5456628203392029,0.9202247262001038,0.9352499842643738,0.9982718229293823,0.24958395957946777,0.15624217689037323,0.9220830202102661,0.9297730326652527,0.9982246160507202,0.4302140772342682,0.32269346714019775,0.9217784404754639,0.9360209703445435,0.9982988238334656
128,0.08416339010000229,0.005774195306003094,0.004207691643387079,0.00386210810393095,0.05411941930651665,0.01619994267821312,0.5683470368385315,0.5013600587844849,0.890902578830719,0.9050849080085754,0.9975605607032776,0.5914679169654846,0.5384977459907532,0.9178391695022583,0.9289929270744324,0.9981648325920105,0.5979753732681274,0.5492556691169739,0.9242134094238281,0.9374468326568604,0.9983441829681396,0.2539269030094147,0.15954238176345825,0.9278264045715332,0.9313192367553711,0.9983088970184326,0.4348677396774292,0.32769203186035156,0.9264435172080994,0.9383947849273682,0.9983823299407959
129,0.08286579698324203,0.005796612706035376,0.004233793821185827,0.0038487622514367104,0.053030531853437424,0.015956120565533638,0.5667377710342407,0.49969878792762756,0.8894612789154053,0.9042693972587585,0.9975340962409973,0.5908663272857666,0.5382070541381836,0.9184455871582031,0.9273391962051392,0.9981507658958435,0.5970891118049622,0.5486494898796082,0.9248507618904114,0.9359872341156006,0.9983322620391846,0.2564261853694916,0.16157928109169006,0.9269105792045593,0.9311858415603638,0.9982967376708984,0.4362998306751251,0.3295564651489258,0.9264230132102966,0.9378249049186707,0.9983742237091064
130,0.08097726106643677,0.005643604788929224,0.004092908464372158,0.003697039559483528,0.05194984748959541,0.015593857504427433,0.5541642308235168,0.48981255292892456,0.8922303915023804,0.905844509601593,0.9975845813751221,0.5772420167922974,0.5269370079040527,0.9197860360145569,0.9305077195167542,0.9982061982154846,0.5836737751960754,0.5376480221748352,0.926569402217865,0.9394619464874268,0.9983970522880554,0.2565751075744629,0.16286726295948029,0.9277918338775635,0.9350204467773438,0.9983556866645813,0.4309423267841339,0.327839195728302,0.9279500246047974,0.9406535625457764,0.998427152633667
131,0.0802789032459259,0.005749569274485111,0.004245278425514698,0.0038583949208259583,0.05097787454724312,0.015447741374373436,0.5624086260795593,0.4963969886302948,0.8915688991546631,0.9044890403747559,0.9975600242614746,0.585037350654602,0.5330095887184143,0.920605480670929,0.9278619289398193,0.9981816411018372,0.591664731502533,0.5440244078636169,0.9276928901672363,0.9358698725700378,0.9983624815940857,0.2610616683959961,0.165607288479805,0.9265115261077881,0.9329892992973328,0.9983153939247131,0.4380669593811035,0.33307069540023804,0.9284216165542603,0.938151478767395,0.9984015226364136
132,0.07870208472013474,0.005652339197695255,0.00416568573564291,0.0037897168658673763,0.04994772747159004,0.015146731398999691,0.5624241828918457,0.4966871440410614,0.8928230404853821,0.9057753086090088,0.9975905418395996,0.5848899483680725,0.5331709384918213,0.9202851057052612,0.9296594262123108,0.9982004761695862,0.5908539891242981,0.5432100296020508,0.926197350025177,0.938055157661438,0.9983733296394348,0.2642298936843872,0.1681685894727707,0.9282563328742981,0.9342291951179504,0.9983517527580261,0.44025933742523193,0.33575353026390076,0.928170382976532,0.9403890371322632,0.9984261989593506
133,0.07763632386922836,0.00577525282278657,0.004205229692161083,0.003808182431384921,0.04890564829111099,0.014942016452550888,0.5673632025718689,0.5005243420600891,0.8905757665634155,0.904517650604248,0.9975499510765076,0.5917084813117981,0.5396408438682556,0.920396089553833,0.9277297258377075,0.998177707195282,0.5978764295578003,0.5498316884040833,0.9264584183692932,0.9356294870376587,0.9983463883399963,0.2679234445095062,0.17062288522720337,0.92558753490448,0.9322118759155273,0.9982948899269104,0.445574551820755,0.33995625376701355,0.9273616075515747,0.9384461045265198,0.9983920454978943
134,0.07675763219594955,0.005767487920820713,0.004300624597817659,0.0039242408238351345,0.048013683408498764,0.014751707203686237,0.5629796981811523,0.49705564975738525,0.891588568687439,0.9053103923797607,0.9975722432136536,0.5854440331459045,0.5331717729568481,0.9193917512893677,0.9271783232688904,0.998160183429718,0.5919298529624939,0.5440357327461243,0.9251464009284973,0.9360436201095581,0.9983375668525696,0.26964327692985535,0.1723824292421341,0.9249232411384583,0.9333046674728394,0.9983017444610596,0.4445785582065582,0.3402802348136902,0.9261119365692139,0.9387359619140625,0.9983823299407959
135,0.07538790255784988,0.005770902149379253,0.004237817134708166,0.0038324291817843914,0.04704192653298378,0.014504880644381046,0.5622314214706421,0.4960762560367584,0.8903964757919312,0.9048598408699036,0.997552752494812,0.5851775407791138,0.5331795811653137,0.9179122447967529,0.929032564163208,0.9981667995452881,0.5919790863990784,0.5443370938301086,0.9245365858078003,0.9378190040588379,0.9983533024787903,0.27292826771736145,0.17504112422466278,0.9258700013160706,0.9329681396484375,0.998308002948761,0.44691935181617737,0.3430800437927246,0.9256777763366699,0.9398770332336426,0.9983910918235779
136,0.07276546955108643,0.005435716826468706,0.003937428817152977,0.003545865649357438,0.0458260141313076,0.014020461589097977,0.5722494721412659,0.5071954727172852,0.8967597484588623,0.9080249071121216,0.9976622462272644,0.5955283045768738,0.5451231598854065,0.9250718951225281,0.9312096834182739,0.9982743263244629,0.6018487215042114,0.5557671189308167,0.9302290678024292,0.9406505227088928,0.9984523057937622,0.27852994203567505,0.17906419932842255,0.9299365282058716,0.937962532043457,0.9984158873558044,0.45549437403678894,0.35099706053733826,0.9315728545188904,0.9420982599258423,0.9984858632087708
137,0.07256172597408295,0.005611849948763847,0.004123694729059935,0.003723314730450511,0.04515920579433441,0.013943650759756565,0.5694350600242615,0.5040726065635681,0.893075704574585,0.9067205190658569,0.9976060390472412,0.5917973518371582,0.5404119491577148,0.9208254814147949,0.9300917983055115,0.9982122778892517,0.5988414287567139,0.5521983504295349,0.927613377571106,0.9381327033042908,0.998390257358551,0.28003036975860596,0.18047133088111877,0.9281029105186462,0.9338999390602112,0.9983434677124023,0.45504823327064514,0.3510528802871704,0.929233729839325,0.9402791261672974,0.9984371066093445
138,0.07325246185064316,0.006036476232111454,0.004532156512141228,0.00409013032913208,0.04453832283616066,0.014055400155484676,0.558893084526062,0.4905378222465515,0.8848521113395691,0.9037071466445923,0.9974778890609741,0.5811738967895508,0.5261234045028687,0.913040280342102,0.9244115948677063,0.998053789138794,0.5879654288291931,0.5371048450469971,0.9210368394851685,0.9329480528831482,0.9982517957687378,0.2798963785171509,0.18064819276332855,0.9201313853263855,0.9304714202880859,0.9982120394706726,0.4500889480113983,0.3465145230293274,0.9209991693496704,0.9367565512657166,0.9983012080192566
139,0.07005948573350906,0.005628511309623718,0.004017668776214123,0.0036344595719128847,0.04331393539905548,0.013464692048728466,0.5627011656761169,0.49707508087158203,0.8921213746070862,0.9076892137527466,0.9976081848144531,0.5867607593536377,0.536064088344574,0.9206796884536743,0.9324052333831787,0.9982398748397827,0.593290388584137,0.5469499826431274,0.9272671937942505,0.9399235844612122,0.9984102845191956,0.28417468070983887,0.18440179526805878,0.9265056252479553,0.9378452897071838,0.9983761310577393,0.45534902811050415,0.35315826535224915,0.9284210205078125,0.9429177045822144,0.9984602928161621
140,0.06860282272100449,0.005466909147799015,0.003947874531149864,0.003581544617190957,0.0424269400537014,0.013179519213736057,0.5715851187705994,0.5069599151611328,0.8948463201522827,0.9095144271850586,0.997661292552948,0.5947079658508301,0.5447224974632263,0.9226231575012207,0.933091938495636,0.9982708692550659,0.601100742816925,0.5554006695747375,0.92806077003479,0.9421393275260925,0.9984472990036011,0.29088547825813293,0.1891164928674698,0.9280281662940979,0.9370291829109192,0.9983844757080078,0.4641396105289459,0.3613288998603821,0.9296251535415649,0.9432124495506287,0.9984791874885559
141,0.06798993796110153,0.005486630834639072,0.004043883644044399,0.0036853039637207985,0.041721176356077194,0.013053013011813164,0.5667757391929626,0.5023624897003174,0.8957824110984802,0.9093287587165833,0.9976691603660583,0.5885260701179504,0.538308322429657,0.9218317866325378,0.9327953457832336,0.9982579946517944,0.5944743752479553,0.5482774376869202,0.9277985692024231,0.9414941668510437,0.9984358549118042,0.290842741727829,0.1897401511669159,0.9260270595550537,0.9391703009605408,0.9983881711959839,0.461369127035141,0.3598473370075226,0.9290437698364258,0.9439911842346191,0.9984805583953857
142,0.06768655776977539,0.005684124771505594,0.004168253391981125,0.0038089135196059942,0.041039858013391495,0.012985525652766228,0.5617956519126892,0.4969135820865631,0.8923987150192261,0.9063913822174072,0.9975935816764832,0.5847793817520142,0.5342146158218384,0.9189387559890747,0.9296545386314392,0.9981862902641296,0.591259777545929,0.5449434518814087,0.925710916519165,0.9371853470802307,0.9983577132225037,0.29229307174682617,0.1912216693162918,0.9243207573890686,0.9349671602249146,0.9983147382736206,0.46029984951019287,0.35947516560554504,0.9270873069763184,0.9401828646659851,0.9984117746353149
143,0.06547517329454422,0.00537321250885725,0.003918058704584837,0.003563445061445236,0.040041983127593994,0.01257840171456337,0.561975359916687,0.4992350935935974,0.8973349928855896,0.9104555249214172,0.9977003931999207,0.5838852524757385,0.5351577401161194,0.9230294823646545,0.9341682195663452,0.9982895255088806,0.5897989869117737,0.54500812292099,0.9288470149040222,0.9429789781570435,0.9984661340713501,0.2951130270957947,0.19389639794826508,0.927412211894989,0.9400475025177002,0.9984148144721985,0.4621737599372864,0.3628047704696655,0.9299027919769287,0.9453126788139343,0.9985072016716003
144,0.06432239711284637,0.0054528359323740005,0.003865890670567751,0.0034958000760525465,0.039156071841716766,0.012351922690868378,0.5716442465782166,0.5075696706771851,0.8970101475715637,0.9071989059448242,0.9976549744606018,0.5957254767417908,0.5467198491096497,0.927984893321991,0.9306941628456116,0.9982998967170715,0.6016916036605835,0.5568004846572876,0.933728814125061,0.9399381279945374,0.9984834790229797,0.3016888201236725,0.19836948812007904,0.9311345219612122,0.9390736818313599,0.9984439611434937,0.4716780483722687,0.3706653416156769,0.9333435297012329,0.9425803422927856,0.9985111951828003
145,0.06420204043388367,0.005586961284279823,0.0040921904146671295,0.0036956898402422667,0.03851689025759697,0.012310297228395939,0.5719318389892578,0.5069288015365601,0.8942784070968628,0.9077562093734741,0.9976326823234558,0.5947666168212891,0.5444589853286743,0.9198838472366333,0.9339976906776428,0.9982520341873169,0.6015651822090149,0.5557498335838318,0.9266964197158813,0.9425361752510071,0.998435914516449,0.3047398030757904,0.2007972002029419,0.9260731339454651,0.9393985271453857,0.998390793800354,0.4734937846660614,0.37238186597824097,0.9281886219978333,0.9440536499023438,0.9984732270240784
146,0.06227109208703041,0.0053368438966572285,0.003856862895190716,0.003503380576148629,0.037613704800605774,0.011960442177951336,0.5700435042381287,0.5071935057640076,0.8987990617752075,0.9099751114845276,0.9977095723152161,0.5922712683677673,0.5436434745788574,0.9254189729690552,0.9343371391296387,0.9983173608779907,0.5987634658813477,0.5545154213905334,0.9315900206565857,0.9430375099182129,0.9984980225563049,0.3078382611274719,0.20386028289794922,0.93073570728302,0.9412374496459961,0.9984672665596008,0.47433626651763916,0.37498384714126587,0.932818591594696,0.9447436928749084,0.998534083366394
147,0.06275617331266403,0.005685700569301844,0.004145062994211912,0.003788416273891926,0.03711845725774765,0.012018547393381596,0.5708991885185242,0.504865288734436,0.8924018144607544,0.9062150120735168,0.9975916147232056,0.5948774814605713,0.5435269474983215,0.9214044213294983,0.93091881275177,0.9982298016548157,0.6010701656341553,0.5539820194244385,0.928080141544342,0.9398044943809509,0.9984166622161865,0.3109520673751831,0.2058773785829544,0.9263297319412231,0.9374058842658997,0.9983696341514587,0.477300226688385,0.37654244899749756,0.9281321167945862,0.9419339299201965,0.9984451532363892
148,0.060897503048181534,0.005488057155162096,0.003920539282262325,0.003543756203725934,0.036261700093746185,0.01168345008045435,0.5635945796966553,0.5004417300224304,0.8963475227355957,0.9089521169662476,0.997670590877533,0.5864856243133545,0.5379754304885864,0.9254942536354065,0.9331968426704407,0.9983047842979431,0.5926309823989868,0.5483630895614624,0.9316422939300537,0.941226065158844,0.9984760284423828,0.3112317621707916,0.20738814771175385,0.9287686347961426,0.9399935007095337,0.9984281659126282,0.4736328125,0.37599149346351624,0.9321281313896179,0.9440205097198486,0.9985169768333435
149,0.06001101806759834,0.005412403494119644,0.003952432423830032,0.0035727364011108875,0.03556136414408684,0.01151206810027361,0.568495512008667,0.5051271319389343,0.8976652026176453,0.9094574451446533,0.9976913928985596,0.5914403200149536,0.5428640246391296,0.9251477718353271,0.9339568018913269,0.9983102083206177,0.597638726234436,0.5533017516136169,0.9319263696670532,0.9405053853988647,0.9984694123268127,0.31518658995628357,0.2103857398033142,0.9273492693901062,0.9420052766799927,0.998439610004425,0.4785565733909607,0.38051867485046387,0.9316301941871643,0.9445441365242004,0.9985178112983704
