,loss,side_6_loss,side_7_loss,side_8_loss,activation_233_loss,add_71_loss,side_6_dice_coef,side_6_jacard,side_6_recall_1,side_6_precision_1,side_6_accuracy,side_7_dice_coef,side_7_jacard,side_7_recall_1,side_7_precision_1,side_7_accuracy,side_8_dice_coef,side_8_jacard,side_8_recall_1,side_8_precision_1,side_8_accuracy,activation_233_dice_coef,activation_233_jacard,activation_233_recall_1,activation_233_precision_1,activation_233_accuracy,add_71_dice_coef,add_71_jacard,add_71_recall_1,add_71_precision_1,add_71_accuracy
0,2.763965368270874,0.37408581376075745,0.5162665843963623,0.613847017288208,0.712766706943512,0.5469999313354492,0.5812851190567017,0.41938653588294983,0.7501618266105652,0.6937198042869568,0.8467290997505188,0.499885618686676,0.3382120430469513,0.8339695334434509,0.5208190083503723,0.7537994384765625,0.40417414903640747,0.2546406388282776,0.6189087629318237,0.4412156641483307,0.6927083730697632,0.3821382224559784,0.23738233745098114,0.6135817766189575,0.3278680741786957,0.5662621259689331,0.4267145097255707,0.2731022536754608,0.7606449127197266,0.5870732069015503,0.7957313060760498
1,1.9815443754196167,0.18710365891456604,0.2795877754688263,0.46661287546157837,0.6369132399559021,0.4113262891769409,0.7791984677314758,0.6414067149162292,0.844696581363678,0.8866909146308899,0.9305588006973267,0.6803261041641235,0.5199337601661682,0.8907752633094788,0.7548122406005859,0.8948598504066467,0.49574732780456543,0.33150121569633484,0.75470370054245,0.6106370091438293,0.8083522319793701,0.4280596971511841,0.2735748589038849,0.7477381229400635,0.4378550052642822,0.680221676826477,0.5210150480270386,0.3541620373725891,0.8752391934394836,0.7516136169433594,0.8907911777496338
2,1.5874574184417725,0.14460793137550354,0.19109579920768738,0.33752763271331787,0.5834804773330688,0.33074572682380676,0.8301277160644531,0.7107424139976501,0.8719215393066406,0.9132523536682129,0.944366991519928,0.7714639902114868,0.630459189414978,0.8745240569114685,0.8577315211296082,0.9286374449729919,0.6056068539619446,0.4366406202316284,0.8224273920059204,0.7419298887252808,0.8776965141296387,0.46034157276153564,0.2998981773853302,0.8134341239929199,0.5175511837005615,0.7507650256156921,0.5912497043609619,0.4212162494659424,0.8764492273330688,0.8280644416809082,0.9194040298461914
3,1.325745701789856,0.12264065444469452,0.15050725638866425,0.2457989752292633,0.5320082306861877,0.2747911512851715,0.8567568063735962,0.7504370808601379,0.8959634304046631,0.9214202165603638,0.9524006247520447,0.8217505216598511,0.6990890502929688,0.8891740441322327,0.902147114276886,0.9453241229057312,0.7012642025947571,0.5419223308563232,0.8603982925415039,0.830995500087738,0.9170159101486206,0.48892927169799805,0.32464635372161865,0.8539333939552307,0.5859962701797485,0.8023258447647095,0.6468161940574646,0.4794832766056061,0.8883999586105347,0.8796563148498535,0.9385004043579102
4,1.1734613180160522,0.11151759326457977,0.12909024953842163,0.19135037064552307,0.5000630617141724,0.24144023656845093,0.8706423044204712,0.7716643810272217,0.903111457824707,0.9305362105369568,0.9566582441329956,0.846388041973114,0.7348635792732239,0.8954023122787476,0.9272205233573914,0.9538688063621521,0.7614701986312866,0.6165738701820374,0.8776713013648987,0.8843371868133545,0.9374505877494812,0.5071382522583008,0.3407920002937317,0.8778132796287537,0.6385297179222107,0.8366847634315491,0.6796132326126099,0.516014575958252,0.8981894254684448,0.9127662181854248,0.9504997730255127
5,1.0421007871627808,0.09756681323051453,0.110322967171669,0.14771078526973724,0.4728192389011383,0.21368096768856049,0.8854030966758728,0.7952410578727722,0.9137228727340698,0.9395312666893005,0.9617283344268799,0.87065589427948,0.7721088528633118,0.9071359038352966,0.9405772686004639,0.960385799407959,0.8134812712669373,0.6869981288909912,0.9094991087913513,0.9165912866592407,0.9542949199676514,0.5243930220603943,0.3563328683376312,0.9086961150169373,0.6849055886268616,0.8656383156776428,0.709453284740448,0.5509077906608582,0.9205164313316345,0.9314739108085632,0.961169421672821
6,0.9721080660820007,0.09242523461580276,0.09904134273529053,0.12407796829938889,0.45820921659469604,0.19835427403450012,0.8925489783287048,0.8068851828575134,0.9232152104377747,0.9366649389266968,0.9632779359817505,0.8848196268081665,0.7945865988731384,0.9172413945198059,0.9464207887649536,0.9644714593887329,0.8434612154960632,0.7306525707244873,0.9191939234733582,0.9311597943305969,0.96075838804245,0.5329245328903198,0.3645191490650177,0.9258077144622803,0.7197039127349854,0.8853160738945007,0.7254387736320496,0.5705946087837219,0.9305830597877502,0.9386345148086548,0.9656400084495544
7,0.92454993724823,0.08887883275747299,0.09148676693439484,0.10964429378509521,0.4466427266597748,0.1878972351551056,0.8971567153930664,0.8143214583396912,0.9223280549049377,0.9420140385627747,0.9645346999168396,0.8943226933479309,0.8100191950798035,0.9200689792633057,0.9522497653961182,0.9667448401451111,0.864022970199585,0.7619110941886902,0.9217480421066284,0.9418313503265381,0.9643410444259644,0.5400600433349609,0.37127918004989624,0.9373776912689209,0.747323751449585,0.8998772501945496,0.7365993857383728,0.5844965577125549,0.9329620599746704,0.945388674736023,0.9680997133255005
8,0.8901647329330444,0.08525459468364716,0.08632984012365341,0.09971778839826584,0.43812018632888794,0.18074211478233337,0.9008561372756958,0.8202300071716309,0.9284086227416992,0.9413725137710571,0.9658627510070801,0.9014806151390076,0.8214548230171204,0.9295980930328369,0.9509106278419495,0.9687698483467102,0.8796347975730896,0.7859594821929932,0.9292967915534973,0.9437817931175232,0.9667472243309021,0.5453930497169495,0.3762074410915375,0.9453992247581482,0.7686432003974915,0.9105335474014282,0.7454544901847839,0.5954455137252808,0.9401847720146179,0.9451339840888977,0.9698241949081421
9,0.8542249798774719,0.08005036413669586,0.0801372155547142,0.08961952477693558,0.4308430850505829,0.17357489466667175,0.9071006774902344,0.8305798172950745,0.9331881403923035,0.9437535405158997,0.9677047729492188,0.9091492295265198,0.8341720700263977,0.9331492185592651,0.9554204940795898,0.9708801507949829,0.8927574753761292,0.8070964217185974,0.9337844848632812,0.9514262676239014,0.9699575304985046,0.5503278970718384,0.3807019889354706,0.9535058736801147,0.7871891260147095,0.9197378158569336,0.7534486055374146,0.6055381298065186,0.9449127912521362,0.9509646892547607,0.9726160168647766
10,0.8332870602607727,0.0784272700548172,0.07625622302293777,0.08466674387454987,0.42464175820350647,0.1692953109741211,0.9092967510223389,0.8341361880302429,0.9288766384124756,0.9489316940307617,0.9680519700050354,0.9134541749954224,0.8412427306175232,0.9320712089538574,0.9606028199195862,0.9719973206520081,0.9001554846763611,0.8189377784729004,0.9310547113418579,0.9582247138023376,0.971105694770813,0.5538238286972046,0.3841162919998169,0.9563544988632202,0.8050161600112915,0.9273830056190491,0.7575900554656982,0.610753059387207,0.9426978230476379,0.956595778465271,0.9736011624336243
11,0.8122353553771973,0.07510513067245483,0.0724729672074318,0.07928450405597687,0.42028018832206726,0.16509245336055756,0.912889301776886,0.840067446231842,0.935833752155304,0.9479086995124817,0.9695076942443848,0.9182482361793518,0.8493605852127075,0.939014196395874,0.9593999981880188,0.9734304547309875,0.908342719078064,0.8325632810592651,0.9371342062950134,0.9591014385223389,0.9728752970695496,0.5570451021194458,0.3870667517185211,0.9622510075569153,0.8151138424873352,0.9324678182601929,0.7629512548446655,0.6176711916923523,0.9483093023300171,0.9566131234169006,0.9750189781188965
12,0.7986023426055908,0.07357687503099442,0.07054466754198074,0.07572038471698761,0.41641610860824585,0.1623443365097046,0.9135813117027283,0.841465413570404,0.9349377155303955,0.95070481300354,0.9700495004653931,0.9199532866477966,0.8525494933128357,0.9401647448539734,0.9603263735771179,0.9739704728126526,0.9129685759544373,0.8406748175621033,0.9402005076408386,0.9594501852989197,0.9737436175346375,0.5589262247085571,0.389218270778656,0.9654697775840759,0.8263568878173828,0.9373753070831299,0.7653489112854004,0.6212267875671387,0.9503355026245117,0.9576054811477661,0.9758008122444153
13,0.7876211404800415,0.07345208525657654,0.06792252510786057,0.07188927382230759,0.4142352044582367,0.16012215614318848,0.9130238890647888,0.8408206701278687,0.9381217956542969,0.946711003780365,0.96974778175354,0.9208057522773743,0.8543667197227478,0.944104015827179,0.9589611291885376,0.9745974540710449,0.9162338376045227,0.8465601801872253,0.944102942943573,0.9596089720726013,0.9747725129127502,0.5597259998321533,0.3903348445892334,0.9683184027671814,0.8312993049621582,0.9398065805435181,0.7667629718780518,0.6236216425895691,0.953718364238739,0.9573314189910889,0.9765784740447998
14,0.771011233329773,0.07147939503192902,0.06449825316667557,0.06848233938217163,0.4095618426799774,0.1569894552230835,0.9162975549697876,0.8459406495094299,0.9358721375465393,0.9516137838363647,0.9705312848091125,0.9265544414520264,0.8636007308959961,0.9433462619781494,0.9646823406219482,0.9759450554847717,0.9223049283027649,0.8563329577445984,0.9433230757713318,0.9642495512962341,0.9758234024047852,0.5635601282119751,0.3934612274169922,0.9687337875366211,0.8463385701179504,0.9453563094139099,0.771584689617157,0.629177987575531,0.9523857831954956,0.9619989991188049,0.9775158762931824
15,0.7612241506576538,0.07050604373216629,0.06261734664440155,0.0653316006064415,0.4077158272266388,0.15505345165729523,0.9179629683494568,0.848761796951294,0.9392545223236084,0.9498506784439087,0.9708948135375977,0.9286003112792969,0.8671324849128723,0.9471876621246338,0.963766872882843,0.976675271987915,0.9257816672325134,0.8622475266456604,0.9473033547401428,0.9644641280174255,0.9768921136856079,0.5641837120056152,0.39428478479385376,0.970132052898407,0.8519025444984436,0.9476330876350403,0.7732776999473572,0.6315624117851257,0.9556550979614258,0.9621281623840332,0.9783794283866882
16,0.7495821714401245,0.06824778020381927,0.060490336269140244,0.06280186027288437,0.40520384907722473,0.15283828973770142,0.9205541610717773,0.853140115737915,0.9406196475028992,0.9513450860977173,0.971646249294281,0.9307705163955688,0.8708561062812805,0.9478917717933655,0.9644384384155273,0.9770346879959106,0.9297133088111877,0.8690159320831299,0.9491770267486572,0.9658597707748413,0.9777432680130005,0.5658184289932251,0.3958013653755188,0.9723201990127563,0.8603342771530151,0.9510606527328491,0.7758752107620239,0.634956419467926,0.9572290182113647,0.9636096954345703,0.9791817665100098
17,0.7373848557472229,0.06685364991426468,0.05726632475852966,0.059386078268289566,0.40317386388778687,0.15070480108261108,0.9224021434783936,0.8563380241394043,0.9423713088035583,0.951535165309906,0.972136914730072,0.933754563331604,0.8761605620384216,0.9508082270622253,0.9653217792510986,0.9780136346817017,0.9332534670829773,0.8752917051315308,0.9508045315742493,0.9673067927360535,0.9785458445549011,0.5675721764564514,0.39733386039733887,0.9730085730552673,0.8650872707366943,0.9528518915176392,0.7786177396774292,0.63852858543396,0.9587266445159912,0.9645413756370544,0.9798154234886169
18,0.7300987839698792,0.06478806585073471,0.056138016283512115,0.05776243656873703,0.40195173025131226,0.1494583636522293,0.9235814809799194,0.8583804965019226,0.9438616037368774,0.9530045390129089,0.9729134440422058,0.9347244501113892,0.8779276609420776,0.9513272643089294,0.9660648107528687,0.9783455729484558,0.9346473813056946,0.8777540922164917,0.952686071395874,0.9676147103309631,0.9791080951690674,0.5674912333488464,0.3975559175014496,0.9738909602165222,0.870660126209259,0.954949140548706,0.7789233326911926,0.6391541957855225,0.9599918723106384,0.965442955493927,0.9803820252418518
19,0.7165738344192505,0.06338060647249222,0.05380164831876755,0.05401645600795746,0.39851292967796326,0.14686207473278046,0.9258896112442017,0.8624028563499451,0.9474080204963684,0.9514139890670776,0.9733644127845764,0.938096821308136,0.8839069604873657,0.9552712440490723,0.9657897353172302,0.979275107383728,0.9394522309303284,0.8861805200576782,0.9571238160133362,0.9676684141159058,0.9802539944648743,0.5712372064590454,0.400682657957077,0.9768499732017517,0.8751495480537415,0.9571319818496704,0.7837398052215576,0.6452701091766357,0.9638096690177917,0.9652557969093323,0.98130202293396
20,0.7149090766906738,0.06378072500228882,0.05288812890648842,0.05361977219581604,0.398263156414032,0.14635740220546722,0.9258956909179688,0.862321674823761,0.9430643916130066,0.9549726843833923,0.973251461982727,0.9390340447425842,0.8853764533996582,0.9529616236686707,0.9687296748161316,0.9794773459434509,0.9401559233665466,0.8873600363731384,0.9545334577560425,0.9704462885856628,0.9803383350372314,0.5702640414237976,0.40006303787231445,0.9759476184844971,0.8814638257026672,0.9590351581573486,0.7828729748725891,0.6442704200744629,0.9615684151649475,0.9684399366378784,0.9815961122512817
21,0.7082510590553284,0.06224432960152626,0.051892299205064774,0.05205551162362099,0.3968573808670044,0.1452016979455948,0.9273019433021545,0.8647748827934265,0.9450000524520874,0.9557104110717773,0.9739395380020142,0.940157413482666,0.8875203132629395,0.9559721946716309,0.967667818069458,0.9799602031707764,0.9419313073158264,0.890589714050293,0.9565180540084839,0.9704141020774841,0.980837345123291,0.5714309811592102,0.4011768400669098,0.9769077897071838,0.8839697241783142,0.9600831270217896,0.7844776511192322,0.6464849710464478,0.9634578227996826,0.9680066108703613,0.9819607734680176
22,0.7004230618476868,0.061316896229982376,0.050430383533239365,0.049792006611824036,0.3952365815639496,0.14364734292030334,0.9280716180801392,0.8660364747047424,0.9462164044380188,0.9546436667442322,0.9739536643028259,0.9426215887069702,0.891689121723175,0.956974983215332,0.968229353427887,0.9803671836853027,0.9449403882026672,0.8958182334899902,0.9591941237449646,0.971268355846405,0.981751024723053,0.5727125406265259,0.40222078561782837,0.978548526763916,0.8888883590698242,0.9620749950408936,0.7865772843360901,0.6490393877029419,0.9655071496963501,0.9688646793365479,0.9827165007591248
23,0.7007654905319214,0.0611514188349247,0.04989166557788849,0.05043994262814522,0.3953836262226105,0.14389890432357788,0.9276743531227112,0.8655079007148743,0.9479217529296875,0.9545122385025024,0.9743461012840271,0.9417598247528076,0.8903813362121582,0.957380473613739,0.9681790471076965,0.9804571270942688,0.9440286159515381,0.8944128155708313,0.9595186114311218,0.9693500399589539,0.9813184142112732,0.5718291997909546,0.40180736780166626,0.9783281683921814,0.890265941619873,0.9624733924865723,0.7854307889938354,0.6480163335800171,0.9658231735229492,0.9675357341766357,0.9824360013008118
24,0.6921446323394775,0.05963839218020439,0.04815082252025604,0.04811496287584305,0.3939875662326813,0.14225278794765472,0.9302681684494019,0.8698543906211853,0.9481589198112488,0.9566730260848999,0.9749975204467773,0.944591224193573,0.8952285647392273,0.957350492477417,0.9701986312866211,0.9809923768043518,0.9470726251602173,0.899675726890564,0.9591052532196045,0.9729636907577515,0.9821821451187134,0.5728374719619751,0.402628630399704,0.9785342812538147,0.8943089246749878,0.9638318419456482,0.7873672246932983,0.6503733396530151,0.9654114246368408,0.9705180525779724,0.9831398725509644
25,0.6839897036552429,0.058240942656993866,0.04646136984229088,0.045493949204683304,0.39298197627067566,0.14081141352653503,0.9317043423652649,0.8723378777503967,0.9503549337387085,0.9562939405441284,0.9754466414451599,0.946011483669281,0.8977729678153992,0.9598740935325623,0.9702756404876709,0.981658399105072,0.9492161870002747,0.9035296440124512,0.9628567695617676,0.9726645350456238,0.9830639958381653,0.5732323527336121,0.4031405448913574,0.9804579019546509,0.8959291577339172,0.9648022651672363,0.788569986820221,0.6520980596542358,0.9687238335609436,0.9702876806259155,0.9839245676994324
26,0.684839129447937,0.05888861417770386,0.047288067638874054,0.04581908881664276,0.39209452271461487,0.14074891805648804,0.9312485456466675,0.8716317415237427,0.9471855759620667,0.958173394203186,0.9751613140106201,0.9453274607658386,0.8966508507728577,0.9596464037895203,0.9687385559082031,0.9811862111091614,0.9490745663642883,0.903359055519104,0.9608800411224365,0.9735680222511292,0.9827990531921387,0.574007511138916,0.4037672281265259,0.9798458218574524,0.9010478854179382,0.9662984609603882,0.7889039516448975,0.6525328159332275,0.9672524333000183,0.9715147614479065,0.9838804602622986
27,0.6863611936569214,0.05964156240224838,0.047565359622240067,0.045810386538505554,0.39238256216049194,0.14096136391162872,0.9297561049461365,0.8692719340324402,0.9501098990440369,0.9547308087348938,0.9749559164047241,0.944726824760437,0.8957772850990295,0.9607974886894226,0.9673566222190857,0.9811062812805176,0.948601484298706,0.9027130007743835,0.9636387228965759,0.9709426164627075,0.9828009605407715,0.5732579827308655,0.403513103723526,0.9811241626739502,0.8970574140548706,0.9653209447860718,0.7879292368888855,0.6517741084098816,0.969190776348114,0.968709409236908,0.9836146831512451
28,0.6739516258239746,0.05715447664260864,0.04477277398109436,0.04331177845597267,0.3899262845516205,0.13878634572029114,0.933522641658783,0.8754767179489136,0.9500588774681091,0.9579043984413147,0.9758127331733704,0.9487388730049133,0.9026325345039368,0.9597284197807312,0.9723110198974609,0.9821673035621643,0.9525243043899536,0.909491240978241,0.9632569551467896,0.9747822880744934,0.983734130859375,0.5757705569267273,0.40529024600982666,0.9812361598014832,0.9065758585929871,0.9683765769004822,0.7916474938392639,0.6559783816337585,0.9688311219215393,0.9726046323776245,0.9845794439315796
29,0.6681039929389954,0.05661510303616524,0.043189637362957,0.04155350476503372,0.38890528678894043,0.1378404200077057,0.9340642690658569,0.876446545124054,0.9506951570510864,0.9571169018745422,0.9757577776908875,0.9496585726737976,0.9042976498603821,0.963445246219635,0.969973623752594,0.9824900031089783,0.9539102911949158,0.9120071530342102,0.9648966193199158,0.9749193787574768,0.9841921925544739,0.576754093170166,0.4062194228172302,0.9827312231063843,0.9059578776359558,0.9685352444648743,0.7929434180259705,0.6577661037445068,0.9707915186882019,0.9720500111579895,0.9849318265914917
30,0.6676014065742493,0.056123919785022736,0.043003231287002563,0.04207075759768486,0.388686865568161,0.13771672546863556,0.9339904189109802,0.8764708638191223,0.9501014947891235,0.9590920209884644,0.976147472858429,0.9500434994697571,0.905160129070282,0.9614632725715637,0.9726146459579468,0.9826933145523071,0.9537267088890076,0.9118515253067017,0.964471161365509,0.9754120111465454,0.9842146635055542,0.5763151049613953,0.4060077965259552,0.9823157787322998,0.9090316295623779,0.9694041609764099,0.7924155592918396,0.6573362350463867,0.969818115234375,0.9733580946922302,0.9850361347198486
31,0.6639258861541748,0.05582330375909805,0.0422169528901577,0.040834419429302216,0.38801950216293335,0.13703177869319916,0.935539722442627,0.8790338039398193,0.9510222673416138,0.9585393071174622,0.976229190826416,0.9516189694404602,0.9078333973884583,0.9635608792304993,0.9717003107070923,0.9829851984977722,0.9554548859596252,0.9148005247116089,0.9661218523979187,0.9750093817710876,0.9845312237739563,0.5769476890563965,0.40646812319755554,0.9822684526443481,0.9117707014083862,0.9702492356300354,0.7937833070755005,0.6589159965515137,0.9711974859237671,0.9729570150375366,0.9852815270423889
32,0.663224458694458,0.05496063828468323,0.04239565134048462,0.04114815220236778,0.3878138065338135,0.13690617680549622,0.9357845783233643,0.8795522451400757,0.954917311668396,0.9566690325737,0.9766984581947327,0.9513417482376099,0.9075101613998413,0.9648603200912476,0.9706778526306152,0.9830420613288879,0.9555858969688416,0.9151539206504822,0.9673686623573303,0.9736587405204773,0.9844886064529419,0.576736330986023,0.4064468741416931,0.9832864999771118,0.9108665585517883,0.9702094197273254,0.7936709523200989,0.6589751243591309,0.9725894331932068,0.9715002775192261,0.9852430820465088
33,0.6656941771507263,0.056137748062610626,0.043096549808979034,0.04156194254755974,0.3876956105232239,0.13720233738422394,0.934502899646759,0.8773808479309082,0.9503355026245117,0.9584460258483887,0.9760304093360901,0.9508205056190491,0.9065480828285217,0.9626795649528503,0.9716859459877014,0.9827556014060974,0.9545013308525085,0.9132242202758789,0.9644080996513367,0.9756118059158325,0.9842517971992493,0.5764258503913879,0.4063194692134857,0.9821438193321228,0.9133486747741699,0.9707104563713074,0.7926212549209595,0.6577462553977966,0.9699532985687256,0.9735132455825806,0.9851126670837402
34,0.655626654624939,0.05397515743970871,0.04056885838508606,0.039064228534698486,0.38636520504951477,0.13565315306186676,0.9367715716362,0.8811782598495483,0.9534233212471008,0.9590978026390076,0.9769879579544067,0.9535239338874817,0.911287784576416,0.9636839628219604,0.9737774133682251,0.9835747480392456,0.9572287797927856,0.9180654287338257,0.967901349067688,0.9752737283706665,0.9850595593452454,0.5777770280838013,0.4073553681373596,0.9833874702453613,0.9156569242477417,0.9717233777046204,0.7950494885444641,0.6606940627098083,0.9727529883384705,0.9735593199729919,0.9858435988426208
35,0.6543002724647522,0.053882379084825516,0.040507685393095016,0.03866768628358841,0.3858994245529175,0.1353432536125183,0.9372114539146423,0.881971001625061,0.9525036215782166,0.9601112008094788,0.9770321846008301,0.9532389640808105,0.9108034372329712,0.9639905095100403,0.9737524390220642,0.9836467504501343,0.9575976729393005,0.9187785983085632,0.9665551781654358,0.9773237109184265,0.9852617979049683,0.5778135061264038,0.4074893891811371,0.9827880263328552,0.9189372658729553,0.9725905060768127,0.795030951499939,0.660803496837616,0.9717327952384949,0.9750384092330933,0.9859811663627625
36,0.6493251919746399,0.0537632517516613,0.03924044966697693,0.036636270582675934,0.38526222109794617,0.13442306220531464,0.9373411536216736,0.8822790384292603,0.95491623878479,0.9575861096382141,0.9769503474235535,0.954338788986206,0.9128850698471069,0.9665530920028687,0.972898542881012,0.9840746521949768,0.9589189887046814,0.9212304353713989,0.9699879884719849,0.9763855338096619,0.9858947992324829,0.5783752799034119,0.408042848110199,0.9847915172576904,0.9183100461959839,0.9728792905807495,0.7961015105247498,0.6623364090919495,0.9747412800788879,0.9742632508277893,0.986544668674469
37,0.648105263710022,0.052867572754621506,0.03906567022204399,0.036541737616062164,0.38540515303611755,0.13422515988349915,0.9377884864807129,0.8830300569534302,0.9520923495292664,0.9619146585464478,0.9774186611175537,0.9543445110321045,0.9129084944725037,0.9652736186981201,0.9743663668632507,0.9841408729553223,0.9591430425643921,0.921661376953125,0.9687017202377319,0.977935254573822,0.9859784245491028,0.5775516629219055,0.4074544310569763,0.9837561249732971,0.9216188788414001,0.973645031452179,0.7953882813453674,0.6615146398544312,0.9733672142028809,0.9760644435882568,0.9866781234741211
38,0.6479687094688416,0.053603120148181915,0.0387243777513504,0.036593832075595856,0.38500967621803284,0.1340377777814865,0.9379454255104065,0.8832975029945374,0.9532650709152222,0.9598154425621033,0.9771440029144287,0.955522894859314,0.9149810075759888,0.966044545173645,0.9742003083229065,0.9842942953109741,0.960087776184082,0.9233450293540955,0.9700142741203308,0.976588785648346,0.985956072807312,0.5779614448547363,0.40779510140419006,0.9845423102378845,0.9200971126556396,0.9733687043190002,0.7961273789405823,0.6623890995979309,0.9744746685028076,0.9747006893157959,0.9865946173667908
39,0.6426747441291809,0.05261636897921562,0.038350652903318405,0.03534353896975517,0.3832169473171234,0.13314703106880188,0.938694953918457,0.884590208530426,0.955605685710907,0.9585782289505005,0.9773966073989868,0.9561843276023865,0.9161761999130249,0.9676536917686462,0.9730793237686157,0.9844056367874146,0.961006760597229,0.9250432848930359,0.9701204895973206,0.9775999188423157,0.9862544536590576,0.580125093460083,0.40952369570732117,0.9856055974960327,0.9237524271011353,0.9747429490089417,0.7982304096221924,0.6650022864341736,0.975054144859314,0.9754301309585571,0.986940860748291
40,0.6407886743545532,0.05184537172317505,0.03775032237172127,0.035149794071912766,0.3831997513771057,0.13284337520599365,0.9396753907203674,0.8863398432731628,0.9546843767166138,0.9606636166572571,0.977734386920929,0.9567754864692688,0.917301595211029,0.9667571187019348,0.9746211767196655,0.9845902919769287,0.9613858461380005,0.9257796406745911,0.9700947403907776,0.9782748222351074,0.986428439617157,0.5797216296195984,0.40922170877456665,0.9852616786956787,0.9256976246833801,0.9752509593963623,0.7981879711151123,0.6650068759918213,0.9746302962303162,0.9764254093170166,0.9871004819869995
41,0.6462050080299377,0.05332666262984276,0.039079077541828156,0.03650994226336479,0.3836910128593445,0.133598193526268,0.9386845231056213,0.8846614956855774,0.9533575773239136,0.9597475528717041,0.9771488308906555,0.9556605219841003,0.9153051972389221,0.9668175578117371,0.9728023409843445,0.9841165542602539,0.9604339003562927,0.9240888357162476,0.9699206948280334,0.976295530796051,0.9858533143997192,0.5787502527236938,0.4085993766784668,0.9846900701522827,0.9253530502319336,0.9750077724456787,0.7968327403068542,0.6634817123413086,0.9742516875267029,0.9743167757987976,0.9864333868026733
42,0.6352946758270264,0.05120103061199188,0.03641040623188019,0.033624473959207535,0.3821217715740204,0.13193705677986145,0.9398371577262878,0.886674702167511,0.9556372165679932,0.9603596329689026,0.9778923988342285,0.9578518867492676,0.9193068146705627,0.9685707688331604,0.9748289585113525,0.9851121306419373,0.962737500667572,0.9283053278923035,0.972422182559967,0.9780664443969727,0.9869728684425354,0.5803871750831604,0.40997159481048584,0.9864453673362732,0.9268491864204407,0.9758873581886292,0.7991200685501099,0.6664519309997559,0.9764255881309509,0.9759606122970581,0.9874370098114014
43,0.6339288353919983,0.05069706588983536,0.03577951714396477,0.033255547285079956,0.3824809789657593,0.13171568512916565,0.940097987651825,0.887195885181427,0.955949604511261,0.9609645009040833,0.9781366586685181,0.9581384062767029,0.9199049472808838,0.9682184457778931,0.9763920307159424,0.9854410290718079,0.9627883434295654,0.9284349083900452,0.9717922210693359,0.9788254499435425,0.9870136380195618,0.5793826580047607,0.4092867374420166,0.9856155514717102,0.9284149408340454,0.976158857345581,0.7982856035232544,0.6656103134155273,0.9759517908096313,0.9771634340286255,0.987639844417572
44,0.6321752667427063,0.0504935123026371,0.03592250496149063,0.0329025462269783,0.3815799057483673,0.13127680122852325,0.9408517479896545,0.888454794883728,0.9559022784233093,0.961105465888977,0.9781631231307983,0.9586218595504761,0.920704185962677,0.9693112373352051,0.9753449559211731,0.9854411482810974,0.9636406898498535,0.9299485087394714,0.9722413420677185,0.979290246963501,0.9872539043426514,0.5803834795951843,0.41000306606292725,0.9859825968742371,0.9307070970535278,0.9769381284713745,0.7994681596755981,0.6669400334358215,0.976514458656311,0.97762131690979,0.9879082441329956
45,0.6297078728675842,0.050355538725852966,0.03485879302024841,0.03254963457584381,0.38106492161750793,0.13087894022464752,0.9411523342132568,0.8889551758766174,0.9572731852531433,0.960067093372345,0.9782260060310364,0.9597489237785339,0.9226871132850647,0.9686785936355591,0.9766095280647278,0.9856177568435669,0.9645196795463562,0.931549608707428,0.9723511934280396,0.9796733856201172,0.9873847365379333,0.5809692740440369,0.41044142842292786,0.9863438606262207,0.9320590496063232,0.9774318337440491,0.8004009127616882,0.668012261390686,0.9765670299530029,0.9777032732963562,0.9879438877105713
46,0.626708447933197,0.05012446269392967,0.03413843736052513,0.03108973801136017,0.38099899888038635,0.13035684823989868,0.9412794709205627,0.8892484307289124,0.9559853076934814,0.9614004492759705,0.9782646894454956,0.959820568561554,0.922913134098053,0.9708524942398071,0.9760214686393738,0.986019492149353,0.9648861289024353,0.9322896003723145,0.9738772511482239,0.9796579480171204,0.9877747893333435,0.5802130699157715,0.41011276841163635,0.986899197101593,0.9322766065597534,0.9776328206062317,0.7997552156448364,0.6676220297813416,0.9778081178665161,0.9779397249221802,0.9883275628089905
47,0.6257277131080627,0.04938589036464691,0.03440330922603607,0.031578753143548965,0.38019299507141113,0.13016675412654877,0.9423035383224487,0.891035795211792,0.9564160108566284,0.9626394510269165,0.9787114858627319,0.9603437781333923,0.9238388538360596,0.9704165458679199,0.9762722253799438,0.9859746694564819,0.9652175307273865,0.932884156703949,0.973567545413971,0.9794261455535889,0.9876327514648438,0.5815426707267761,0.41106846928596497,0.9872678518295288,0.932986855506897,0.9779356718063354,0.8011068105697632,0.6691462397575378,0.9776466488838196,0.9778235554695129,0.9882546067237854
48,0.6237056851387024,0.048846252262592316,0.03298429399728775,0.031065041199326515,0.3807952404022217,0.13001488149166107,0.942741870880127,0.8917728066444397,0.9568608999252319,0.962925136089325,0.9789021015167236,0.9613721966743469,0.9256905913352966,0.9716023802757263,0.976921021938324,0.9864541888237,0.9654213190078735,0.9332232475280762,0.9732998609542847,0.98008131980896,0.987738847732544,0.580159604549408,0.4099354147911072,0.9866294264793396,0.9343183040618896,0.9781768918037415,0.8002625703811646,0.668038010597229,0.9778191447257996,0.9786162972450256,0.9885127544403076
49,0.6241743564605713,0.049149006605148315,0.03398430719971657,0.03157670423388481,0.3795616626739502,0.12990263104438782,0.9433007836341858,0.8927863240242004,0.9584611058235168,0.9607300162315369,0.978708028793335,0.9613584280014038,0.9257048964500427,0.9708388447761536,0.9759339690208435,0.985992431640625,0.9656898379325867,0.9337429404258728,0.9739083051681519,0.9789812564849854,0.9876015186309814,0.5822705626487732,0.41164541244506836,0.9873945713043213,0.9326051473617554,0.9778524041175842,0.8020392656326294,0.6702854633331299,0.9779706001281738,0.9770005941390991,0.9881159067153931
50,0.6232135891914368,0.04895925894379616,0.033631518483161926,0.030861496925354004,0.3800637423992157,0.12969765067100525,0.9429705739021301,0.8921874165534973,0.9577842950820923,0.9623347520828247,0.9789753556251526,0.9616897702217102,0.9262824058532715,0.9700973629951477,0.9772741198539734,0.9861612319946289,0.9662591814994812,0.9347906112670898,0.9735396504402161,0.9804001450538635,0.9878860712051392,0.580623209476471,0.4103875160217285,0.9861661195755005,0.9364481568336487,0.9786965250968933,0.800848662853241,0.6688593029975891,0.97737056016922,0.9786143898963928,0.9883965253829956
51,0.618557333946228,0.04842263460159302,0.03309568762779236,0.0296395905315876,0.3784734606742859,0.12892591953277588,0.9434548020362854,0.8930463194847107,0.9582402110099792,0.9619455933570862,0.9789846539497375,0.9620513916015625,0.9269465804100037,0.971997857093811,0.9761913418769836,0.9863598942756653,0.9670720100402832,0.9362931847572327,0.9752056002616882,0.9799547791481018,0.9881974458694458,0.5828464031219482,0.4122210443019867,0.9888669848442078,0.9355771541595459,0.979101300239563,0.8028995394706726,0.6714705228805542,0.9791926741600037,0.9782589673995972,0.9887707829475403
52,0.6162434220314026,0.047953251749277115,0.03215465322136879,0.029171982780098915,0.37845563888549805,0.12850801646709442,0.9440309405326843,0.8940973281860352,0.9585867524147034,0.9620898365974426,0.9791118502616882,0.9628227353096008,0.9283964037895203,0.9721145629882812,0.9773522615432739,0.9867019653320312,0.9676318168640137,0.9373571276664734,0.9752923846244812,0.9807151556015015,0.9884234070777893,0.5824386477470398,0.4119568169116974,0.9888001680374146,0.937238335609436,0.9795790314674377,0.8028085827827454,0.671466052532196,0.9792947173118591,0.9789554476737976,0.9889849424362183
53,0.6193830966949463,0.04815465584397316,0.032645657658576965,0.030154120177030563,0.3793209195137024,0.12910783290863037,0.9435993432998657,0.893358051776886,0.9580041170120239,0.9630980491638184,0.9792391657829285,0.9622425436973572,0.927341639995575,0.9722707867622375,0.9763602614402771,0.9864755868911743,0.9670025110244751,0.9361976385116577,0.975115180015564,0.9796713590621948,0.98809814453125,0.5809234380722046,0.41077250242233276,0.9870748519897461,0.9375951886177063,0.9792600870132446,0.8013864755630493,0.669719398021698,0.9788661003112793,0.9781342148780823,0.9886528849601746
54,0.617654025554657,0.04796852916479111,0.032351456582546234,0.029323933646082878,0.3792874217033386,0.12872262299060822,0.9435237646102905,0.893293559551239,0.9578579068183899,0.9633075594902039,0.9792591333389282,0.9618757963180542,0.9268178939819336,0.9722618460655212,0.9772182106971741,0.9867039322853088,0.9669635891914368,0.936226487159729,0.9754227995872498,0.9807711243629456,0.9884721040725708,0.5803562998771667,0.4105554521083832,0.9878063201904297,0.9375252723693848,0.9794195294380188,0.8006381392478943,0.6691439747810364,0.9791505932807922,0.9792051911354065,0.9890150427818298
55,0.6142982244491577,0.047550927847623825,0.031764011830091476,0.028743693605065346,0.3781112730503082,0.12812824547290802,0.9445533156394958,0.8950257897377014,0.9581366181373596,0.9635878801345825,0.9794061779975891,0.9636285901069641,0.9298903942108154,0.9710907340049744,0.9789541959762573,0.9868670105934143,0.9683347940444946,0.9386745691299438,0.9751219749450684,0.9814468622207642,0.9885749220848083,0.5820301175117493,0.4116934835910797,0.9875175952911377,0.9403149485588074,0.9801727533340454,0.8027364015579224,0.6714317202568054,0.9787136316299438,0.9801273941993713,0.9891502857208252
56,0.6135150790214539,0.04752126336097717,0.03137544170022011,0.02825113572180271,0.3783385753631592,0.12802867591381073,0.9443150162696838,0.8946614861488342,0.9585820436477661,0.9632686376571655,0.9794322848320007,0.9634454250335693,0.9296164512634277,0.9735938310623169,0.9773688912391663,0.987087607383728,0.9684565663337708,0.9389389157295227,0.9769824743270874,0.9807732701301575,0.9888760447502136,0.5813342928886414,0.41131144762039185,0.9881418347358704,0.9382988810539246,0.9797313213348389,0.8022048473358154,0.6710172891616821,0.9805683493614197,0.9790346622467041,0.9893350601196289
57,0.6080781817436218,0.046662673354148865,0.030303360894322395,0.026960652321577072,0.3770889639854431,0.1270626187324524,0.9455785751342773,0.8968583345413208,0.9592777490615845,0.9639626145362854,0.979797899723053,0.964634358882904,0.9317622780799866,0.9735733270645142,0.9786176085472107,0.9874175786972046,0.9696676135063171,0.9411776661872864,0.976828396320343,0.9821776747703552,0.989211916923523,0.5826194882392883,0.4122958481311798,0.9894043803215027,0.9426888227462769,0.9813377857208252,0.8037480711936951,0.6728813648223877,0.980577826499939,0.9807660579681396,0.9898039102554321
58,0.6108244061470032,0.047233279794454575,0.031194118782877922,0.0278270673006773,0.3771289885044098,0.1274409145116806,0.9448251128196716,0.895542562007904,0.9589585661888123,0.962812066078186,0.9794032573699951,0.9642125368118286,0.9309971928596497,0.9725357890129089,0.9784575700759888,0.9871070384979248,0.9694206118583679,0.9407311677932739,0.976713240146637,0.9813541173934937,0.988961935043335,0.582746148109436,0.41238126158714294,0.9885935187339783,0.9416822195053101,0.9808412194252014,0.8037402033805847,0.6728377342224121,0.9800966382026672,0.9798745512962341,0.9894396662712097
59,0.6118667125701904,0.04728952795267105,0.031050683930516243,0.028299618512392044,0.37755072116851807,0.12767596542835236,0.9442154169082642,0.8944973945617676,0.959352970123291,0.9631012678146362,0.9795821905136108,0.9637817144393921,0.9302458763122559,0.9731915593147278,0.9779107570648193,0.9871295094490051,0.9687610864639282,0.939541757106781,0.9764271974563599,0.9811475872993469,0.9888326525688171,0.5817521810531616,0.4116588532924652,0.988153874874115,0.9421766400337219,0.980877697467804,0.8025848269462585,0.6715012192726135,0.9801098108291626,0.9799124002456665,0.9894532561302185
60,0.615730345249176,0.047405730932950974,0.03288666903972626,0.02948128618299961,0.37772977352142334,0.12822692096233368,0.9444876909255981,0.8949712514877319,0.9573888778686523,0.9642172455787659,0.9793874621391296,0.9626026749610901,0.9280243515968323,0.9704192280769348,0.97813880443573,0.9864757061004639,0.9682056307792664,0.9384605884552002,0.9751204252243042,0.980442225933075,0.988305926322937,0.581413209438324,0.4114034175872803,0.9872846603393555,0.9425084590911865,0.9807597994804382,0.8019740581512451,0.6706865429878235,0.9785395860671997,0.9793424606323242,0.9888942241668701
61,0.611119270324707,0.04711929336190224,0.03198107331991196,0.02819674089550972,0.3763309121131897,0.12749126553535461,0.9447377920150757,0.895406186580658,0.9595980048179626,0.9623687863349915,0.9794443249702454,0.9634543657302856,0.9295752048492432,0.9731820821762085,0.9761959314346313,0.9866659045219421,0.9692301154136658,0.9403563141822815,0.976399838924408,0.9808526635169983,0.9887466430664062,0.5833302140235901,0.4128985106945038,0.9891777634620667,0.94266277551651,0.9812740087509155,0.8039495944976807,0.6730767488479614,0.9801687002182007,0.9792711138725281,0.9892956614494324
62,0.6095060110092163,0.0465686097741127,0.03140725567936897,0.0280449241399765,0.3762051463127136,0.12728016078472137,0.945428192615509,0.8965948820114136,0.9608464241027832,0.9620296955108643,0.9796679615974426,0.9641324281692505,0.9308480024337769,0.9726362228393555,0.9780251383781433,0.9870169758796692,0.9693353176116943,0.9405794143676758,0.9764624238014221,0.9810844659805298,0.9888249039649963,0.583254337310791,0.41291388869285583,0.9887381196022034,0.9433661103248596,0.9813714027404785,0.8039907217025757,0.6732545495033264,0.9801061153411865,0.9797217845916748,0.9894009828567505
63,0.6060507297515869,0.04665672406554222,0.03033202327787876,0.02658785507082939,0.37583860754966736,0.12663546204566956,0.9454026222229004,0.8965746164321899,0.959324061870575,0.9632588624954224,0.9796178936958313,0.9649420976638794,0.9323630332946777,0.9734671115875244,0.9786893129348755,0.9874094128608704,0.9704535603523254,0.9426607489585876,0.9776982069015503,0.9815446138381958,0.9892678260803223,0.5834357738494873,0.413063645362854,0.989245593547821,0.9442198276519775,0.9817472696304321,0.8045850396156311,0.6740272045135498,0.9809543490409851,0.9802125692367554,0.9897523522377014
64,0.6082220077514648,0.04617813602089882,0.030939167365431786,0.02782261371612549,0.376272976398468,0.12700910866260529,0.9457347393035889,0.8971508145332336,0.9598619937896729,0.9638005495071411,0.9799020886421204,0.9643896222114563,0.9313320517539978,0.9734276533126831,0.9779098033905029,0.9871901273727417,0.9699591994285583,0.9417519569396973,0.9764571785926819,0.9820448160171509,0.9890802502632141,0.5826097726821899,0.4124338924884796,0.9883889555931091,0.9452282786369324,0.9818292856216431,0.803713321685791,0.6729760766029358,0.9799483418464661,0.9804355502128601,0.9895523190498352
65,0.6038565039634705,0.04609588533639908,0.029835954308509827,0.026013100519776344,0.37564772367477417,0.12626390159130096,0.9456307888031006,0.8969988226890564,0.9598299264907837,0.9639444351196289,0.9799331426620483,0.9653191566467285,0.9330672025680542,0.9742338061332703,0.9785712957382202,0.9875755906105042,0.9705503582954407,0.942871630191803,0.9785653352737427,0.9819392561912537,0.9895979166030884,0.5827711820602417,0.41273757815361023,0.9898503422737122,0.9456304907798767,0.9823099374771118,0.8039805889129639,0.6735166311264038,0.9816579222679138,0.9805868864059448,0.9900350570678711
66,0.6030372381210327,0.04579739272594452,0.02995412051677704,0.026120411232113838,0.3751090168952942,0.12605638802051544,0.94620680809021,0.8980072736740112,0.9607296586036682,0.9631668925285339,0.979949414730072,0.9656680226325989,0.9336932301521301,0.9744057655334473,0.9786912798881531,0.9876521825790405,0.9711527228355408,0.9439883828163147,0.978346049785614,0.9821639060974121,0.9896012544631958,0.5836414694786072,0.4132794141769409,0.9893838763237,0.9466143846511841,0.9824808239936829,0.8051177263259888,0.6747514009475708,0.9816431999206543,0.9807412028312683,0.9900727868080139
67,0.6029607057571411,0.04627823457121849,0.02972489409148693,0.026388246566057205,0.37454864382743835,0.12602052092552185,0.9463052153587341,0.8981612324714661,0.9587198495864868,0.9644789099693298,0.9797966480255127,0.9660906195640564,0.9344708323478699,0.9736553430557251,0.9792850017547607,0.9876176118850708,0.9709224104881287,0.943548858165741,0.9769867062568665,0.9825472235679626,0.9893515706062317,0.5843297839164734,0.41385897994041443,0.98929762840271,0.9482890963554382,0.9829462170600891,0.805521547794342,0.6752499938011169,0.9803464412689209,0.981345534324646,0.9898998141288757
68,0.6016972064971924,0.045568209141492844,0.029418762773275375,0.025879891589283943,0.37496235966682434,0.12586794793605804,0.9465083479881287,0.8985796570777893,0.9611440300941467,0.9636016488075256,0.9801732897758484,0.9658363461494446,0.9340409636497498,0.975114107131958,0.9783269166946411,0.9877370595932007,0.971254825592041,0.944200873374939,0.9782487750053406,0.9823571443557739,0.9896277785301208,0.5833431482315063,0.41316619515419006,0.9895727038383484,0.9471543431282043,0.9826850295066833,0.8048439621925354,0.6745800375938416,0.981664776802063,0.9808838367462158,0.9901167154312134
69,0.6024627089500427,0.04582810029387474,0.029920078814029694,0.026594648137688637,0.37426063418388367,0.12585921585559845,0.9467965364456177,0.8990375995635986,0.9607580900192261,0.96333909034729,0.9800036549568176,0.966343343257904,0.9349393248558044,0.9738299250602722,0.979056715965271,0.9876015186309814,0.9715104103088379,0.9446485638618469,0.9780930876731873,0.981909990310669,0.9894677996635437,0.5845625400543213,0.41403961181640625,0.9892329573631287,0.9476333260536194,0.9827396869659424,0.8060221076011658,0.6759008169174194,0.9812057018280029,0.9806869029998779,0.9899449944496155
70,0.5984060168266296,0.04531329497694969,0.028862591832876205,0.025276584550738335,0.3736998438835144,0.12525373697280884,0.9470047950744629,0.8994364142417908,0.9605787396430969,0.963990330696106,0.9801358580589294,0.9666787981987,0.9355905055999756,0.975170373916626,0.978958785533905,0.9879212975502014,0.9720571637153625,0.9456900954246521,0.9785569310188293,0.9827231764793396,0.9898054599761963,0.5847592949867249,0.41436824202537537,0.9905328750610352,0.9487715363502502,0.9833944439888,0.8061971664428711,0.6763291954994202,0.9820681214332581,0.9813461303710938,0.9903454780578613
71,0.5997025966644287,0.0454261489212513,0.02929212525486946,0.025555606931447983,0.3739822804927826,0.12544642388820648,0.9466524720191956,0.8988555073738098,0.9610304832458496,0.9634989500045776,0.9801164269447327,0.9661304354667664,0.9346243143081665,0.9747202396392822,0.9788442850112915,0.9877743721008301,0.9719161987304688,0.9454460144042969,0.9791348576545715,0.982135534286499,0.9897979497909546,0.5841301083564758,0.4139282703399658,0.9899759888648987,0.948402464389801,0.9831483364105225,0.8055758476257324,0.6756439805030823,0.9821559190750122,0.9808988571166992,0.9902478456497192
72,0.598551332950592,0.04519253224134445,0.028947005048394203,0.025312531739473343,0.3738291561603546,0.12527020275592804,0.9466367959976196,0.898784339427948,0.9592257142066956,0.965640664100647,0.9802408218383789,0.9664629101753235,0.9352105855941772,0.9754427671432495,0.9788699746131897,0.9879677295684814,0.9720106720924377,0.9456188082695007,0.9783838987350464,0.9829434156417847,0.9898194670677185,0.5842090249061584,0.4138813614845276,0.9895347952842712,0.9499931931495667,0.9834991693496704,0.8057966232299805,0.6757597923278809,0.9817268252372742,0.9818538427352905,0.9903936386108398
73,0.5957844853401184,0.04460323974490166,0.028320683166384697,0.024836057797074318,0.3731616735458374,0.12486278265714645,0.9476420879364014,0.9005647301673889,0.9620853662490845,0.9637593030929565,0.9804552793502808,0.9674320816993713,0.9369916319847107,0.9752955436706543,0.9796253442764282,0.9881324172019958,0.9727554321289062,0.9470077753067017,0.9798179268836975,0.982169508934021,0.9899839758872986,0.5850164294242859,0.41459235548973083,0.9904950261116028,0.9491091370582581,0.9834828972816467,0.8068703413009644,0.6771665215492249,0.982751727104187,0.9808767437934875,0.9903959631919861
74,0.5942009687423706,0.04452658072113991,0.027840955182909966,0.024354655295610428,0.37294092774391174,0.12453793734312057,0.9479097723960876,0.901043713092804,0.9615190029144287,0.9642128944396973,0.980435311794281,0.9677000045776367,0.9374908208847046,0.9760501384735107,0.9796997308731079,0.9883472919464111,0.9730952978134155,0.9476561546325684,0.9796038866043091,0.9832636713981628,0.9902213215827942,0.5848689675331116,0.4144911468029022,0.9901842474937439,0.9517227411270142,0.9841610789299011,0.806835949420929,0.6771741509437561,0.982692301273346,0.9821882247924805,0.9907335042953491
75,0.596428394317627,0.044876180589199066,0.028400011360645294,0.024689385667443275,0.3736116886138916,0.12485111504793167,0.9474838376045227,0.9002846479415894,0.9601433277130127,0.965239942073822,0.9803653955459595,0.96745765209198,0.9370217323303223,0.97516930103302,0.9799779057502747,0.9881942868232727,0.9730279445648193,0.9475135803222656,0.9789518117904663,0.983057975769043,0.9899973273277283,0.5837265253067017,0.41358330845832825,0.9894328117370605,0.9509418606758118,0.9837477207183838,0.8058084845542908,0.6758677363395691,0.9819844961166382,0.9819307923316956,0.9904810190200806
76,0.5933545827865601,0.04434901103377342,0.027942243963479996,0.024134904146194458,0.3726229667663574,0.12430540472269058,0.9481027722358704,0.9014464020729065,0.9613312482833862,0.9650653600692749,0.9806199669837952,0.9676965475082397,0.9375247359275818,0.9751293659210205,0.9804397821426392,0.9883075952529907,0.9734001159667969,0.9482397437095642,0.979489266872406,0.9834522604942322,0.9902420043945312,0.5849223136901855,0.41460028290748596,0.9902268648147583,0.9522117972373962,0.9843127131462097,0.806893527507782,0.6773657202720642,0.9824656248092651,0.982416570186615,0.9907361268997192
77,0.5951609015464783,0.04472015053033829,0.0282448697835207,0.024746175855398178,0.3728814423084259,0.12456812709569931,0.9478086829185486,0.9009091258049011,0.9616330862045288,0.9639217257499695,0.9803848266601562,0.9673233032226562,0.9368222951889038,0.9759186506271362,0.9795207381248474,0.9882652759552002,0.9730681777000427,0.9476191997528076,0.9791889786720276,0.9833049774169922,0.9901247620582581,0.5843586921691895,0.41421401500701904,0.9898671507835388,0.9522044062614441,0.9842204451560974,0.806277871131897,0.6766393780708313,0.982467770576477,0.982008159160614,0.9906269311904907
78,0.5938625931739807,0.04477903991937637,0.027750175446271896,0.02434559166431427,0.37261590361595154,0.12437187880277634,0.947451114654541,0.9002609848976135,0.9608017206192017,0.9645200371742249,0.9803368449211121,0.9679127931594849,0.9379014372825623,0.9767069220542908,0.979141891002655,0.9883671402931213,0.9734193086624146,0.9482747316360474,0.9801161289215088,0.9826869964599609,0.990199863910675,0.5846883058547974,0.4144822955131531,0.9903683066368103,0.9509287476539612,0.9839779734611511,0.8066943883895874,0.6771485209465027,0.983263373374939,0.9815327525138855,0.9907050132751465
79,0.5907947421073914,0.04426100105047226,0.027065882459282875,0.023745745420455933,0.3718418776988983,0.12388021498918533,0.9483299255371094,0.9017901420593262,0.9618771076202393,0.964529275894165,0.980612576007843,0.9689381718635559,0.9397889375686646,0.976059079170227,0.9810783863067627,0.9887189269065857,0.9741724729537964,0.949675977230072,0.9797853231430054,0.9836212396621704,0.9903639554977417,0.5856313705444336,0.41510075330734253,0.9899486899375916,0.9538843035697937,0.9847238659858704,0.80794358253479,0.6785590648651123,0.9828490018844604,0.9827911257743835,0.9909359812736511
80,0.590777575969696,0.044179365038871765,0.02735678106546402,0.023468758910894394,0.3719025254249573,0.12387014180421829,0.9481322765350342,0.9014617204666138,0.9619328379631042,0.964273989200592,0.9805570840835571,0.9685138463973999,0.9390088319778442,0.9766795635223389,0.9797047972679138,0.9885112643241882,0.9742351174354553,0.9498052597045898,0.9803038239479065,0.9835970997810364,0.9904919862747192,0.5852842330932617,0.4149444103240967,0.9902594685554504,0.9531092047691345,0.9845792055130005,0.8075489401817322,0.6782039999961853,0.9833475351333618,0.9823644757270813,0.9909505844116211
81,0.5892390608787537,0.04391792044043541,0.02682429738342762,0.023084279149770737,0.37179654836654663,0.12361612170934677,0.9483516216278076,0.9018721580505371,0.9619033932685852,0.9647505283355713,0.9806795716285706,0.9688066244125366,0.9395790100097656,0.9772874712944031,0.9800323247909546,0.9887562394142151,0.9745219945907593,0.950352132320404,0.9807592034339905,0.9837098717689514,0.9906402826309204,0.5851615071296692,0.41485410928726196,0.9900344014167786,0.9541279077529907,0.9848152995109558,0.8076524138450623,0.6783847212791443,0.9835988879203796,0.9826171398162842,0.9910836219787598
82,0.5891270637512207,0.043973736464977264,0.026758378371596336,0.023182813078165054,0.37165191769599915,0.12356027215719223,0.9484171271324158,0.9019628763198853,0.9610025882720947,0.9655933380126953,0.980679988861084,0.9691293239593506,0.940159797668457,0.9769414663314819,0.980577290058136,0.9888129234313965,0.9744808673858643,0.9502752423286438,0.9806724786758423,0.9837536215782166,0.9906294345855713,0.5851836204528809,0.41487711668014526,0.9902889132499695,0.9543523788452148,0.9849435687065125,0.807653546333313,0.6783413290977478,0.9835331439971924,0.9828343987464905,0.9911249279975891
83,0.5975262522697449,0.046656377613544464,0.028814606368541718,0.02554907277226448,0.37188348174095154,0.12462257593870163,0.9460046291351318,0.8976865410804749,0.9596521854400635,0.9629903435707092,0.9796278476715088,0.9673857688903809,0.9369329214096069,0.9756052494049072,0.9787065982818604,0.9879658222198486,0.9730181097984314,0.947526752948761,0.9791669249534607,0.9825060963630676,0.9899054765701294,0.5851106643676758,0.4148522913455963,0.989302933216095,0.9533379077911377,0.984404981136322,0.8067105412483215,0.6771873235702515,0.9821296334266663,0.9812952280044556,0.990347683429718
84,0.5962260365486145,0.04616471752524376,0.0287129208445549,0.024993276223540306,0.3717426359653473,0.12461252510547638,0.9455723166465759,0.8968775868415833,0.9604809284210205,0.963154673576355,0.9798829555511475,0.9674104452133179,0.9369532465934753,0.9753612279891968,0.9791147112846375,0.988012433052063,0.9729090332984924,0.9473151564598083,0.9794524908065796,0.9823437333106995,0.9899359941482544,0.5849459767341614,0.4147658944129944,0.9897898435592651,0.9535959959030151,0.9846012592315674,0.8064147233963013,0.6767898797988892,0.9823142290115356,0.9811976552009583,0.9903692007064819
85,0.5928796529769897,0.045322440564632416,0.028029901906847954,0.024092184379696846,0.371358186006546,0.12407679855823517,0.9465621709823608,0.8986524343490601,0.9604751467704773,0.9643118381500244,0.9801971316337585,0.9677220582962036,0.9375559687614441,0.976459264755249,0.9790597558021545,0.9882811307907104,0.9736852049827576,0.9487904906272888,0.979920506477356,0.9832140207290649,0.9902901649475098,0.5851852297782898,0.4149959981441498,0.9903672337532043,0.9541662931442261,0.9849098920822144,0.806939959526062,0.6775193810462952,0.9829257726669312,0.9819188714027405,0.9907215237617493
86,0.5889557003974915,0.044058509171009064,0.027072470635175705,0.02352939173579216,0.3707514703273773,0.12354380637407303,0.9481868147850037,0.9015358090400696,0.9616804122924805,0.9649717211723328,0.9806832075119019,0.968877911567688,0.9396783709526062,0.9765523076057434,0.9802607297897339,0.9886274933815002,0.9743160009384155,0.9499515295028687,0.980293333530426,0.9835595488548279,0.9904792308807373,0.5860306024551392,0.4155219793319702,0.9904109239578247,0.9554766416549683,0.985296368598938,0.8082478642463684,0.678991436958313,0.9832307696342468,0.9824919700622559,0.990954577922821
87,0.5871835350990295,0.043889425694942474,0.027029769495129585,0.022829139605164528,0.3703002333641052,0.123135045170784,0.9484994411468506,0.9021032452583313,0.9617966413497925,0.9651835560798645,0.980770468711853,0.9689694046974182,0.9398579597473145,0.9766438603401184,0.9801869988441467,0.9886313676834106,0.9750555753707886,0.9513554573059082,0.9806277751922607,0.9843541979789734,0.9907782673835754,0.5862480401992798,0.4158092141151428,0.9909157156944275,0.9558768272399902,0.9855378866195679,0.8085349202156067,0.679482102394104,0.9837203621864319,0.983015239238739,0.9912220239639282
88,0.5863954424858093,0.04372364655137062,0.026367053389549255,0.021947361528873444,0.371247798204422,0.12310950458049774,0.9484288096427917,0.9019999504089355,0.9622283577919006,0.9653045535087585,0.9809132218360901,0.969166100025177,0.9402379989624023,0.9774526357650757,0.9806188344955444,0.9889562726020813,0.9751693606376648,0.9515866637229919,0.9817415475845337,0.9842860698699951,0.9910491704940796,0.5843551158905029,0.4144075810909271,0.9905328750610352,0.9558489322662354,0.9854335188865662,0.8070710897445679,0.6778310537338257,0.9843682050704956,0.9830030202865601,0.9913867115974426
89,0.5844464898109436,0.04318634420633316,0.02616572193801403,0.022464357316493988,0.3698509633541107,0.12277910858392715,0.9491438865661621,0.9032759666442871,0.9619359970092773,0.9658284783363342,0.9809814691543579,0.9697940349578857,0.9414080381393433,0.9775304198265076,0.9807196855545044,0.9890034198760986,0.9753063321113586,0.9518407583236694,0.9814460277557373,0.9838631749153137,0.9908594489097595,0.5865429043769836,0.4160778522491455,0.9907101392745972,0.9573461413383484,0.9859057068824768,0.8090462684631348,0.6802070140838623,0.9842178225517273,0.9831125140190125,0.9913771152496338
90,0.5825651288032532,0.04315817728638649,0.02557002194225788,0.021653451025485992,0.36977818608283997,0.1224052682518959,0.9492596983909607,0.903480052947998,0.9624371528625488,0.9655720591545105,0.9810391664505005,0.9701623320579529,0.9420948624610901,0.9777050018310547,0.981474757194519,0.989250898361206,0.9758694171905518,0.9529064297676086,0.9812761545181274,0.9849951863288879,0.9911177158355713,0.5862854719161987,0.41591206192970276,0.991047203540802,0.9578660726547241,0.9861389398574829,0.8090021014213562,0.6801968812942505,0.9842599034309387,0.9839235544204712,0.9916056990623474
91,0.5853713750839233,0.04357394203543663,0.026393666863441467,0.022399408742785454,0.37018898129463196,0.12281548231840134,0.9487658143043518,0.902600109577179,0.9619633555412292,0.9653029441833496,0.9808453917503357,0.9697886109352112,0.9414181113243103,0.9779369235038757,0.9805610179901123,0.989065945148468,0.9755607843399048,0.95233154296875,0.9816842079162598,0.9839152693748474,0.9909351468086243,0.5855981707572937,0.41541191935539246,0.990505039691925,0.9565117359161377,0.9856159687042236,0.8082917928695679,0.6793614029884338,0.9844218492507935,0.9828052520751953,0.9913474321365356
92,0.5831642746925354,0.04283494874835014,0.025500429794192314,0.02191437967121601,0.3703547716140747,0.12255983054637909,0.9492534399032593,0.9035186171531677,0.9630892276763916,0.9653858542442322,0.9811542630195618,0.9702239036560059,0.9422333240509033,0.9777576327323914,0.9815752506256104,0.9892913699150085,0.9756740927696228,0.9525485038757324,0.9816069006919861,0.9844334125518799,0.9910536408424377,0.5846897959709167,0.41482940316200256,0.9903125762939453,0.9588851928710938,0.986243486404419,0.8075308799743652,0.6786164045333862,0.9843419194221497,0.9835898876190186,0.9915374517440796
93,0.582423746585846,0.04308939352631569,0.02584896981716156,0.021711841225624084,0.3695153594017029,0.1222582459449768,0.9494162797927856,0.903764545917511,0.961780846118927,0.9663007855415344,0.981070339679718,0.9701776504516602,0.942143440246582,0.9773589968681335,0.9813646674156189,0.9891318678855896,0.9762182235717773,0.9535794258117676,0.9817404747009277,0.9849554300308228,0.9912277460098267,0.5861609578132629,0.4158710241317749,0.9908636808395386,0.957931637763977,0.9861112833023071,0.8089807629585266,0.6802372932434082,0.9844828844070435,0.9839359521865845,0.9916669130325317
94,0.5805772542953491,0.04270352050662041,0.02540591172873974,0.021281016990542412,0.36918601393699646,0.12200073897838593,0.9498080611228943,0.9045113325119019,0.9628757238388062,0.965778648853302,0.981207013130188,0.9704886674880981,0.9427315592765808,0.9786326289176941,0.9808903336524963,0.989334225654602,0.9762995839118958,0.9537428021430969,0.982265830039978,0.9848719239234924,0.9913418889045715,0.58624267578125,0.4160277247428894,0.99156254529953,0.95878666639328,0.9865310788154602,0.8090965747833252,0.6805139183998108,0.9851054549217224,0.9838674068450928,0.9918100237846375
95,0.5809913277626038,0.042430102825164795,0.025622118264436722,0.02158309891819954,0.3692481219768524,0.12210788577795029,0.949846625328064,0.904586911201477,0.9624345302581787,0.9662882089614868,0.9812333583831787,0.9703829884529114,0.9425531029701233,0.977770209312439,0.981471836566925,0.9892669916152954,0.9762063026428223,0.9535843729972839,0.9819613695144653,0.9848979711532593,0.9912697672843933,0.5861383080482483,0.4159441590309143,0.9909209609031677,0.9589055180549622,0.9864028692245483,0.8089986443519592,0.6804250478744507,0.9846048355102539,0.9838500022888184,0.9916754961013794
96,0.5801669955253601,0.042557839304208755,0.025267919525504112,0.02137206308543682,0.36900654435157776,0.1219625249505043,0.9498850703239441,0.9046432971954346,0.9631296992301941,0.9657476544380188,0.9812631607055664,0.9707416892051697,0.9432051777839661,0.978689432144165,0.9808728098869324,0.9893442392349243,0.9763438105583191,0.9538272619247437,0.9822537302970886,0.9847211837768555,0.991298496723175,0.5863134860992432,0.4160500466823578,0.9912212491035461,0.9591013789176941,0.9865344166755676,0.809283435344696,0.6806966662406921,0.9850161075592041,0.9838168621063232,0.9917733073234558
97,0.5802249312400818,0.04248083010315895,0.025152569636702538,0.021347226575016975,0.36926886439323425,0.12197546660900116,0.9498327374458313,0.9045475125312805,0.9625791311264038,0.9662206768989563,0.9812517762184143,0.9708583354949951,0.9434317350387573,0.9783707857131958,0.9815881252288818,0.9894535541534424,0.976554811000824,0.9542298913002014,0.9820486307144165,0.9850556254386902,0.9913345575332642,0.5856117010116577,0.41551923751831055,0.9904703497886658,0.960122287273407,0.9866344332695007,0.8087788820266724,0.6801048517227173,0.9845990538597107,0.9841240048408508,0.9917474985122681
98,0.5792399048805237,0.04221329092979431,0.025065960362553596,0.021024560555815697,0.3691151738166809,0.1218208596110344,0.9502173066139221,0.9052218794822693,0.9628110527992249,0.9661413431167603,0.981289267539978,0.9710806012153625,0.9438390731811523,0.9781204462051392,0.9819586873054504,0.9894879460334778,0.9767560362815857,0.9546035528182983,0.9823547005653381,0.9851007461547852,0.9914261102676392,0.5858259797096252,0.41561633348464966,0.9906575083732605,0.9595988988876343,0.9865332841873169,0.809120774269104,0.6804614663124084,0.9850050210952759,0.9841505885124207,0.9918599724769592
99,0.5767156481742859,0.042211711406707764,0.024199150502681732,0.02024122141301632,0.36866530776023865,0.12139833718538284,0.9501003623008728,0.905025064945221,0.963843822479248,0.9652900099754333,0.9813200235366821,0.9716049432754517,0.9448274374008179,0.979630708694458,0.9815456867218018,0.9897682666778564,0.9771929383277893,0.9554411172866821,0.9829300045967102,0.9854173064231873,0.9916601181030273,0.5860435962677002,0.4159086048603058,0.9914090037345886,0.960272490978241,0.986914336681366,0.8094390034675598,0.6809853911399841,0.985751211643219,0.9843944907188416,0.9921191334724426
100,0.577858567237854,0.04246462136507034,0.0246783047914505,0.0209051501005888,0.3683214783668518,0.12148907035589218,0.9500606060028076,0.9049656987190247,0.9627000689506531,0.9659566283226013,0.9812107682228088,0.9714320302009583,0.944508969783783,0.9786868095397949,0.9818565249443054,0.9896072149276733,0.9771444797515869,0.9553465247154236,0.9822673797607422,0.9854767918586731,0.9915037751197815,0.5865996479988098,0.4163453280925751,0.9908126592636108,0.9606005549430847,0.9868565201759338,0.8097626566886902,0.6814014911651611,0.985063910484314,0.9844427108764648,0.9919536113739014
101,0.5757936239242554,0.04193541407585144,0.02428075671195984,0.020312059670686722,0.36803558468818665,0.12122989445924759,0.9505162835121155,0.9057630300521851,0.9639695286750793,0.9655246734619141,0.9814160466194153,0.9717429876327515,0.9450922608375549,0.9795166254043579,0.9816076755523682,0.989755392074585,0.9773901104927063,0.955819845199585,0.9832728505134583,0.9851030707359314,0.991665244102478,0.586913526058197,0.41660603880882263,0.9914252758026123,0.9602510929107666,0.9869123697280884,0.8102471828460693,0.6820359230041504,0.9858480095863342,0.984093189239502,0.9920633435249329
102,0.5766956806182861,0.04197444021701813,0.02455543540418148,0.02104795351624489,0.3677751123905182,0.12134286761283875,0.9504691362380981,0.9056907892227173,0.9634026288986206,0.9663224816322327,0.9814891219139099,0.9715479612350464,0.9447356462478638,0.9794061779975891,0.9813708662986755,0.989663302898407,0.9769932627677917,0.9550721645355225,0.9825887084007263,0.9850471019744873,0.9914725422859192,0.5873371958732605,0.41694191098213196,0.9912523031234741,0.9601432085037231,0.9868380427360535,0.8104532361030579,0.6822752356529236,0.985408365726471,0.983985960483551,0.9919204711914062
103,0.577094554901123,0.0422910638153553,0.024475721642374992,0.021027065813541412,0.36792048811912537,0.12138022482395172,0.9503734707832336,0.9054872393608093,0.9632585644721985,0.965552568435669,0.9812427759170532,0.9720310568809509,0.94561767578125,0.978947639465332,0.9820176959037781,0.989717960357666,0.9772287607192993,0.9555003046989441,0.9825292825698853,0.9849205613136292,0.9914233088493347,0.5868385434150696,0.4164944589138031,0.9908605217933655,0.9613144397735596,0.9870706796646118,0.8101727366447449,0.6818225979804993,0.9852448105812073,0.9840763211250305,0.9919022917747498
104,0.576042652130127,0.0417964793741703,0.024635741487145424,0.02101503312587738,0.36741170287132263,0.12118390947580338,0.9508479237556458,0.9063716530799866,0.9632396101951599,0.966352641582489,0.9814558625221252,0.9717058539390564,0.9450209736824036,0.9786195158958435,0.9818739295005798,0.9895944595336914,0.9771953821182251,0.9554532170295715,0.9822321534156799,0.9854658842086792,0.9914916753768921,0.587424099445343,0.41699570417404175,0.9908279180526733,0.9617882370948792,0.9871963262557983,0.8105667233467102,0.6823894381523132,0.9849729537963867,0.9845660328865051,0.9919630289077759
105,0.575851559638977,0.04206511378288269,0.02466130442917347,0.02060961350798607,0.3673541247844696,0.12116139382123947,0.9504594802856445,0.9056792259216309,0.9635114669799805,0.9658335447311401,0.981383740901947,0.9715560078620911,0.9447560906410217,0.9794056415557861,0.9811423420906067,0.9896018505096436,0.9773207902908325,0.9556893110275269,0.9829520583152771,0.9852337837219238,0.9916168451309204,0.5872883796691895,0.41691723465919495,0.9911834001541138,0.9617400765419006,0.9872727990150452,0.8104875087738037,0.682305097579956,0.9856192469596863,0.9842967391014099,0.9920586347579956
106,0.5777669548988342,0.04193764552474022,0.025029068812727928,0.021352622658014297,0.3678940236568451,0.12155354768037796,0.9504876732826233,0.9057585000991821,0.9636502861976624,0.9660618305206299,0.9814812541007996,0.9711655378341675,0.9440476298332214,0.9785032868385315,0.981425940990448,0.989444375038147,0.9765432476997375,0.9542641639709473,0.982467770576477,0.9845371246337891,0.991304874420166,0.5863024592399597,0.4162777364253998,0.9909372925758362,0.9606204628944397,0.9868936538696289,0.8092864751815796,0.6809905767440796,0.9850649833679199,0.9837592840194702,0.9917705059051514
107,0.5706108808517456,0.04131976515054703,0.023560207337141037,0.01940121129155159,0.36602091789245605,0.1203087568283081,0.9512357115745544,0.9070460200309753,0.9644927382469177,0.9656962752342224,0.9815959334373474,0.9728080034255981,0.947088360786438,0.9793157577514648,0.9828245043754578,0.9900292158126831,0.9783885478973389,0.9577157497406006,0.9835063219070435,0.9861895442008972,0.9920160174369812,0.5888921022415161,0.4182043969631195,0.9917386770248413,0.9635123610496521,0.9879137873649597,0.8122683167457581,0.6845642328262329,0.9860730767250061,0.985266387462616,0.9924364686012268
108,0.570984423160553,0.04113719239830971,0.023580193519592285,0.01948961429297924,0.36641234159469604,0.12036508321762085,0.9515257477760315,0.907588005065918,0.963556170463562,0.9669222235679626,0.9816914200782776,0.9726859331130981,0.9468666911125183,0.9798741936683655,0.982231616973877,0.9900152087211609,0.9783567786216736,0.9576562643051147,0.9833722114562988,0.9861851334571838,0.9919799566268921,0.5880098342895508,0.4175686240196228,0.9917565584182739,0.9635794758796692,0.9879372119903564,0.8115015029907227,0.6836947798728943,0.9859852194786072,0.9852008819580078,0.9923961162567139
109,0.5707546472549438,0.041128627955913544,0.023695161566138268,0.01930888555943966,0.36634621024131775,0.12027575820684433,0.951336681842804,0.9072517156600952,0.96369868516922,0.9669198393821716,0.9817270636558533,0.9726040959358215,0.9467145204544067,0.9796727895736694,0.9822046756744385,0.9899558424949646,0.9784661531448364,0.9578723311424255,0.9837293028831482,0.986225426197052,0.9920836091041565,0.5880600214004517,0.41760846972465515,0.9914904832839966,0.9629799723625183,0.9877007007598877,0.811587929725647,0.6838241815567017,0.9862492084503174,0.9851804375648499,0.992459237575531
110,0.5713717937469482,0.041110772639513016,0.023566989228129387,0.019755544140934944,0.36652570962905884,0.12041263282299042,0.9515310525894165,0.9076148271560669,0.9641919136047363,0.9664438366889954,0.9817231893539429,0.9726812243461609,0.9468634724617004,0.979520320892334,0.9825698137283325,0.9900140762329102,0.97820645570755,0.9573786854743958,0.9836225509643555,0.9855977296829224,0.9918882846832275,0.5874592065811157,0.4172239601612091,0.9916640520095825,0.9629690051078796,0.9877416491508484,0.8109756708145142,0.6831465363502502,0.9860635995864868,0.9847844839096069,0.9923048615455627
111,0.5701566934585571,0.041013605892658234,0.023485053330659866,0.01944723352789879,0.36601147055625916,0.12019942700862885,0.9516836404800415,0.9078676104545593,0.9642776846885681,0.9664936065673828,0.9817585349082947,0.9729236960411072,0.9473129510879517,0.9804573655128479,0.9818814396858215,0.9900723695755005,0.9786063432693481,0.9581376314163208,0.9838365912437439,0.9858719706535339,0.9920171499252319,0.5883148908615112,0.4177905321121216,0.9913501143455505,0.9636379480361938,0.987850546836853,0.8119925260543823,0.684297502040863,0.9863244295120239,0.9849213361740112,0.9924092888832092
112,0.5702428221702576,0.04110817611217499,0.02320140041410923,0.01936362311244011,0.3663600981235504,0.12020958214998245,0.9515740871429443,0.9076924324035645,0.9636792540550232,0.9669074416160583,0.9817187190055847,0.9731162786483765,0.9476771950721741,0.9794998168945312,0.9830865263938904,0.9901469945907593,0.9785477519035339,0.9580240845680237,0.9838045239448547,0.9860065579414368,0.9920447468757629,0.5872180461883545,0.4170750081539154,0.9911981225013733,0.9641180634498596,0.9879471063613892,0.8108913898468018,0.6830759644508362,0.9861219525337219,0.9853017926216125,0.992458701133728
113,0.5702710151672363,0.04082142561674118,0.023267226293683052,0.019311945885419846,0.3666408956050873,0.12022950500249863,0.9515007138252258,0.9075568914413452,0.9647351503372192,0.9662946462631226,0.981820821762085,0.9729480147361755,0.9473624229431152,0.9801918268203735,0.9826748371124268,0.9902161955833435,0.9786075353622437,0.9581420421600342,0.9838328957557678,0.9863048195838928,0.9921317100524902,0.5866067409515381,0.41658079624176025,0.9914641976356506,0.9637218117713928,0.9879031181335449,0.8104358911514282,0.6825049519538879,0.9863496422767639,0.9852906465530396,0.9925148487091064
114,0.5684179067611694,0.04063045233488083,0.02315320260822773,0.018888598307967186,0.3658583164215088,0.11988725513219833,0.9518535137176514,0.9081953167915344,0.9642287492752075,0.9669078588485718,0.9818588495254517,0.9731085300445557,0.9476737380027771,0.9805404543876648,0.9821032285690308,0.9901533722877502,0.9790005087852478,0.9588965773582458,0.9841037392616272,0.9863371253013611,0.9922108054161072,0.587691068649292,0.41744378209114075,0.9916656017303467,0.9645066857337952,0.9881751537322998,0.811488151550293,0.6838354468345642,0.9866026043891907,0.9854133725166321,0.9926134943962097
115,0.5668003559112549,0.04033127427101135,0.022302471101284027,0.01844416931271553,0.36602023243904114,0.11970221996307373,0.951914370059967,0.9083256721496582,0.964699387550354,0.9668622612953186,0.9819663166999817,0.9734874367713928,0.9484025239944458,0.9807418584823608,0.9833123087882996,0.9905294179916382,0.9791300892829895,0.9591535925865173,0.9841768145561218,0.9868025779724121,0.9923539757728577,0.5870855450630188,0.41702982783317566,0.9919090867042542,0.9647573232650757,0.9883074760437012,0.8110238313674927,0.6833564639091492,0.9867335557937622,0.9859402775764465,0.9927886724472046
116,0.5672886371612549,0.0404055193066597,0.022668732330203056,0.01876804046332836,0.3657211661338806,0.11972516775131226,0.9522473216056824,0.9089002013206482,0.9645358324050903,0.9668395519256592,0.981918454170227,0.9737290143966675,0.9488346576690674,0.9810384511947632,0.9825963377952576,0.990414559841156,0.9792858958244324,0.9594378471374512,0.984866201877594,0.985883891582489,0.9922880530357361,0.5876826047897339,0.41738468408584595,0.9919191002845764,0.9641141891479492,0.9881290793418884,0.8118014931678772,0.6841694712638855,0.9871163964271545,0.9850448966026306,0.992648184299469
117,0.5649131536483765,0.04032879322767258,0.02221001870930195,0.018134698271751404,0.36492934823036194,0.11931025236845016,0.9523558020591736,0.9090954661369324,0.9648019671440125,0.9669839143753052,0.9820255637168884,0.974044680595398,0.9494344592094421,0.9804731607437134,0.9834644794464111,0.9905004501342773,0.9797349572181702,0.9602971076965332,0.9843871593475342,0.9870202541351318,0.9924667477607727,0.588688850402832,0.4182125926017761,0.9919432401657104,0.9656969308853149,0.988580048084259,0.8127095103263855,0.685346782207489,0.9868645071983337,0.9860747456550598,0.9928587675094604
118,0.565928041934967,0.04042420536279678,0.022382723167538643,0.018557189032435417,0.36512839794158936,0.11943555623292923,0.9521616697311401,0.9087499976158142,0.9645337462425232,0.9667564034461975,0.9818953275680542,0.9738406538963318,0.9490580558776855,0.9813324213027954,0.9826381802558899,0.9905019402503967,0.9794355630874634,0.9597311019897461,0.984381377696991,0.9866528511047363,0.9923672676086426,0.5881649851799011,0.417807012796402,0.9919742941856384,0.9654093384742737,0.9885072112083435,0.8121756911277771,0.6846882700920105,0.9870269894599915,0.9857471585273743,0.992813229560852
119,0.5663250088691711,0.04049932211637497,0.02270570956170559,0.018930833786725998,0.3646935820579529,0.11949566751718521,0.9524615406990051,0.9092798233032227,0.9642676711082458,0.96669602394104,0.9818111062049866,0.9741315841674805,0.9495912790298462,0.9809296131134033,0.9826886653900146,0.990411102771759,0.9794212579727173,0.9596899151802063,0.9843361377716064,0.98604416847229,0.9921930432319641,0.5889484286308289,0.4184032082557678,0.9916803240776062,0.9652383327484131,0.9883844256401062,0.8129069805145264,0.6855568885803223,0.9866357445716858,0.9851323962211609,0.992546796798706
120,0.5632261633872986,0.04004928469657898,0.021775895729660988,0.01777850277721882,0.36460259556770325,0.11901988089084625,0.9524838328361511,0.9093471169471741,0.964583158493042,0.9675790667533875,0.9821316599845886,0.9743770360946655,0.950078010559082,0.9815675020217896,0.9831733107566833,0.9907062649726868,0.9799115061759949,0.9606443643569946,0.9851880669593811,0.9868216514587402,0.9926222562789917,0.5883560180664062,0.41813308000564575,0.9923897385597229,0.9662611484527588,0.9888519048690796,0.8123757243156433,0.6851756572723389,0.9875155091285706,0.9860092401504517,0.9930105209350586
121,0.5645442008972168,0.04011968523263931,0.022490117698907852,0.01862090267241001,0.3641812801361084,0.11913210153579712,0.9528037309646606,0.9099019765853882,0.9643770456314087,0.9676132202148438,0.9820883870124817,0.9743643403053284,0.9500352144241333,0.9804079532623291,0.9834187626838684,0.9904713034629822,0.9799299240112305,0.9606699347496033,0.9842488765716553,0.987006425857544,0.9924270510673523,0.5893486738204956,0.4187282621860504,0.9918097257614136,0.9662806987762451,0.9887097477912903,0.81340491771698,0.6862013339996338,0.9865978956222534,0.9862312078475952,0.992831289768219
122,0.5644083619117737,0.040232155472040176,0.022166229784488678,0.017909513786435127,0.3649410307407379,0.11915942281484604,0.9522809386253357,0.908983588218689,0.9647351503372192,0.9671632051467896,0.9820573329925537,0.9740958213806152,0.9495412111282349,0.9811841249465942,0.9830870628356934,0.9905837774276733,0.9799187183380127,0.9606547951698303,0.9851475358009338,0.9868117570877075,0.9926090836524963,0.5875002145767212,0.41743889451026917,0.9918144345283508,0.966404139995575,0.9887455105781555,0.8116987347602844,0.6842795014381409,0.9873351454734802,0.9860906004905701,0.9929853677749634
123,0.5646092891693115,0.04041342809796333,0.022283583879470825,0.018659546971321106,0.3641139268875122,0.119138702750206,0.9523319602012634,0.9090577363967896,0.9645600318908691,0.9670829772949219,0.9819908738136292,0.9743015766143799,0.9499387741088867,0.9807513356208801,0.9834369421005249,0.9905652403831482,0.9797328114509583,0.9603109955787659,0.984581708908081,0.9864980578422546,0.9923781156539917,0.5891230702400208,0.4186110496520996,0.9919154047966003,0.9662188291549683,0.9887193441390991,0.8131184577941895,0.6859109997749329,0.9867787957191467,0.9857664108276367,0.9927538633346558
124,0.5656595230102539,0.040840040892362595,0.022596566006541252,0.01857471466064453,0.36431220173835754,0.11933587491512299,0.9517568945884705,0.9080237746238708,0.9651932120323181,0.9656903147697449,0.9817725419998169,0.9739169478416443,0.9492006897926331,0.9809969067573547,0.9824010729789734,0.9903514385223389,0.9795925617218018,0.9600284099578857,0.984749972820282,0.9861818552017212,0.9923374652862549,0.5885375142097473,0.41822725534439087,0.9917691946029663,0.9659562110900879,0.9886084794998169,0.8124138712882996,0.6851052045822144,0.9870191216468811,0.9853516817092896,0.9927051663398743
125,0.5669552087783813,0.04078301414847374,0.023129239678382874,0.019416168332099915,0.36412590742111206,0.11950089782476425,0.9517579674720764,0.908004641532898,0.963840126991272,0.9672189354896545,0.981844425201416,0.9737602472305298,0.9488969445228577,0.980004072189331,0.9826954007148743,0.9901730418205261,0.9792290329933167,0.9593331217765808,0.9838066101074219,0.9862405061721802,0.9921077489852905,0.5888651013374329,0.41836076974868774,0.9913432598114014,0.9666687250137329,0.9886996150016785,0.8126270174980164,0.6851851940155029,0.9861403703689575,0.9855578541755676,0.9925320744514465
126,0.5648412704467773,0.04054538533091545,0.022804105654358864,0.018892142921686172,0.3634149134159088,0.11918458342552185,0.9522136449813843,0.9088441729545593,0.9648182392120361,0.9666318893432617,0.9819338917732239,0.9738953113555908,0.9491649270057678,0.9806682467460632,0.982600748538971,0.9903198480606079,0.9794932007789612,0.9598459005355835,0.9843098521232605,0.9863259196281433,0.9922614097595215,0.5899754762649536,0.41926828026771545,0.9914789199829102,0.9667043089866638,0.9887441396713257,0.8137021660804749,0.6866002082824707,0.9866819977760315,0.985406756401062,0.9926323890686035
127,0.5618886351585388,0.03999684005975723,0.021760299801826477,0.01792740821838379,0.3634289503097534,0.11877520382404327,0.9525828957557678,0.9095196723937988,0.96441650390625,0.9675328135490417,0.9820765852928162,0.9744124412536621,0.9501429200172424,0.9814654588699341,0.9832881689071655,0.9907106161117554,0.9798188209533691,0.960467517375946,0.9850728511810303,0.9868112802505493,0.9925894737243652,0.5893478393554688,0.418928861618042,0.9923045039176941,0.96686190366745,0.988998532295227,0.8131996393203735,0.6861517429351807,0.9874797463417053,0.9859833717346191,0.9929942488670349
128,0.5649774670600891,0.040311265736818314,0.022513682022690773,0.01854293793439865,0.3643830120563507,0.11922651529312134,0.9519297480583191,0.908388614654541,0.9658384323120117,0.965951681137085,0.9820080995559692,0.9736658334732056,0.9487719535827637,0.9804647564888,0.9834124445915222,0.990484356880188,0.9795162677764893,0.959915041923523,0.9848036170005798,0.9865322113037109,0.9924449324607849,0.5874748826026917,0.4175536632537842,0.9915814995765686,0.9662578701972961,0.9886452555656433,0.8113323450088501,0.6839964985847473,0.9870380163192749,0.9857975244522095,0.9928296208381653
129,0.5633490085601807,0.04011011868715286,0.022110465914011,0.018229547888040543,0.3639385998249054,0.11896023154258728,0.9523919820785522,0.909186601638794,0.9643518328666687,0.9672602415084839,0.9819860458374023,0.974384605884552,0.9500938653945923,0.9815827012062073,0.9830524325370789,0.9906778335571289,0.9798359870910645,0.960503339767456,0.9847910404205322,0.9867826104164124,0.9925084710121155,0.5881279110908508,0.4179666042327881,0.9917261004447937,0.9672279953956604,0.9889535903930664,0.8122260570526123,0.6849361658096313,0.9871600270271301,0.9859835505485535,0.992911159992218
130,0.5613534450531006,0.039920561015605927,0.021808234974741936,0.017710676416754723,0.3632940948009491,0.11861994117498398,0.9528529644012451,0.9100033640861511,0.9647735357284546,0.96698397397995,0.9820183515548706,0.9746723771095276,0.950619637966156,0.9811320900917053,0.983564019203186,0.990697979927063,0.9803780317306519,0.9615271687507629,0.984840452671051,0.9871816635131836,0.9926277995109558,0.5889098644256592,0.41859322786331177,0.991847574710846,0.9680445194244385,0.9892127513885498,0.8130691647529602,0.6859841346740723,0.9871615767478943,0.9864441752433777,0.9930348992347717
131,0.5633259415626526,0.04009571671485901,0.02242644876241684,0.018477555364370346,0.3633982241153717,0.11892791092395782,0.9524539709091187,0.9092826247215271,0.9648613929748535,0.9668411612510681,0.9820018410682678,0.9742501974105835,0.9498317837715149,0.9811304807662964,0.9827211499214172,0.9904718399047852,0.9798371195793152,0.9605021476745605,0.9847441911697388,0.9864856600761414,0.9924170970916748,0.5888345241546631,0.41853007674217224,0.9918196797370911,0.9669874906539917,0.9889101982116699,0.8127991557121277,0.685641348361969,0.9871174097061157,0.9855848550796509,0.9927932620048523
132,0.5601630210876465,0.03976302966475487,0.02138463221490383,0.017653152346611023,0.3629154562950134,0.11844675987958908,0.9526577591896057,0.909647524356842,0.9651642441749573,0.9671895503997803,0.9821738600730896,0.9750521779060364,0.951353132724762,0.9817520380020142,0.9836359024047852,0.9908780455589294,0.9804820418357849,0.9617343544960022,0.9852443337440491,0.9871525168418884,0.9927251935005188,0.5891087055206299,0.41881856322288513,0.9919174909591675,0.9685447812080383,0.9893701672554016,0.8132334351539612,0.6862899661064148,0.9874881505966187,0.9863936901092529,0.9931063652038574
133,0.5599266290664673,0.039567574858665466,0.021510742604732513,0.017452748492360115,0.36302509903907776,0.11837036907672882,0.9527977705001831,0.9099269509315491,0.9651216864585876,0.9677333235740662,0.9823108911514282,0.9748281836509705,0.9509562849998474,0.9815690517425537,0.9839263558387756,0.9909082651138306,0.9804466962814331,0.9616851210594177,0.9851911664009094,0.9875556230545044,0.9928187727928162,0.5888258218765259,0.4186187982559204,0.9916950464248657,0.9683310389518738,0.9892538189888,0.8129775524139404,0.686039924621582,0.9874997138977051,0.9868422150611877,0.9932293891906738
134,0.5616089701652527,0.040079109370708466,0.021654006093740463,0.01798393577337265,0.36322829127311707,0.11866354197263718,0.9521922469139099,0.9088424444198608,0.9656307101249695,0.966460645198822,0.9820941090583801,0.9744099974632263,0.950188934803009,0.9822952747344971,0.983029305934906,0.9908563494682312,0.9799481630325317,0.9607419371604919,0.985356867313385,0.9866222739219666,0.9926129579544067,0.5883289575576782,0.4183166027069092,0.9918906688690186,0.9670795202255249,0.9889540076255798,0.8122326135635376,0.6852279901504517,0.9876601099967957,0.9858171939849854,0.9929966330528259
135,0.5598070025444031,0.03977955877780914,0.02167455479502678,0.017481522634625435,0.36255204677581787,0.1183193176984787,0.9529430866241455,0.9101701974868774,0.9662144184112549,0.9664232730865479,0.9822325110435486,0.9748925566673279,0.9510549902915955,0.9817126393318176,0.9834305644035339,0.9908128380775452,0.9805805087089539,0.9619293808937073,0.9854304790496826,0.9871019124984741,0.9927601218223572,0.5893536806106567,0.41899487376213074,0.9918854236602783,0.9682320356369019,0.9892747402191162,0.8135631084442139,0.6866874694824219,0.9876958727836609,0.9861888289451599,0.9931055307388306
136,0.5574257969856262,0.0394776314496994,0.021216103807091713,0.017040973529219627,0.361787348985672,0.11790373176336288,0.9533458352088928,0.910891592502594,0.9652605056762695,0.9674944877624512,0.9822813272476196,0.975559651851654,0.9523069262504578,0.9818472266197205,0.9838483929634094,0.9909595847129822,0.9810671210289001,0.9628555774688721,0.9856513142585754,0.9875587821006775,0.9929394721984863,0.590399980545044,0.41979098320007324,0.9924296736717224,0.9689448475837708,0.9896125197410583,0.8146716952323914,0.6880199313163757,0.9878467917442322,0.9868084192276001,0.9933106899261475
137,0.5582417845726013,0.03929116949439049,0.021189535036683083,0.01738256961107254,0.362262487411499,0.11811599880456924,0.9531844854354858,0.9106135368347168,0.9647787809371948,0.9679151773452759,0.9822729229927063,0.9753710627555847,0.9519559144973755,0.981918215751648,0.9837915301322937,0.9909628033638,0.9807710647583008,0.9622910022735596,0.9849677085876465,0.9876741766929626,0.9927921891212463,0.5894310474395752,0.41907140612602234,0.9916219711303711,0.9694279432296753,0.9895408153533936,0.8137066960334778,0.6868749260902405,0.9873025417327881,0.9868966937065125,0.9931926131248474
138,0.5568161606788635,0.03931909427046776,0.021092334762215614,0.017096683382987976,0.3614875376224518,0.11782047152519226,0.953562319278717,0.9112840294837952,0.9659199118614197,0.9669063091278076,0.9822892546653748,0.9756287932395935,0.9524388313293457,0.9821617007255554,0.9838094711303711,0.991030752658844,0.9811698794364929,0.9630506634712219,0.9860867261886597,0.9872168898582458,0.9929617047309875,0.5906241536140442,0.4199793338775635,0.9922677278518677,0.969046950340271,0.9895995855331421,0.8149628639221191,0.6884031891822815,0.988244891166687,0.9864873290061951,0.9933282732963562
139,0.5557871460914612,0.03938557952642441,0.020589804276823997,0.016521086916327477,0.36170563101768494,0.11758505553007126,0.953377366065979,0.9109567999839783,0.96426922082901,0.9683322310447693,0.9822561144828796,0.9759716391563416,0.9530943632125854,0.9819403290748596,0.9849755764007568,0.9912850260734558,0.9815248250961304,0.9637377858161926,0.9856287240982056,0.9883917570114136,0.9931554794311523,0.5898336172103882,0.41938096284866333,0.9921326041221619,0.9703236818313599,0.989920437335968,0.8143596053123474,0.6876894235610962,0.9879030585289001,0.9877758026123047,0.9935839772224426
140,0.5592941045761108,0.03943860903382301,0.02162799797952175,0.01788586936891079,0.3621242642402649,0.11821740865707397,0.9532514214515686,0.9107488989830017,0.965412974357605,0.9673669338226318,0.9822854995727539,0.9751170873641968,0.9515070915222168,0.981807291507721,0.983336865901947,0.9908122420310974,0.9805241227149963,0.9618497490882874,0.9853742122650146,0.9869930148124695,0.9927164316177368,0.5892336964607239,0.41897574067115784,0.9918959140777588,0.9690237641334534,0.9894981980323792,0.8134732246398926,0.6866695284843445,0.9875969886779785,0.9862812161445618,0.9931045770645142
141,0.5572412610054016,0.03919561952352524,0.021184638142585754,0.017426174134016037,0.36155760288238525,0.11787711083889008,0.9532263875007629,0.9107069969177246,0.9657117128372192,0.9674913287162781,0.9823955297470093,0.9753231406211853,0.9518975615501404,0.9824409484863281,0.9835839867591858,0.9910427927970886,0.9807776808738708,0.9623251557350159,0.98598313331604,0.9870908260345459,0.9929010272026062,0.5898522138595581,0.419559121131897,0.992449164390564,0.9687907695770264,0.9895744919776917,0.8139225244522095,0.6873778700828552,0.9881460070610046,0.9863912463188171,0.993276834487915
142,0.5573403835296631,0.03947847709059715,0.020986376330256462,0.01696699671447277,0.36202797293663025,0.11788048595190048,0.9530952572822571,0.9104687571525574,0.9658362865447998,0.9666990041732788,0.9822114706039429,0.9755604863166809,0.9523287415504456,0.9825924038887024,0.9837636351585388,0.9911302328109741,0.9810675382614136,0.9628693461418152,0.9855424761772156,0.9878124594688416,0.9929787516593933,0.5888526439666748,0.41869479417800903,0.9918649196624756,0.9695847034454346,0.9896464943885803,0.8133531212806702,0.6865251064300537,0.9878305196762085,0.986956000328064,0.9933459162712097
143,0.5544682741165161,0.038780875504016876,0.020288581028580666,0.016368921846151352,0.361551970243454,0.1174779161810875,0.9537783265113831,0.9116895794868469,0.9654008746147156,0.9682588577270508,0.9825249314308167,0.9762822389602661,0.9536892175674438,0.9823357462882996,0.9848397374153137,0.9913514852523804,0.9815136790275574,0.963720977306366,0.9860110282897949,0.9879680871963501,0.993142306804657,0.5892808437347412,0.4190821945667267,0.9922745823860168,0.9705044627189636,0.9900070428848267,0.8138914704322815,0.6872751116752625,0.9881828427314758,0.987337052822113,0.993539571762085
144,0.5545102953910828,0.03899005800485611,0.02049071528017521,0.01663995534181595,0.3609858751296997,0.1174037754535675,0.9537922739982605,0.9117116332054138,0.9664011001586914,0.9671726226806641,0.9824844598770142,0.9762014150619507,0.9535335898399353,0.9823457598686218,0.9845020174980164,0.9912638068199158,0.9815325140953064,0.963754415512085,0.9859210848808289,0.9880378246307373,0.9931374192237854,0.5901296734809875,0.41972556710243225,0.9923502802848816,0.9705785512924194,0.9900469779968262,0.8146206140518188,0.6881234645843506,0.988102376461029,0.9872587323188782,0.9934976696968079
145,0.5533026456832886,0.03876599296927452,0.02037040889263153,0.016104329377412796,0.36087143421173096,0.11719060689210892,0.9540727734565735,0.9122191071510315,0.9657253623008728,0.967958927154541,0.9825261831283569,0.9763205051422119,0.9537600874900818,0.9823977947235107,0.9844332933425903,0.9912589192390442,0.9819386005401611,0.9645359516143799,0.9865111112594604,0.9880859851837158,0.9933040142059326,0.5900757312774658,0.41971564292907715,0.9925842881202698,0.9709147810935974,0.9902002215385437,0.8147192001342773,0.68829745054245,0.9885414838790894,0.9874131679534912,0.9936532974243164
146,0.5546308755874634,0.038861390203237534,0.020736446604132652,0.016406048089265823,0.36120161414146423,0.11742536723613739,0.9538576006889343,0.9118486046791077,0.9671462178230286,0.9663976430892944,0.9824628233909607,0.975896954536438,0.9529702067375183,0.9826213121414185,0.9838277697563171,0.9911549091339111,0.9816974997520447,0.9640825986862183,0.986611545085907,0.9873805046081543,0.9931420087814331,0.5894995331764221,0.41930583119392395,0.9924501776695251,0.9698671698570251,0.9898746609687805,0.8141368627548218,0.6876484155654907,0.9886760711669922,0.9867033362388611,0.9934983849525452
147,0.5545955300331116,0.038924962282180786,0.02097341977059841,0.016591869294643402,0.360715389251709,0.11738982796669006,0.953874409198761,0.9118571877479553,0.965305745601654,0.9679592251777649,0.9824192523956299,0.9757987856864929,0.9527730941772461,0.9819135069847107,0.9840776324272156,0.9910380840301514,0.9815869331359863,0.9638661742210388,0.9860851764678955,0.9877603054046631,0.9931062459945679,0.5901904106140137,0.41978150606155396,0.992074728012085,0.9706634879112244,0.9900000691413879,0.8146705627441406,0.6882005333900452,0.9880560636520386,0.987149715423584,0.9934564828872681
148,0.5548376441001892,0.03909905627369881,0.020905427634716034,0.016695236787199974,0.3607502281665802,0.11738771200180054,0.9535706043243408,0.9113204479217529,0.9658925533294678,0.9672486186027527,0.9823755621910095,0.9758495092391968,0.9528704285621643,0.9823999404907227,0.9837775826454163,0.9910840392112732,0.9816288352012634,0.963945746421814,0.9859247803688049,0.9879035353660583,0.9931026101112366,0.5900293588638306,0.4196898937225342,0.9921857118606567,0.9704015851020813,0.989955723285675,0.8145133852958679,0.6880578398704529,0.9881002902984619,0.9870543479919434,0.9934424757957458
149,0.5554819703102112,0.039453715085983276,0.02076505310833454,0.016961392015218735,0.3607943058013916,0.11750754714012146,0.9531954526901245,0.9106255769729614,0.9651537537574768,0.967372715473175,0.9822210073471069,0.976211428642273,0.9535544514656067,0.9828416705131531,0.9836879372596741,0.991174578666687,0.9815231561660767,0.963737428188324,0.9860883355140686,0.987372875213623,0.9930037260055542,0.5899419784545898,0.4195351004600525,0.9920715689659119,0.9700953960418701,0.9898414015769958,0.8145408630371094,0.6879695057868958,0.988215446472168,0.9866915345191956,0.993375301361084
