,loss,side_6_loss,side_7_loss,side_8_loss,activation_170_loss,add_59_loss,side_6_dice_coef,side_6_jacard,side_6_recall_2,side_6_precision_2,side_6_accuracy,side_7_dice_coef,side_7_jacard,side_7_recall_2,side_7_precision_2,side_7_accuracy,side_8_dice_coef,side_8_jacard,side_8_recall_2,side_8_precision_2,side_8_accuracy,activation_170_dice_coef,activation_170_jacard,activation_170_recall_2,activation_170_precision_2,activation_170_accuracy,add_59_dice_coef,add_59_jacard,add_59_recall_2,add_59_precision_2,add_59_accuracy
0,2.937262535095215,0.5579931735992432,0.5898125171661377,0.6006461381912231,0.6067044138908386,0.5821060538291931,0.3124287724494934,0.18827565014362335,0.0949968472123146,0.3506735861301422,0.7001405358314514,0.3217873275279999,0.19562506675720215,0.1374608427286148,0.3107543885707855,0.676138699054718,0.3240923285484314,0.19764624536037445,0.09974730759859085,0.33346766233444214,0.6949466466903687,0.32783180475234985,0.20061072707176208,6.0962109273532405e-05,0.060564663261175156,0.7223392724990845,0.3223422169685364,0.1959908902645111,0.08005654066801071,0.3922562897205353,0.7103841304779053
1,2.329887866973877,0.4071113169193268,0.44483432173728943,0.48796719312667847,0.5350103378295898,0.4549645781517029,0.47549787163734436,0.3185436725616455,0.4428127408027649,0.7764369249343872,0.8100569248199463,0.3994796872138977,0.2532966136932373,0.22341880202293396,0.8253269195556641,0.7714470028877258,0.3340088725090027,0.20260679721832275,0.0005303245270624757,0.730890691280365,0.7226775884628296,0.31769677996635437,0.19186505675315857,0.0,0.0,0.7225846648216248,0.3806135058403015,0.23799097537994385,0.15109802782535553,0.9454441070556641,0.7620828151702881
2,2.0074052810668945,0.34048375487327576,0.3657985329627991,0.425525426864624,0.49421268701553345,0.38138478994369507,0.6153380274772644,0.45365434885025024,0.6782470345497131,0.7903423309326172,0.8608277440071106,0.539743959903717,0.3773576021194458,0.5866594910621643,0.8031759262084961,0.8454503417015076,0.4156542420387268,0.2660931348800659,0.2782370448112488,0.8616639375686646,0.7873798608779907,0.3234761953353882,0.195230633020401,0.0,0.0,0.7225846648216248,0.4744667112827301,0.3153711259365082,0.5017204880714417,0.8827542662620544,0.8432833552360535
3,1.7158124446868896,0.2770361006259918,0.2898401618003845,0.3648222088813782,0.4617529511451721,0.32236096262931824,0.6992958188056946,0.5493740439414978,0.7457375526428223,0.8393164873123169,0.8898575901985168,0.6498421430587769,0.4925541281700134,0.7217941284179688,0.8366087079048157,0.8837147951126099,0.5087940096855164,0.3474855124950409,0.5695772767066956,0.8466294407844543,0.8519700169563293,0.3499342203140259,0.214410662651062,0.0,0.0,0.7225846648216248,0.5561736822128296,0.3912009596824646,0.6548206210136414,0.8980320692062378,0.8836154937744141
4,1.5677646398544312,0.2622615694999695,0.2639923393726349,0.3171548545360565,0.43348851799964905,0.29086723923683167,0.7407688498497009,0.6013514995574951,0.7470360994338989,0.8703353404998779,0.8989489078521729,0.7179704308509827,0.5723060965538025,0.7522408366203308,0.8747528791427612,0.9013885259628296,0.5964607000350952,0.4335673749446869,0.6724359393119812,0.8653848767280579,0.8801108002662659,0.3833201825618744,0.23941020667552948,0.0008241343894042075,0.9928216338157654,0.7228116393089294,0.6146277189254761,0.4506719708442688,0.7004560232162476,0.9188801050186157,0.8997473120689392
5,1.4648593664169312,0.2551167905330658,0.25293976068496704,0.2824898064136505,0.39996200799942017,0.2743511199951172,0.737459123134613,0.5963128805160522,0.7655823230743408,0.8645554184913635,0.9016960263252258,0.7343583703041077,0.5929415225982666,0.7745304703712463,0.8634930849075317,0.9034836888313293,0.6551758050918579,0.4980301856994629,0.7428655028343201,0.8570894598960876,0.8943049311637878,0.42037802934646606,0.2691071629524231,0.11140573769807816,0.9943298697471619,0.7533140778541565,0.6416395902633667,0.4804648756980896,0.7426853775978088,0.8951926231384277,0.904495120048523
6,1.4135019779205322,0.24975574016571045,0.2576884925365448,0.2696581482887268,0.37026771903038025,0.2661316990852356,0.7491170167922974,0.61061030626297,0.7448222041130066,0.89296555519104,0.9044428467750549,0.746642529964447,0.6089287996292114,0.7434109449386597,0.8798617720603943,0.9006586670875549,0.6994832754135132,0.5499163866043091,0.7335034608840942,0.8826807737350464,0.8990240693092346,0.46688389778137207,0.3077280521392822,0.35341203212738037,0.980222225189209,0.8186483979225159,0.6701264381408691,0.5126921534538269,0.7219752073287964,0.9093628525733948,0.9029088616371155
7,1.2540487051010132,0.22349528968334198,0.2246653139591217,0.23761482536792755,0.3303033709526062,0.23796959221363068,0.770134449005127,0.6378535628318787,0.7947964668273926,0.8872452974319458,0.9150527715682983,0.7723015546798706,0.6418606042861938,0.7990761995315552,0.8834937214851379,0.9150282740592957,0.7431759834289551,0.6043866276741028,0.7999759912490845,0.8702494502067566,0.911422073841095,0.5248585939407349,0.36042875051498413,0.5888623595237732,0.955832839012146,0.8783956170082092,0.7071573138237,0.5567120313644409,0.7850251197814941,0.8955786824226379,0.9149705171585083
8,1.2472507953643799,0.2300204336643219,0.2339622974395752,0.2428041249513626,0.3014530539512634,0.23901116847991943,0.766491174697876,0.6332853436470032,0.7698382139205933,0.8961118459701538,0.9113905429840088,0.7699865698814392,0.6385639905929565,0.7706284523010254,0.8912379741668701,0.9102796912193298,0.7609666585922241,0.6266137361526489,0.7841464877128601,0.8795445561408997,0.910327136516571,0.5786115527153015,0.41161832213401794,0.6850330829620361,0.9362086057662964,0.8996744751930237,0.7214739918708801,0.5738399028778076,0.7672590613365173,0.8991345167160034,0.9115564823150635
9,1.087608814239502,0.20268015563488007,0.20166733860969543,0.21023735404014587,0.2622200846672058,0.21080391108989716,0.7885362505912781,0.659231424331665,0.8074637651443481,0.9056907296180725,0.9232621788978577,0.7893007397651672,0.6609779596328735,0.8106127381324768,0.9069179892539978,0.9243807196617126,0.7867092490196228,0.6583960056304932,0.8181151747703552,0.8963150382041931,0.923288106918335,0.6435397267341614,0.4803994596004486,0.7626506686210632,0.9266297817230225,0.917403519153595,0.7535632848739624,0.6127306818962097,0.8061931729316711,0.9091250896453857,0.9238792657852173
10,1.0276247262954712,0.19561892747879028,0.19593527913093567,0.204183891415596,0.23191189765930176,0.19997480511665344,0.800594687461853,0.6763781309127808,0.8103606104850769,0.9099349975585938,0.925139844417572,0.8051173090934753,0.683180570602417,0.8118640780448914,0.9110154509544373,0.9258092045783997,0.8069812059402466,0.6863781213760376,0.8226965069770813,0.8998579382896423,0.925414502620697,0.7055808901786804,0.5524494051933289,0.7940654158592224,0.9166224598884583,0.9228330254554749,0.7802751660346985,0.6484420895576477,0.8124961256980896,0.9101163148880005,0.9257230162620544
11,0.975857138633728,0.19104726612567902,0.18852069973945618,0.19234611093997955,0.2126651555299759,0.1912781149148941,0.8008993268013,0.6743245720863342,0.8134673833847046,0.9192609786987305,0.9284324645996094,0.8067029714584351,0.6829507350921631,0.8172681331634521,0.9214892983436584,0.9299906492233276,0.8133381605148315,0.6926299333572388,0.8257272243499756,0.9164686799049377,0.9307755827903748,0.7414141893386841,0.5956518054008484,0.8106471300125122,0.924659013748169,0.929146945476532,0.7907324433326721,0.6605973243713379,0.8182646036148071,0.9217296242713928,0.9303077459335327
12,0.8957501649856567,0.17551973462104797,0.17334061861038208,0.1779865324497223,0.19291189312934875,0.1759912371635437,0.8103166818618774,0.6882561445236206,0.825890839099884,0.9235106110572815,0.9327231049537659,0.8155097961425781,0.6960645318031311,0.8299991488456726,0.9238594174385071,0.933862566947937,0.8191720843315125,0.7015763521194458,0.8380914926528931,0.9163109660148621,0.9338493347167969,0.7702395915985107,0.6340816617012024,0.8335409164428711,0.9141388535499573,0.9321025609970093,0.8038031458854675,0.6795045137405396,0.8330449461936951,0.9209268689155579,0.933841347694397
13,0.9717047810554504,0.19089941680431366,0.1915004551410675,0.19559796154499054,0.20244047045707703,0.19126631319522858,0.7983059883117676,0.6739463210105896,0.8056926727294922,0.9230505228042603,0.9274632930755615,0.8013625144958496,0.6792433857917786,0.805188000202179,0.9241752624511719,0.9276294708251953,0.8061914443969727,0.6862432956695557,0.8113461136817932,0.9197862148284912,0.9280354976654053,0.7722718715667725,0.6390104293823242,0.811211347579956,0.9182868599891663,0.9276018738746643,0.7945011258125305,0.6693236231803894,0.8092839121818542,0.9229294657707214,0.9283446073532104
14,0.8944069147109985,0.17769572138786316,0.17562077939510345,0.17884109914302826,0.1857171505689621,0.1765321046113968,0.8088251948356628,0.6863300800323486,0.8286460638046265,0.9198964238166809,0.9324461817741394,0.8127463459968567,0.6926213502883911,0.8317826390266418,0.9214985966682434,0.9336766600608826,0.81512051820755,0.6960239410400391,0.8355838060379028,0.9186087250709534,0.9338499903678894,0.7905539274215698,0.6617029905319214,0.8384238481521606,0.9151594638824463,0.9336137175559998,0.8067967295646667,0.6840022802352905,0.8346473574638367,0.9205689430236816,0.9341499209403992
15,0.8241022825241089,0.16372135281562805,0.1620802879333496,0.16519629955291748,0.17088404297828674,0.16222034394741058,0.8300806283950806,0.7154299020767212,0.8540218472480774,0.9176663756370544,0.9382469058036804,0.835810661315918,0.7242500185966492,0.8576653599739075,0.9176349639892578,0.9391581416130066,0.8382142186164856,0.7278001308441162,0.8596234917640686,0.916140615940094,0.9392287135124207,0.8185932040214539,0.6996963024139404,0.8610384464263916,0.9106370210647583,0.93800950050354,0.8306574821472168,0.7166792154312134,0.8588933348655701,0.9167937636375427,0.9392299652099609
16,0.8187857866287231,0.1636177897453308,0.16146168112754822,0.16424933075904846,0.16798630356788635,0.16147053241729736,0.8235241770744324,0.7057599425315857,0.8403553366661072,0.9298641681671143,0.9381282925605774,0.8297541737556458,0.715158998966217,0.8447945713996887,0.9306278228759766,0.9394737482070923,0.8317105174064636,0.7181621789932251,0.8471528887748718,0.9289937019348145,0.9396349787712097,0.8179729580879211,0.698172390460968,0.8526884913444519,0.9254149794578552,0.9400685429573059,0.8257017135620117,0.7091712951660156,0.8472601175308228,0.9301562309265137,0.9399786591529846
17,0.8645049333572388,0.1716112196445465,0.17173248529434204,0.17367634177207947,0.17681390047073364,0.17067086696624756,0.8171490430831909,0.6984213590621948,0.8275886178016663,0.9336966872215271,0.935867190361023,0.8216471672058105,0.705823540687561,0.8298914432525635,0.9334073066711426,0.9363842010498047,0.8230904340744019,0.7080419063568115,0.829485297203064,0.9335516691207886,0.9363176822662354,0.8128544688224792,0.6932679414749146,0.8375588655471802,0.9271624684333801,0.9366828799247742,0.8186650276184082,0.701300323009491,0.8320856094360352,0.9334176182746887,0.9369522333145142
18,0.7883365154266357,0.15833167731761932,0.15616151690483093,0.15800710022449493,0.16022667288780212,0.15560968220233917,0.8311022520065308,0.7165447473526001,0.8475012183189392,0.92969810962677,0.9399159550666809,0.8377396464347839,0.7265514731407166,0.8504255414009094,0.931713342666626,0.9412147402763367,0.8390922546386719,0.7285943627357483,0.8509252071380615,0.931644082069397,0.9413243532180786,0.8300768136978149,0.715531587600708,0.8590074777603149,0.9263225197792053,0.9419325590133667,0.8344886898994446,0.7217361330986023,0.8529900908470154,0.9310439825057983,0.9416914582252502
19,0.7801457047462463,0.15568621456623077,0.1550241857767105,0.1563238799571991,0.1590249389410019,0.15408645570278168,0.8344540596008301,0.7210124731063843,0.8560647964477539,0.9285702109336853,0.9418017268180847,0.8380899429321289,0.7270652055740356,0.8583511114120483,0.9274892807006836,0.9420883059501648,0.8393087387084961,0.7288852334022522,0.8584638833999634,0.9285014271736145,0.9423970580101013,0.8321856260299683,0.7182849645614624,0.8653773069381714,0.9219358563423157,0.9423259496688843,0.835989773273468,0.7237375378608704,0.8606818914413452,0.9278731346130371,0.9427908658981323
20,0.7830797433853149,0.15617969632148743,0.15576879680156708,0.15734396874904633,0.15913636982440948,0.1546507179737091,0.8320037126541138,0.7182214260101318,0.8442528247833252,0.9326536059379578,0.9398812651634216,0.8361705541610718,0.7248744368553162,0.8457360863685608,0.9329939484596252,0.9403547644615173,0.8380334973335266,0.7276359796524048,0.8449637293815613,0.9339009523391724,0.9403999447822571,0.8314938545227051,0.7182689905166626,0.8527242541313171,0.9281506538391113,0.9408311247825623,0.8344089388847351,0.7221837639808655,0.8480576872825623,0.9331448674201965,0.9409933686256409
21,0.7196522951126099,0.14565584063529968,0.14268378913402557,0.14324302971363068,0.14595630764961243,0.1421133279800415,0.8453481793403625,0.7375479936599731,0.8604609370231628,0.9377188086509705,0.9454354643821716,0.8519855737686157,0.7479754090309143,0.8640756011009216,0.9396902918815613,0.9469079375267029,0.8540727496147156,0.7511188387870789,0.8644381165504456,0.9406355023384094,0.9472585320472717,0.8478364944458008,0.7420061826705933,0.8699146509170532,0.9357500672340393,0.9473424553871155,0.8498021960258484,0.7446116805076599,0.8658545017242432,0.9396262764930725,0.9473523497581482
22,0.6864988803863525,0.13889238238334656,0.13606008887290955,0.13704189658164978,0.13912029564380646,0.13538417220115662,0.8491240739822388,0.7426123023033142,0.8739835023880005,0.9334072470664978,0.9477433562278748,0.8559314012527466,0.7532495260238647,0.8784241080284119,0.9351435303688049,0.9493721127510071,0.8574277758598328,0.7555865049362183,0.8787376284599304,0.9355512857437134,0.949566662311554,0.8524750471115112,0.7481972575187683,0.8835018873214722,0.9307860136032104,0.9494560360908508,0.8537337183952332,0.7498599886894226,0.8798198699951172,0.9349372982978821,0.9496748447418213
23,0.6646708250045776,0.13518813252449036,0.13188454508781433,0.13260594010353088,0.13390904664993286,0.131083145737648,0.8561962842941284,0.7531073689460754,0.8759961724281311,0.9334565997123718,0.948275625705719,0.8632410168647766,0.7638534307479858,0.8796333074569702,0.9356217980384827,0.9498176574707031,0.865397572517395,0.7671068906784058,0.8802933096885681,0.9356861114501953,0.9500061273574829,0.8607325553894043,0.7601647973060608,0.8864179849624634,0.9308452010154724,0.9502216577529907,0.861364483833313,0.7609745264053345,0.8817903399467468,0.9350496530532837,0.9502149224281311
24,0.667068362236023,0.13537411391735077,0.132522314786911,0.1332400143146515,0.13427558541297913,0.13165637850761414,0.8537257313728333,0.7494878768920898,0.8718883395195007,0.9338177442550659,0.9473174810409546,0.8602482676506042,0.7597032785415649,0.8779423832893372,0.9344072937965393,0.9490424990653992,0.8623393774032593,0.7629948258399963,0.8776770234107971,0.934791088104248,0.9490810632705688,0.8584495782852173,0.7571857571601868,0.8833240270614624,0.9306988716125488,0.9493857026100159,0.8586832880973816,0.7572931051254272,0.8790557384490967,0.9345541596412659,0.9493706822395325
25,0.672782838344574,0.13539597392082214,0.13436435163021088,0.13468222320079803,0.13554593920707703,0.13279426097869873,0.8541570901870728,0.7492630481719971,0.8687224388122559,0.9355156421661377,0.9469698667526245,0.8605572581291199,0.7592285871505737,0.872011661529541,0.9356677532196045,0.9478614926338196,0.8619815707206726,0.7615202069282532,0.8714144229888916,0.9365233778953552,0.9479432702064514,0.8591024279594421,0.7570546865463257,0.8790562152862549,0.9316576719284058,0.948559582233429,0.8589231371879578,0.7566747069358826,0.8739372491836548,0.9359138607978821,0.9484270811080933
26,0.6535981297492981,0.13164594769477844,0.12999817728996277,0.13100126385688782,0.13201259076595306,0.12894006073474884,0.8577925562858582,0.7559267282485962,0.8774579167366028,0.934205174446106,0.9488611817359924,0.8630655407905579,0.7643467783927917,0.8794467449188232,0.9359604716300964,0.9498637914657593,0.8645321130752563,0.7665536999702454,0.8786372542381287,0.9368799924850464,0.9499102234840393,0.8614779710769653,0.762112021446228,0.8837338089942932,0.9333289265632629,0.9502332210540771,0.861691951751709,0.7621553540229797,0.8808758854866028,0.9362898468971252,0.9503250122070312
27,0.6112686395645142,0.1247447282075882,0.12163612991571426,0.12154363095760345,0.12269335985183716,0.1206507682800293,0.8614414930343628,0.7606626749038696,0.889127790927887,0.9353498816490173,0.9521936774253845,0.8675599098205566,0.7703187465667725,0.8927456736564636,0.9369646310806274,0.9535843133926392,0.8688459396362305,0.7723695039749146,0.8932296633720398,0.9376088380813599,0.9538912177085876,0.8663417100906372,0.7686053514480591,0.8987570405006409,0.9330572485923767,0.954025387763977,0.866036593914032,0.7679385542869568,0.8947042226791382,0.9367750883102417,0.9540374875068665
28,0.6232783198356628,0.12585774064064026,0.12429793179035187,0.12445110082626343,0.12558528780937195,0.12308625131845474,0.865181565284729,0.7664732336997986,0.8872966170310974,0.9371892213821411,0.9522373080253601,0.8703562021255493,0.7749272584915161,0.8903374075889587,0.9388964176177979,0.9535035490989685,0.8721620440483093,0.777753472328186,0.8906875848770142,0.9396272301673889,0.9537990689277649,0.8698853254318237,0.7744208574295044,0.8956640362739563,0.9356578588485718,0.9539690613746643,0.8693882822990417,0.7733505368232727,0.8923221230506897,0.9389420747756958,0.9540311098098755
29,0.6156531572341919,0.12471629679203033,0.1228465661406517,0.12311957031488419,0.12345800548791885,0.121512770652771,0.8677870035171509,0.7706900835037231,0.88628089427948,0.9352995157241821,0.9514443874359131,0.8738347887992859,0.780664324760437,0.8904391527175903,0.9354673027992249,0.9525654911994934,0.8754502534866333,0.7833890318870544,0.8907802104949951,0.9355170130729675,0.9526675939559937,0.8738387227058411,0.7808302640914917,0.8955861330032349,0.9325690269470215,0.9530694484710693,0.8727118372917175,0.7788379192352295,0.892120897769928,0.9358015656471252,0.9530943632125854
30,0.5917157530784607,0.12074166536331177,0.11777274310588837,0.11747974157333374,0.1187957376241684,0.116925910115242,0.8647611737251282,0.7654781341552734,0.8929358720779419,0.9341434836387634,0.9528350830078125,0.8696587681770325,0.7736653089523315,0.8980103731155396,0.9368986487388611,0.9549278020858765,0.8710325360298157,0.775948166847229,0.8977775573730469,0.9379856586456299,0.9551756381988525,0.8693300485610962,0.7734260559082031,0.902733325958252,0.9331458210945129,0.9550748467445374,0.8686748743057251,0.7720690965652466,0.8991141319274902,0.9365578293800354,0.9551165103912354
31,0.5556017160415649,0.11434676498174667,0.11032749712467194,0.10977604240179062,0.11144798994064331,0.10970332473516464,0.8728517293930054,0.7776618599891663,0.8989055752754211,0.9365869760513306,0.9550708532333374,0.8798742294311523,0.788828432559967,0.9044448733329773,0.939538836479187,0.957345187664032,0.881904125213623,0.7919624447822571,0.9040011763572693,0.9410018920898438,0.957645058631897,0.879802405834198,0.788792073726654,0.9080384373664856,0.937070369720459,0.9575716853141785,0.8786056637763977,0.786771833896637,0.9052387475967407,0.9396365284919739,0.9575790166854858
32,0.5768718719482422,0.11655707657337189,0.11508519947528839,0.1154881939291954,0.11600357294082642,0.11373778432607651,0.8780503273010254,0.7853867411613464,0.8920402526855469,0.9415878057479858,0.9546985626220703,0.8842259645462036,0.7954287528991699,0.8960898518562317,0.944008469581604,0.9564293026924133,0.8856194615364075,0.7976949214935303,0.8955008387565613,0.9445012807846069,0.9564129114151001,0.8844555616378784,0.7958724498748779,0.8998076319694519,0.9419457316398621,0.9568204283714294,0.883083701133728,0.793555498123169,0.8969098329544067,0.9441757202148438,0.9566899538040161
33,0.6023985147476196,0.12205866724252701,0.12009450048208237,0.12028922885656357,0.12092044204473495,0.11903569847345352,0.8580299615859985,0.7570554614067078,0.8893734812736511,0.9350785613059998,0.9521806240081787,0.8639400601387024,0.7664822340011597,0.8915809392929077,0.9370079636573792,0.953295111656189,0.8649523854255676,0.7680851817131042,0.8905844688415527,0.9386274814605713,0.9534922242164612,0.8642517924308777,0.7672261595726013,0.8961365818977356,0.9338366389274597,0.9535729885101318,0.8627715110778809,0.7646313905715942,0.8932342529296875,0.9374246597290039,0.9538404941558838
34,0.5525315999984741,0.11252353340387344,0.11014506965875626,0.10989109426736832,0.11094927787780762,0.10902257263660431,0.8772562742233276,0.7844632863998413,0.9024848937988281,0.9380527138710022,0.9564142823219299,0.8832012414932251,0.7941246032714844,0.9078702330589294,0.9388289451599121,0.9580315947532654,0.8848587870597839,0.7967056035995483,0.9071317911148071,0.9400673508644104,0.9581931829452515,0.8832305669784546,0.7943167686462402,0.9107308387756348,0.9367921948432922,0.9581883549690247,0.8821326494216919,0.7923640012741089,0.9082790613174438,0.9392081499099731,0.9582459926605225
35,0.520934522151947,0.1069890707731247,0.1036294549703598,0.10331261157989502,0.10413545370101929,0.10286792367696762,0.8785912394523621,0.7860404253005981,0.9047033786773682,0.9386467337608337,0.9571583867073059,0.8851802945137024,0.7965378165245056,0.9099681377410889,0.9406118988990784,0.9590853452682495,0.8866803050041199,0.7988592386245728,0.909709632396698,0.9417113065719604,0.9593313932418823,0.8856183886528015,0.7972875237464905,0.9138142466545105,0.9386220574378967,0.9595136046409607,0.8840101361274719,0.7946339845657349,0.9107345342636108,0.9409332871437073,0.9593762755393982
36,0.5381389856338501,0.11031319946050644,0.10726690292358398,0.1070997342467308,0.10742048174142838,0.10603884607553482,0.8824762105941772,0.7929011583328247,0.9025316834449768,0.9374978542327881,0.9562684297561646,0.889926552772522,0.8049331903457642,0.9062361717224121,0.940831184387207,0.9581776857376099,0.8913094401359558,0.8072148561477661,0.9063205122947693,0.9417814016342163,0.9584692716598511,0.8909028768539429,0.8065714836120605,0.9103540778160095,0.939214825630188,0.9587862491607666,0.8886408805847168,0.8028436899185181,0.9076598286628723,0.940803587436676,0.9585399627685547
37,0.5293945670127869,0.10811291635036469,0.10566247999668121,0.10518144071102142,0.10587380081415176,0.10456414520740509,0.8768979907035828,0.7842159867286682,0.9042037725448608,0.9397259950637817,0.9573357701301575,0.8832007646560669,0.7944232821464539,0.9092145562171936,0.9401376247406006,0.9587542414665222,0.884728729724884,0.7968377470970154,0.9086169004440308,0.94182288646698,0.9590787291526794,0.8841821551322937,0.7960590124130249,0.9125638604164124,0.9384281039237976,0.9591336846351624,0.882249653339386,0.7928460836410522,0.9100116491317749,0.9412303566932678,0.9592730402946472
38,0.5073054432868958,0.10375863313674927,0.10093967616558075,0.10075388848781586,0.10170254856348038,0.10015060752630234,0.8842813372612,0.7948770523071289,0.9094937443733215,0.940525233745575,0.9589373469352722,0.8907289505004883,0.8052765727043152,0.9144389629364014,0.9420015215873718,0.9606451392173767,0.8919305801391602,0.8071980476379395,0.9136730432510376,0.9436680674552917,0.9609209895133972,0.8910565376281738,0.8058584928512573,0.9173299074172974,0.9402658939361572,0.9608991146087646,0.8894981145858765,0.8032673597335815,0.914993166923523,0.942908525466919,0.9610486626625061
39,0.4983707070350647,0.10185275226831436,0.09921622276306152,0.09896606206893921,0.10005556046962738,0.09828008711338043,0.8886206746101379,0.802308201789856,0.9111360311508179,0.9393489956855774,0.9590275883674622,0.8944460153579712,0.8121453523635864,0.9172011017799377,0.9391424059867859,0.9605419039726257,0.8956753015518188,0.8141351938247681,0.9167624115943909,0.9404751658439636,0.9608118534088135,0.8947590589523315,0.8128615617752075,0.9201405644416809,0.937044620513916,0.9606960415840149,0.893362820148468,0.8103103637695312,0.9174889326095581,0.9400627613067627,0.9608819484710693
40,0.5358757376670837,0.10846718400716782,0.10725311189889908,0.10712839663028717,0.10722967237234116,0.10579733550548553,0.8786827921867371,0.7869929075241089,0.9054940342903137,0.938871443271637,0.957427442073822,0.8836632966995239,0.7951631546020508,0.9081777930259705,0.9406620860099792,0.9586343169212341,0.8847599029541016,0.7968995571136475,0.906792163848877,0.9428638815879822,0.958898663520813,0.885064423084259,0.7974662184715271,0.9114170074462891,0.9395192861557007,0.9591493010520935,0.883041262626648,0.794102668762207,0.9092008471488953,0.9416126608848572,0.959170937538147
41,0.5338312387466431,0.10958074033260345,0.1062719002366066,0.10610666126012802,0.10657574981451035,0.10529625415802002,0.8787587881088257,0.7874305844306946,0.9039255380630493,0.93453049659729,0.955780029296875,0.8851985931396484,0.7979384660720825,0.9087072014808655,0.937024712562561,0.9577316045761108,0.8861850500106812,0.799490749835968,0.9072926640510559,0.939052939414978,0.9579457640647888,0.8860098123550415,0.7993512153625488,0.9110141396522522,0.9363022446632385,0.9581204652786255,0.8840323686599731,0.7960061430931091,0.9087924361228943,0.9378538131713867,0.9579915404319763
42,0.5104060173034668,0.10429884493350983,0.10196085274219513,0.10144120454788208,0.10193824768066406,0.10076697170734406,0.8803881406784058,0.7892493009567261,0.9034855365753174,0.9426627159118652,0.957980215549469,0.8868428468704224,0.7997852563858032,0.9073861837387085,0.9448716640472412,0.9596207737922668,0.8882057070732117,0.8019824028015137,0.9060958623886108,0.9467753767967224,0.9598186612129211,0.8880146741867065,0.801755428314209,0.9103164672851562,0.9440654516220093,0.9601580500602722,0.8858568072319031,0.798149585723877,0.9080141186714172,0.9455996155738831,0.9599900841712952
43,0.4956129193305969,0.10052956640720367,0.09898021817207336,0.09896767139434814,0.09942552447319031,0.09770994633436203,0.8864306211471558,0.7990047931671143,0.9171222448348999,0.9382285475730896,0.9602575898170471,0.8927223086357117,0.8094013333320618,0.9199163913726807,0.9406428933143616,0.9616798162460327,0.8942431211471558,0.8118714094161987,0.9190171360969543,0.9425165057182312,0.9619848728179932,0.8936474919319153,0.810981273651123,0.9225726127624512,0.9392867684364319,0.9619773626327515,0.8917547464370728,0.8077675700187683,0.9209482073783875,0.9412210583686829,0.9621148705482483
44,0.47436779737472534,0.0976700410246849,0.09433452785015106,0.09403841197490692,0.09466035664081573,0.09366457164287567,0.8871051073074341,0.799857497215271,0.9135351181030273,0.9425505995750427,0.9605665802955627,0.8937777280807495,0.8107916712760925,0.9196643233299255,0.9441055655479431,0.9626091122627258,0.8952428102493286,0.8131216764450073,0.918574333190918,0.9460734128952026,0.9628860354423523,0.8947911262512207,0.8125802874565125,0.9217113852500916,0.9434630274772644,0.9629589319229126,0.8927297592163086,0.8090599179267883,0.9198064208030701,0.9450790286064148,0.962924599647522
45,0.46253901720046997,0.09575748443603516,0.09193172305822372,0.09154511988162994,0.09205274283885956,0.09125195443630219,0.8912477493286133,0.8060475587844849,0.9173147678375244,0.940671980381012,0.9610120058059692,0.8984659314155579,0.8179115056991577,0.9225813150405884,0.9428437352180481,0.9630076289176941,0.8997694253921509,0.8200415372848511,0.9221106171607971,0.9443461894989014,0.9633166193962097,0.8995193243026733,0.8196712732315063,0.9249240159988403,0.9419194459915161,0.9633510708808899,0.8972505331039429,0.8158851861953735,0.9229947924613953,0.943483293056488,0.9632994532585144
46,0.4760812819004059,0.09704353660345078,0.09483691304922104,0.09507565200328827,0.09519711136817932,0.09392814338207245,0.8902252316474915,0.8041476011276245,0.9149523377418518,0.9438026547431946,0.9612930417060852,0.8972222208976746,0.8155072331428528,0.9174728989601135,0.9458914995193481,0.962546169757843,0.8987431526184082,0.8180091977119446,0.9153488278388977,0.9480833411216736,0.9626112580299377,0.8989262580871582,0.818386435508728,0.919446587562561,0.9452608823776245,0.9628824591636658,0.8962745666503906,0.8139666318893433,0.9179660677909851,0.9468263387680054,0.9629409909248352
47,0.45918911695480347,0.0941656082868576,0.09161075204610825,0.09107311069965363,0.0918106958270073,0.09052903950214386,0.896496593952179,0.8144477605819702,0.9169540405273438,0.9425735473632812,0.9614638090133667,0.9019853472709656,0.8237735033035278,0.9233426451683044,0.9431760311126709,0.9633017182350159,0.9032062292098999,0.8257796168327332,0.9222155809402466,0.9450778961181641,0.9635537266731262,0.9027287364006042,0.8251179456710815,0.9248988032341003,0.9426906704902649,0.9635673761367798,0.9010988473892212,0.8222425580024719,0.9230387806892395,0.9444677233695984,0.9635937809944153
48,0.4712637960910797,0.09654133766889572,0.09390152990818024,0.09378009289503098,0.09413877129554749,0.09290209412574768,0.8924490213394165,0.8078912496566772,0.9182649254798889,0.9396963119506836,0.9609777927398682,0.8986154794692993,0.818121075630188,0.9220353960990906,0.9413986206054688,0.9624488949775696,0.8997155427932739,0.8199077844619751,0.9200630784034729,0.9436104893684387,0.9625713229179382,0.8997371792793274,0.8199946284294128,0.9232496023178101,0.9412986636161804,0.9627358913421631,0.8976276516914368,0.8164472579956055,0.9220198392868042,0.9425494074821472,0.9627765417098999
49,0.4457155764102936,0.09172488749027252,0.08878456801176071,0.08836553990840912,0.08890223503112793,0.0879383385181427,0.8963080644607544,0.8144584894180298,0.9214207530021667,0.9416105151176453,0.962350070476532,0.9023157358169556,0.8247474431991577,0.9264104962348938,0.9427722692489624,0.9639847874641418,0.9034975171089172,0.8266933560371399,0.9252980351448059,0.9444539546966553,0.9641797542572021,0.9032513499259949,0.8264034390449524,0.9280788898468018,0.9417614936828613,0.964126467704773,0.9013373255729675,0.8230386972427368,0.9263815879821777,0.943816602230072,0.9642789363861084
50,0.44806379079818726,0.09266876429319382,0.08886075764894485,0.08888103812932968,0.08919362723827362,0.08845959603786469,0.8945009112358093,0.8113785982131958,0.9185417890548706,0.9443409442901611,0.9623833894729614,0.9017102122306824,0.8233330845832825,0.924537181854248,0.946688175201416,0.9646219611167908,0.902808666229248,0.8250975608825684,0.9226629137992859,0.9489073753356934,0.9647636413574219,0.9028741121292114,0.8252661824226379,0.9255703091621399,0.9466597437858582,0.964884340763092,0.9004721641540527,0.8212378621101379,0.9240640997886658,0.9476827383041382,0.9647823572158813
51,0.5049890875816345,0.10272415727376938,0.10063651949167252,0.1008153110742569,0.10119427740573883,0.09961877763271332,0.8842385411262512,0.7956588864326477,0.913766086101532,0.9348219633102417,0.9584032893180847,0.8898914456367493,0.8049961924552917,0.9189396500587463,0.935436487197876,0.9599176049232483,0.8906440734863281,0.8061277270317078,0.9170246124267578,0.9375290274620056,0.9600299596786499,0.8908373713493347,0.8066588640213013,0.9202904105186462,0.9349117875099182,0.9601132869720459,0.8888972997665405,0.8033199310302734,0.9187443852424622,0.9367574453353882,0.9602513909339905
52,0.42405781149864197,0.08819593489170074,0.08417941629886627,0.08370156586170197,0.08438814431428909,0.08359277993440628,0.8977087736129761,0.8162875175476074,0.9215995073318481,0.9464003443717957,0.9637708067893982,0.9048393964767456,0.828116238117218,0.9272103309631348,0.94768226146698,0.9656068086624146,0.9058796763420105,0.8298054933547974,0.9254171848297119,0.9501227140426636,0.9658326506614685,0.9057292938232422,0.8296486139297485,0.9279226064682007,0.9477940201759338,0.9658254981040955,0.9035383462905884,0.825930118560791,0.9267295002937317,0.9488537907600403,0.9658157229423523
53,0.4333575367927551,0.08891668170690536,0.08631297945976257,0.08629927039146423,0.08653144538402557,0.08529704809188843,0.8990534543991089,0.8181855082511902,0.9238583445549011,0.9423301815986633,0.9631922245025635,0.9055884480476379,0.8290227055549622,0.9276957511901855,0.9436589479446411,0.9645761847496033,0.9065656661987305,0.8306310772895813,0.9269206523895264,0.9447761178016663,0.9646962285041809,0.9067276120185852,0.8309733271598816,0.9294489622116089,0.9431271553039551,0.9648794531822205,0.9044831991195679,0.8271721601486206,0.9280692934989929,0.9446123838424683,0.9649490118026733
54,0.4589029848575592,0.09391774237155914,0.09132818877696991,0.09146855771541595,0.09177478402853012,0.09041363000869751,0.8954161405563354,0.8124366998672485,0.9217494130134583,0.9412471055984497,0.9623307585716248,0.9016216397285461,0.8227766752243042,0.9251412749290466,0.9439989328384399,0.9640077948570251,0.9025147557258606,0.8242532014846802,0.9226056337356567,0.9468109607696533,0.9641513824462891,0.9028260111808777,0.8248216509819031,0.9257779717445374,0.9442268013954163,0.9642396569252014,0.9005907773971558,0.8210338354110718,0.9249143600463867,0.9452214241027832,0.9643001556396484
55,0.4136107861995697,0.08630737662315369,0.08214554935693741,0.08157407492399216,0.08201134949922562,0.0815725028514862,0.8986304402351379,0.817505955696106,0.9265356063842773,0.943795919418335,0.9643131494522095,0.9057143926620483,0.8292838931083679,0.9328445196151733,0.944896936416626,0.966278612613678,0.9070656895637512,0.8314856290817261,0.9315372705459595,0.9472384452819824,0.9666131138801575,0.9069889783859253,0.8313886523246765,0.9337639808654785,0.9453104138374329,0.9666386842727661,0.9046033024787903,0.8273841142654419,0.9324471354484558,0.9463644027709961,0.9665992856025696
56,0.41761747002601624,0.08639734238386154,0.08307143300771713,0.08273881673812866,0.08309926837682724,0.08231065422296524,0.9000112414360046,0.8200578689575195,0.9272667169570923,0.9442417025566101,0.9646325707435608,0.9067619442939758,0.8312414884567261,0.9321047067642212,0.9452504515647888,0.9661876559257507,0.9079160690307617,0.8331286311149597,0.9305600523948669,0.9473463892936707,0.9663881659507751,0.9079745411872864,0.8332985043525696,0.9327312707901001,0.9453611969947815,0.9663835167884827,0.9056652784347534,0.8293954730033875,0.9317036271095276,0.9465958476066589,0.9664714932441711
57,0.41717392206192017,0.08594650030136108,0.0830317884683609,0.08283992111682892,0.0831543356180191,0.08220146596431732,0.8991189002990723,0.8187203407287598,0.9275481104850769,0.9436517953872681,0.964535653591156,0.9063998460769653,0.8308073878288269,0.9324819445610046,0.9445888996124268,0.9660946130752563,0.9075263142585754,0.8326622843742371,0.9306842684745789,0.9470348954200745,0.9663311243057251,0.907631516456604,0.8328776359558105,0.9329306483268738,0.9450254440307617,0.9663383364677429,0.9051716923713684,0.828737735748291,0.9321047067642212,0.9460899829864502,0.9664304256439209
58,0.4133463501930237,0.08473020792007446,0.08241085708141327,0.082320936024189,0.08249758183956146,0.0813867598772049,0.9002505540847778,0.8207039833068848,0.9264301657676697,0.945458710193634,0.9647645354270935,0.9061996340751648,0.8306201100349426,0.9296524524688721,0.9465368390083313,0.9659175872802734,0.9070960879325867,0.8321003913879395,0.9281403422355652,0.9481894969940186,0.9659959077835083,0.9073138236999512,0.8324796557426453,0.9304986000061035,0.9464619755744934,0.9661175012588501,0.9052174687385559,0.8289502263069153,0.9299458265304565,0.9477550983428955,0.9663447141647339
59,0.40643543004989624,0.08417913317680359,0.08078521490097046,0.08080771565437317,0.08062472194433212,0.0800386518239975,0.9036828279495239,0.8260586857795715,0.9302978515625,0.9428448677062988,0.9650188684463501,0.9101656079292297,0.836952805519104,0.9339001178741455,0.9448773264884949,0.9665486812591553,0.9109472036361694,0.8382933735847473,0.9325625896453857,0.9465450644493103,0.9666816592216492,0.9112262725830078,0.8387525677680969,0.9346234202384949,0.9454841613769531,0.9669137597084045,0.9090043902397156,0.8349835276603699,0.9339977502822876,0.9462043642997742,0.96695876121521
60,0.3963482677936554,0.08249259740114212,0.07877787202596664,0.07833613455295563,0.07870839536190033,0.07803325355052948,0.9035261869430542,0.825549304485321,0.9283305406570435,0.947238564491272,0.9657731652259827,0.9101437330245972,0.8365861773490906,0.9351005554199219,0.9482189416885376,0.9678297638893127,0.9113472104072571,0.8385869860649109,0.9333376884460449,0.9504922032356262,0.968020498752594,0.9114344716072083,0.8387885093688965,0.9355461001396179,0.9486173391342163,0.9680615663528442,0.9091157913208008,0.8348497152328491,0.9343919157981873,0.9496786594390869,0.9680641293525696
61,0.42471081018447876,0.0881536677479744,0.08439531922340393,0.08415383100509644,0.08442983031272888,0.08357816189527512,0.9030877947807312,0.8252870440483093,0.9241255521774292,0.943327784538269,0.9635495543479919,0.9106408953666687,0.8380775451660156,0.9286184310913086,0.9458362460136414,0.965445339679718,0.9116894602775574,0.8398361206054688,0.9278314113616943,0.9473415613174438,0.9656718969345093,0.9118598103523254,0.8401590585708618,0.9295699596405029,0.9458816647529602,0.9657072424888611,0.9093192219734192,0.8358026742935181,0.9287348389625549,0.9464682936668396,0.965657651424408
62,0.40967869758605957,0.0848664790391922,0.08136193454265594,0.0812826007604599,0.0813896432518959,0.08077803999185562,0.8999060392379761,0.8193956613540649,0.9296203851699829,0.943392813205719,0.9650011658668518,0.9060074090957642,0.8295880556106567,0.9346009492874146,0.9443409442901611,0.9665758609771729,0.9068595767021179,0.8309714198112488,0.9321336150169373,0.946925938129425,0.9666792750358582,0.9074317216873169,0.8319553136825562,0.9347742199897766,0.9450337886810303,0.9668224453926086,0.9050499200820923,0.8279498219490051,0.9341453313827515,0.9458215832710266,0.9668865203857422
63,0.3869619369506836,0.08053500950336456,0.07679019868373871,0.07650129497051239,0.07688920944929123,0.0762462466955185,0.903717041015625,0.8262958526611328,0.9351211786270142,0.9423922896385193,0.9661436676979065,0.9104670286178589,0.837664008140564,0.9385983347892761,0.944784939289093,0.9677489995956421,0.9114035367965698,0.8391904830932617,0.9364843368530273,0.9473153948783875,0.9679313898086548,0.9115079045295715,0.8394463658332825,0.9386528730392456,0.9453990459442139,0.9679422974586487,0.9092707633972168,0.8356140851974487,0.9384374618530273,0.9459318518638611,0.9680411219596863
64,0.43439364433288574,0.08918048441410065,0.08644594997167587,0.08657537400722504,0.08663429319858551,0.08555753529071808,0.896630585193634,0.8149962425231934,0.9224869012832642,0.9440155029296875,0.9633198976516724,0.9029614329338074,0.825688362121582,0.928235650062561,0.944713830947876,0.9650217890739441,0.9037988781929016,0.8270266652107239,0.9257587194442749,0.9475663304328918,0.9651931524276733,0.9041376113891602,0.8276386260986328,0.9281563758850098,0.9459194540977478,0.9653484225273132,0.9018832445144653,0.8238080143928528,0.9275848269462585,0.9466232657432556,0.9654012322425842
65,0.3817240595817566,0.08018501102924347,0.07562807202339172,0.075142040848732,0.07553668320178986,0.07523219287395477,0.906469464302063,0.8303371667861938,0.9331644177436829,0.9447349905967712,0.9663152098655701,0.913844108581543,0.842866063117981,0.937358021736145,0.9479261636734009,0.9683371186256409,0.9150760769844055,0.8448853492736816,0.9363033175468445,0.949822187423706,0.9686076045036316,0.9149961471557617,0.8448386192321777,0.9380161762237549,0.9483742117881775,0.9686393737792969,0.9125968217849731,0.8407009243965149,0.9374524354934692,0.9488168358802795,0.9686194062232971
66,0.3812204897403717,0.07994349300861359,0.07551935315132141,0.07532091438770294,0.07549294829368591,0.07494375109672546,0.9067816734313965,0.8318594098091125,0.9330718517303467,0.9447723627090454,0.9663018584251404,0.9139663577079773,0.8441230654716492,0.9392950534820557,0.9459047317504883,0.9682575464248657,0.915014922618866,0.8458401560783386,0.937656819820404,0.9478861093521118,0.9684038758277893,0.915087103843689,0.8460088968276978,0.9390245676040649,0.9469287991523743,0.96848464012146,0.9127117395401001,0.8419250249862671,0.9385359883308411,0.947529673576355,0.9685310125350952
67,0.38484179973602295,0.07993749529123306,0.07649098336696625,0.07624530792236328,0.07643899321556091,0.07572904229164124,0.9054557681083679,0.8292039036750793,0.9359136819839478,0.9428286552429199,0.9664775729179382,0.9120479822158813,0.8403547406196594,0.9390475153923035,0.9451746940612793,0.9679800868034363,0.9132207632064819,0.8423479199409485,0.9368070363998413,0.9475468993186951,0.9680829644203186,0.9134117364883423,0.8426953554153442,0.9388013482093811,0.9462877511978149,0.9682398438453674,0.9110299348831177,0.8386093974113464,0.9388742446899414,0.9465558528900146,0.9683368802070618
68,0.4105924963951111,0.08493518084287643,0.08143886923789978,0.08163318783044815,0.08171292394399643,0.08087234944105148,0.9023529291152954,0.8242090344429016,0.9285593032836914,0.9431811571121216,0.9646632075309753,0.9081185460090637,0.8340150117874146,0.9340165257453918,0.9436835646629333,0.966232180595398,0.9088826179504395,0.8352392911911011,0.9318383932113647,0.9455865025520325,0.9662152528762817,0.9092220067977905,0.8358731269836426,0.9334380626678467,0.9447087049484253,0.9663790464401245,0.9071451425552368,0.8323116302490234,0.93308424949646,0.945369303226471,0.9664781093597412
69,0.37866729497909546,0.07926206290721893,0.07495615631341934,0.07484652101993561,0.0750168114900589,0.07458577305078506,0.9061710238456726,0.829938530921936,0.931160032749176,0.9481372833251953,0.9667728543281555,0.9130638241767883,0.8415555953979492,0.9366984367370605,0.9503480195999146,0.968862771987915,0.91376131772995,0.8427130579948425,0.9348003268241882,0.9523261785507202,0.9689305424690247,0.9141415357589722,0.8433817028999329,0.9365594983100891,0.9511829018592834,0.9690662622451782,0.9117852449417114,0.839370846748352,0.9360736608505249,0.9515031576156616,0.9690302610397339
70,0.3578581213951111,0.07555277645587921,0.07074867933988571,0.07051179558038712,0.0707244798541069,0.07032036036252975,0.9115010499954224,0.8389235734939575,0.9399284720420837,0.9438267946243286,0.9678162932395935,0.9187215566635132,0.8512495756149292,0.9471563696861267,0.9442289471626282,0.9698206782341003,0.91954505443573,0.8526233434677124,0.9456626176834106,0.946341872215271,0.9700510501861572,0.919560432434082,0.852688193321228,0.9465582370758057,0.945543646812439,0.9700511693954468,0.9173327684402466,0.848844051361084,0.9461402297019958,0.9458596706390381,0.970034658908844
71,0.3501582145690918,0.07368086278438568,0.06938823312520981,0.06902921944856644,0.06916330754756927,0.0688965767621994,0.9094477891921997,0.8352834582328796,0.9368258118629456,0.9508222341537476,0.9690326452255249,0.9169012904167175,0.8479436635971069,0.9413874745368958,0.9528234601020813,0.9708095788955688,0.9177892804145813,0.8494626879692078,0.9398304224014282,0.9547742009162903,0.9709580540657043,0.9180644750595093,0.8499434590339661,0.9411724805831909,0.9539233446121216,0.971068799495697,0.9155486226081848,0.8456209301948547,0.9409378170967102,0.9542586803436279,0.9711030125617981
72,0.36045610904693604,0.07524819672107697,0.07145561277866364,0.07138770073652267,0.07145541906356812,0.07090920954942703,0.9097504615783691,0.8358935117721558,0.9398647546768188,0.946671187877655,0.9686297178268433,0.9167951345443726,0.8478833436965942,0.9452143311500549,0.9479199051856995,0.970395028591156,0.9176994562149048,0.849384605884552,0.9436622858047485,0.9495375156402588,0.9704586267471313,0.9179196357727051,0.849830150604248,0.9452922344207764,0.9487367868423462,0.9706536531448364,0.9155414700508118,0.8457187414169312,0.9448847770690918,0.9492260813713074,0.9706891179084778
73,0.3815702795982361,0.07825230062007904,0.07600926607847214,0.07627793401479721,0.07602223008871078,0.07500850409269333,0.9066246151924133,0.8307560086250305,0.9353247284889221,0.9463647603988647,0.9673524498939514,0.9125035405158997,0.8406360745429993,0.9384892582893372,0.9477627277374268,0.9685863256454468,0.9131393432617188,0.8416842222213745,0.9363271594047546,0.9497641921043396,0.9685971736907959,0.913770854473114,0.8427661061286926,0.9384218454360962,0.9489250183105469,0.9689051508903503,0.9115082025527954,0.8389309644699097,0.9382027387619019,0.9493969678878784,0.9689839482307434
74,0.34750235080718994,0.07317983359098434,0.06876607239246368,0.06844355165958405,0.06876309216022491,0.06834979355335236,0.9112123250961304,0.8387773633003235,0.9420474767684937,0.9461048245429993,0.9690358638763428,0.9177506566047668,0.85011225938797,0.9482729434967041,0.9474747180938721,0.9710665345191956,0.9186756014823914,0.8516658544540405,0.9472742080688477,0.9489853978157043,0.9712463617324829,0.9188414812088013,0.8519566655158997,0.9479310512542725,0.9485183954238892,0.9712823033332825,0.9166202545166016,0.8481009602546692,0.9476706981658936,0.9488005042076111,0.9712964296340942
75,0.3521663248538971,0.07470075786113739,0.06947285681962967,0.0692765936255455,0.06945314258337021,0.06926296651363373,0.9089866876602173,0.8350719213485718,0.9412559270858765,0.944491982460022,0.9683574438095093,0.9169913530349731,0.8486354947090149,0.946513295173645,0.9476330876350403,0.9706517457962036,0.9177233576774597,0.8498777151107788,0.9451436996459961,0.94914710521698,0.970734179019928,0.9179340600967407,0.8502306938171387,0.9461608529090881,0.9485547542572021,0.9708284735679626,0.9154064059257507,0.8459174036979675,0.946079671382904,0.948570191860199,0.9708117246627808
76,0.36361533403396606,0.07667327672243118,0.07183533906936646,0.07171796262264252,0.0718647912144661,0.07152395695447922,0.9079076647758484,0.8328591585159302,0.9355084896087646,0.9477687478065491,0.9678067564964294,0.915285587310791,0.8453211784362793,0.9407141208648682,0.9494681358337402,0.9696641564369202,0.9163073301315308,0.8470069169998169,0.9391804337501526,0.951438844203949,0.9698296785354614,0.9165781736373901,0.8475047945976257,0.9405252933502197,0.950611412525177,0.9699450135231018,0.914019763469696,0.8431419134140015,0.9401544332504272,0.9509406089782715,0.9699424505233765
77,0.3394588828086853,0.07216273248195648,0.0669763833284378,0.06665101647377014,0.06693030893802643,0.06673847138881683,0.9127365946769714,0.8411663174629211,0.9410721063613892,0.9493955373764038,0.9697371125221252,0.9207412600517273,0.8546686172485352,0.9464316964149475,0.9526326060295105,0.9720844030380249,0.9214640855789185,0.855878472328186,0.9452033042907715,0.9546678066253662,0.9723473787307739,0.9216071367263794,0.8561497926712036,0.9462089538574219,0.9536041617393494,0.9723064303398132,0.9191361665725708,0.851932168006897,0.9459889531135559,0.9537414908409119,0.9722880125045776
78,0.3451917767524719,0.07244663685560226,0.06832963973283768,0.06827597320079803,0.06829248368740082,0.0678471103310585,0.9130376577377319,0.8412564992904663,0.9449938535690308,0.9464475512504578,0.9699069857597351,0.920565128326416,0.8541684150695801,0.9487648010253906,0.9488469958305359,0.9715971350669861,0.9212340116500854,0.8552913665771484,0.9471985697746277,0.9503628611564636,0.9716278314590454,0.9214539527893066,0.8557012677192688,0.9485209584236145,0.9495515823364258,0.9717389345169067,0.9190689325332642,0.8515669107437134,0.9486157894134521,0.9499024152755737,0.971866250038147
79,0.35330379009246826,0.0745452493429184,0.06991773843765259,0.06966707855463028,0.06972526013851166,0.06944842636585236,0.9106141924858093,0.8374433517456055,0.9390484094619751,0.9472400546073914,0.9685812592506409,0.9179537892341614,0.8499456644058228,0.9443246126174927,0.9499669075012207,0.9707573056221008,0.9189682006835938,0.8516569137573242,0.943237841129303,0.951616108417511,0.9709490537643433,0.9190711975097656,0.8518746495246887,0.9441321492195129,0.9513234496116638,0.971099853515625,0.9166528582572937,0.8477016687393188,0.9439611434936523,0.9511990547180176,0.9710188508033752
80,0.3163486421108246,0.06753242015838623,0.06236926466226578,0.062050603330135345,0.062269240617752075,0.06212713196873665,0.9158061742782593,0.84589684009552,0.9459477066993713,0.9504921436309814,0.9713364839553833,0.9231996536254883,0.8584950566291809,0.9513490200042725,0.9540493488311768,0.9737921357154846,0.9241994023323059,0.8601700663566589,0.9501403570175171,0.9554851651191711,0.9738881587982178,0.9242941737174988,0.8603388071060181,0.9507192373275757,0.9551502466201782,0.9739444851875305,0.9218748211860657,0.8561954498291016,0.9507137537002563,0.954899787902832,0.973870575428009
81,0.31835609674453735,0.06792927533388138,0.06284934282302856,0.06245071813464165,0.06262698769569397,0.06249978393316269,0.9166384935379028,0.8469710350036621,0.9466553926467896,0.950187087059021,0.9714338779449463,0.924856960773468,0.861099362373352,0.9518170356750488,0.9529601335525513,0.973599374294281,0.9259089231491089,0.8629008531570435,0.9508855938911438,0.9547542333602905,0.9738739132881165,0.9260852932929993,0.8632022142410278,0.9515438079833984,0.9543434381484985,0.9739288091659546,0.9233667254447937,0.8584946393966675,0.9515309929847717,0.9542300701141357,0.9738925695419312
82,0.3218030631542206,0.06856394559144974,0.0635739415884018,0.06316419690847397,0.06334838271141052,0.06315258145332336,0.9157797694206238,0.8459814190864563,0.9450827836990356,0.9490085244178772,0.9706777930259705,0.9236289858818054,0.8595072031021118,0.9507623314857483,0.9511503577232361,0.9727945923805237,0.9248272180557251,0.8614924550056458,0.9501613974571228,0.9526271820068359,0.9730660915374756,0.9248515367507935,0.861587405204773,0.9510162472724915,0.9520186185836792,0.9731143712997437,0.9222715497016907,0.8571074604988098,0.9504625797271729,0.9523636102676392,0.97306889295578
83,0.3111116588115692,0.06680233776569366,0.061217647045850754,0.060940057039260864,0.06104050204157829,0.06111115962266922,0.9196580648422241,0.8521548509597778,0.9463125467300415,0.9509691596031189,0.9715709686279297,0.9278091192245483,0.8661092519760132,0.951109766960144,0.9548588395118713,0.9739634394645691,0.9288943409919739,0.8679770231246948,0.9504919052124023,0.9559224247932434,0.9741073846817017,0.9291313290596008,0.8683905601501465,0.9512527585029602,0.9555749297142029,0.9742082953453064,0.9263714551925659,0.863620400428772,0.9509580731391907,0.9555090069770813,0.9741113185882568
84,0.3304338753223419,0.0702153742313385,0.06531333923339844,0.06496318429708481,0.06499329209327698,0.0649486780166626,0.9150955080986023,0.8446866869926453,0.944311797618866,0.9488138556480408,0.9704188108444214,0.9225881695747375,0.8574687838554382,0.9487844705581665,0.9525538086891174,0.9726818203926086,0.9235619306564331,0.8591349720954895,0.9476816654205322,0.9540095925331116,0.972812294960022,0.9240142703056335,0.8599069714546204,0.9485346674919128,0.9536120295524597,0.9729225039482117,0.9213125109672546,0.8552640080451965,0.9485649466514587,0.9535391926765442,0.9729093909263611
85,0.35211271047592163,0.0742882639169693,0.06957171112298965,0.06949950754642487,0.06954725086688995,0.06920606642961502,0.9097498655319214,0.8359137773513794,0.939794659614563,0.9476795196533203,0.9689043760299683,0.9175149202346802,0.8491222262382507,0.9448183178901672,0.9496210813522339,0.9707865118980408,0.9185584187507629,0.8508636355400085,0.9432122111320496,0.9515827298164368,0.97093266248703,0.9188949465751648,0.8514931797981262,0.9444873332977295,0.950997531414032,0.9710989594459534,0.9161761999130249,0.8468020558357239,0.9442668557167053,0.9511500000953674,0.9710851311683655
86,0.3125273585319519,0.06700201332569122,0.061639152467250824,0.06124068424105644,0.06133093684911728,0.061314575374126434,0.9187200665473938,0.8508855700492859,0.9491493701934814,0.9485915303230286,0.9716233611106873,0.9265015721321106,0.8642288446426392,0.9546542763710022,0.9516136646270752,0.9739543795585632,0.9275124669075012,0.8659583926200867,0.9545987844467163,0.9522836804389954,0.9741355776786804,0.9277284741401672,0.8663548231124878,0.9550631046295166,0.9521586894989014,0.974221408367157,0.9251158833503723,0.8618265390396118,0.9545557498931885,0.9522045254707336,0.9741011261940002
87,0.31501397490501404,0.06727030873298645,0.06216125935316086,0.06188188120722771,0.06190316751599312,0.06179738789796829,0.918584942817688,0.8507676124572754,0.9470147490501404,0.9503060579299927,0.9715629816055298,0.9260121583938599,0.8637941479682922,0.9521635174751282,0.9530778527259827,0.9737250208854675,0.9268119931221008,0.8651755452156067,0.951610267162323,0.9544675350189209,0.9739823937416077,0.9272071719169617,0.8658585548400879,0.951926589012146,0.9543731808662415,0.9740385413169861,0.924643874168396,0.8613448143005371,0.9517826437950134,0.9542446732521057,0.9739633202552795
88,0.34166795015335083,0.07254383713006973,0.06748737394809723,0.06718320399522781,0.06731719523668289,0.06713633984327316,0.9111797213554382,0.838967502117157,0.9404487013816833,0.9483473896980286,0.9692696928977966,0.9187933802604675,0.8519381284713745,0.9453339576721191,0.9527263045310974,0.9718220829963684,0.9198082685470581,0.8536764979362488,0.943827748298645,0.9541805386543274,0.9718438386917114,0.9201045036315918,0.85418301820755,0.9443030953407288,0.9540399312973022,0.9719288945198059,0.9174681901931763,0.8496554493904114,0.9446583390235901,0.9535695314407349,0.9718872308731079
89,0.32592064142227173,0.07035867869853973,0.06419101357460022,0.06364254653453827,0.06373030692338943,0.0639980360865593,0.9145380258560181,0.8440090417861938,0.9428271651268005,0.9488879442214966,0.9700506925582886,0.922684371471405,0.8579014539718628,0.9503841996192932,0.9514142274856567,0.972771942615509,0.9236494898796082,0.8595067262649536,0.9498432874679565,0.9527925252914429,0.9730302095413208,0.9239570498466492,0.860069751739502,0.9505689144134521,0.9525353908538818,0.9731467962265015,0.9212091565132141,0.8553411364555359,0.9496186971664429,0.9526709914207458,0.9729357361793518
90,0.3146873712539673,0.06744812428951263,0.061870116740465164,0.06172783300280571,0.06187267228960991,0.061768703162670135,0.9190743565559387,0.8510130643844604,0.9491264224052429,0.9473834037780762,0.9712633490562439,0.9275894165039062,0.8656606674194336,0.9536646604537964,0.9521058201789856,0.9738375544548035,0.9282501935958862,0.8668025732040405,0.9526434540748596,0.9532284736633301,0.9738953709602356,0.9284942746162415,0.8672381639480591,0.9532104134559631,0.9529584050178528,0.9739663600921631,0.9258462190628052,0.8626337051391602,0.9532608389854431,0.9527586102485657,0.9739214777946472
91,0.3048463761806488,0.06545868515968323,0.05998402088880539,0.059780336916446686,0.05978969857096672,0.05983370542526245,0.9216398000717163,0.8555743098258972,0.9487762451171875,0.9503169059753418,0.9720292687416077,0.9292752146720886,0.8687955141067505,0.9543600082397461,0.9538108706474304,0.974517822265625,0.9300194978713989,0.8700965046882629,0.9535899758338928,0.9548872709274292,0.9746271967887878,0.9303531646728516,0.8706761598587036,0.9540180563926697,0.9548167586326599,0.9747198820114136,0.9278227090835571,0.866259753704071,0.9538682103157043,0.9546185731887817,0.9746227264404297
92,0.3280755877494812,0.06951279193162918,0.06488846242427826,0.06464117020368576,0.06459345668554306,0.06443976610898972,0.9180790781974792,0.8495594263076782,0.9415488243103027,0.9519444704055786,0.9705989956855774,0.9259025454521179,0.8629298210144043,0.9467791318893433,0.954220712184906,0.9726349115371704,0.9267460703849792,0.8643878698348999,0.9458092451095581,0.9556824564933777,0.9727993011474609,0.9271809458732605,0.8651540875434875,0.9462699294090271,0.9557849168777466,0.9729506373405457,0.9244796633720398,0.8604797124862671,0.9462910294532776,0.9554669260978699,0.9728648066520691
93,0.31159618496894836,0.0660681426525116,0.061413299292325974,0.06145284324884415,0.061606936156749725,0.061054907739162445,0.9204484224319458,0.8536084890365601,0.9509163498878479,0.9494501948356628,0.9723384976387024,0.9282320737838745,0.867016613483429,0.9547175168991089,0.9534662961959839,0.9745118618011475,0.9287761449813843,0.8679448366165161,0.9535927176475525,0.9547817707061768,0.9745972752571106,0.9288949966430664,0.8681687116622925,0.9542266130447388,0.9544046521186829,0.974655270576477,0.9265846014022827,0.8641484379768372,0.9545387625694275,0.954167902469635,0.9746688604354858
94,0.29352113604545593,0.06296665966510773,0.05785395950078964,0.05754638835787773,0.05754728242754936,0.05760686844587326,0.921761155128479,0.8558390736579895,0.9519160389900208,0.9512633085250854,0.9731311798095703,0.9294983148574829,0.8691668510437012,0.9565660953521729,0.9548355937004089,0.9753987789154053,0.9304025769233704,0.8707271814346313,0.9556117653846741,0.9561587572097778,0.975530743598938,0.9306083917617798,0.8711002469062805,0.9559207558631897,0.9562792778015137,0.975647509098053,0.9280650019645691,0.8666735887527466,0.9561540484428406,0.9558841586112976,0.9755945801734924
95,0.2919880747795105,0.06302790343761444,0.05733705684542656,0.05712921544909477,0.05720718577504158,0.057286690920591354,0.9220167994499207,0.8562771081924438,0.9495128393173218,0.9533008337020874,0.9730904698371887,0.9299675226211548,0.8700020909309387,0.9558753371238708,0.9563908576965332,0.9756678342819214,0.9307826161384583,0.8713916540145874,0.9548596143722534,0.9578772187232971,0.9758287072181702,0.9308661222457886,0.8715606927871704,0.9550952315330505,0.9577828645706177,0.9758638739585876,0.9284092783927917,0.8672803044319153,0.9552034139633179,0.9574155807495117,0.9757864475250244
96,0.2933592200279236,0.06307842582464218,0.057864975184202194,0.057500649243593216,0.05742032080888748,0.05749481916427612,0.9216436147689819,0.8558388948440552,0.953556478023529,0.9509130120277405,0.9734604954719543,0.9298064112663269,0.869979202747345,0.9584545493125916,0.9542525410652161,0.9757277369499207,0.9308207631111145,0.8717206120491028,0.9579668641090393,0.955256998538971,0.9758917689323425,0.9310952425003052,0.8721960186958313,0.9579485058784485,0.9558385610580444,0.9760561585426331,0.9283393621444702,0.8673941493034363,0.958053469657898,0.9552909731864929,0.975924551486969
97,0.32814323902130127,0.06976983696222305,0.06457080692052841,0.06464822590351105,0.0646660178899765,0.06448828428983688,0.914894700050354,0.8446248173713684,0.9439295530319214,0.9513899683952332,0.9710657596588135,0.9227530360221863,0.8580589294433594,0.9476138353347778,0.956509530544281,0.9735145568847656,0.9234937429428101,0.8593721389770508,0.9462254643440247,0.9578832983970642,0.9735404849052429,0.923829197883606,0.8599661588668823,0.9468286633491516,0.9578290581703186,0.9736849665641785,0.9212384223937988,0.8554632067680359,0.9473855495452881,0.9571124911308289,0.9736272096633911
98,0.28395920991897583,0.06152356415987015,0.055826831609010696,0.05546388775110245,0.05544872209429741,0.055696167051792145,0.9220379590988159,0.8564060926437378,0.9521598815917969,0.9537839889526367,0.973929226398468,0.9304744005203247,0.8709219694137573,0.9582858681678772,0.9566227197647095,0.9763734340667725,0.9315088987350464,0.8727049827575684,0.9582909345626831,0.9574027061462402,0.9766011834144592,0.9316803812980652,0.8730326890945435,0.9583578109741211,0.9576621055603027,0.9766941070556641,0.9289278984069824,0.8682354688644409,0.9579622745513916,0.9574413299560547,0.9765252470970154
99,0.2984391152858734,0.06411231309175491,0.05869324132800102,0.05855150893330574,0.058559972792863846,0.05852211266756058,0.9225700497627258,0.8572160601615906,0.9501664638519287,0.9518889784812927,0.9728528261184692,0.930515468120575,0.8710259199142456,0.9541404247283936,0.9563128352165222,0.9751859307289124,0.9314301609992981,0.8725911974906921,0.9539190530776978,0.9568527340888977,0.9752834439277649,0.9315972328186035,0.8729084730148315,0.9538755416870117,0.9571840167045593,0.9753676056861877,0.9290258288383484,0.8683985471725464,0.9541826248168945,0.9569046497344971,0.9753682613372803
100,0.28272926807403564,0.06101100519299507,0.05570263788104057,0.0553736686706543,0.055327706038951874,0.055314283818006516,0.9224200248718262,0.8571584820747375,0.952608585357666,0.9537163376808167,0.9740279912948608,0.931291937828064,0.8723946809768677,0.9595683813095093,0.9562674164772034,0.9766096472740173,0.9323102831840515,0.8741429448127747,0.9589899182319641,0.9574337601661682,0.9767954349517822,0.9326096773147583,0.8746751546859741,0.958890438079834,0.957775354385376,0.976868212223053,0.9296576380729675,0.8695510029792786,0.9587538838386536,0.9574053287506104,0.9767246246337891
101,0.26786771416664124,0.058789439499378204,0.05245158076286316,0.05203794687986374,0.052120815962553024,0.052467890083789825,0.9265780448913574,0.8640058636665344,0.9537380337715149,0.955661416053772,0.9748907685279846,0.9352661371231079,0.8790785670280457,0.9589473009109497,0.9599888324737549,0.977523684501648,0.9363936185836792,0.8810425996780396,0.9590316414833069,0.9607535004615784,0.9777666926383972,0.9365798234939575,0.8813759088516235,0.9591163992881775,0.9608327150344849,0.9778120517730713,0.9337061643600464,0.8763407468795776,0.958927571773529,0.9604860544204712,0.9776619076728821
102,0.28698498010635376,0.06227544695138931,0.056297559291124344,0.0560937225818634,0.056096188724040985,0.05622199922800064,0.9243773221969604,0.8603493571281433,0.9523904323577881,0.9527140259742737,0.9736789464950562,0.9335511922836304,0.8762165904045105,0.959043562412262,0.9560496211051941,0.9764073491096497,0.9344364404678345,0.8777567744255066,0.9586310386657715,0.9566048383712769,0.9764596223831177,0.9346930384635925,0.8782059550285339,0.9584105610847473,0.9571715593338013,0.9765657782554626,0.9317666292190552,0.8730951547622681,0.9582904577255249,0.956855833530426,0.9764423370361328
103,0.2751375436782837,0.05998234823346138,0.054010458290576935,0.05358664318919182,0.053649138659238815,0.05390896648168564,0.9241158366203308,0.859757125377655,0.9526865482330322,0.9547762274742126,0.9743562340736389,0.933635413646698,0.8762391805648804,0.9584957957267761,0.9588416814804077,0.9770722985267639,0.9348282814025879,0.8783050775527954,0.9582533240318298,0.9598886966705322,0.977310299873352,0.9349748492240906,0.8785743713378906,0.9581598043441772,0.9600322246551514,0.9773268103599548,0.9318852424621582,0.8731719255447388,0.9581336975097656,0.9596133828163147,0.9771990180015564
104,0.2632310390472412,0.05805949494242668,0.05145599693059921,0.05107526853680611,0.05110139772295952,0.05153893306851387,0.9265496134757996,0.8640565872192383,0.9550081491470337,0.9561177492141724,0.9753590822219849,0.9358543157577515,0.8802242279052734,0.9603508114814758,0.9607995748519897,0.9781309962272644,0.936802089214325,0.8818801045417786,0.9601619243621826,0.9617127180099487,0.9783439636230469,0.9370291829109192,0.8822883367538452,0.9599712491035461,0.9619960784912109,0.978374719619751,0.934056282043457,0.8770691156387329,0.9601073861122131,0.961446225643158,0.978252649307251
105,0.26447951793670654,0.058223970234394073,0.05177777260541916,0.05132579058408737,0.05135667324066162,0.05179530382156372,0.9256032109260559,0.8623124957084656,0.9544731974601746,0.9559116959571838,0.9751577973365784,0.93479984998703,0.8782558441162109,0.9613152146339417,0.9593632221221924,0.9779720306396484,0.9358077049255371,0.8800131678581238,0.961586058139801,0.9597560167312622,0.9781578183174133,0.9359030723571777,0.8801820874214172,0.9613335132598877,0.9601237177848816,0.9781970977783203,0.933030903339386,0.8751579523086548,0.9608865976333618,0.9599476456642151,0.97802734375
106,0.2683723270893097,0.058954447507858276,0.052600882947444916,0.05219056084752083,0.052168600261211395,0.052457839250564575,0.9280924797058105,0.8667014241218567,0.9563630223274231,0.9530683159828186,0.9748298525810242,0.9374950528144836,0.88310307264328,0.9617171883583069,0.9576988220214844,0.9775955080986023,0.9386518597602844,0.885132908821106,0.9619715809822083,0.9582499861717224,0.9778232574462891,0.9386968612670898,0.8852196931838989,0.9618542194366455,0.9585992693901062,0.977893590927124,0.9357314109802246,0.8799940943717957,0.9617089033126831,0.9582727551460266,0.9777601957321167
107,0.3879188299179077,0.07974075525999069,0.07723600417375565,0.07783613353967667,0.07736632227897644,0.07573962211608887,0.9078261256217957,0.833935558795929,0.934364914894104,0.9480294585227966,0.9675821661949158,0.9149371385574341,0.8460848927497864,0.9370169639587402,0.9501432180404663,0.9688875675201416,0.9152464866638184,0.8466914892196655,0.9359471797943115,0.9504128098487854,0.9686838984489441,0.9160774350166321,0.8480887413024902,0.9374386668205261,0.9501097798347473,0.9689887762069702,0.9134899973869324,0.8435930013656616,0.9374253749847412,0.9513457417488098,0.9693409204483032
108,0.32142093777656555,0.06827486306428909,0.06331336498260498,0.06329260766506195,0.06341364234685898,0.06312654167413712,0.9166210889816284,0.8478826284408569,0.9466269612312317,0.9505749344825745,0.9715391993522644,0.9224810600280762,0.8579579591751099,0.9519820213317871,0.9544384479522705,0.9740721583366394,0.9231402277946472,0.859127402305603,0.9512715935707092,0.9557381868362427,0.9742604494094849,0.923714816570282,0.8601385354995728,0.9507604837417603,0.9560806155204773,0.9742240905761719,0.9214903116226196,0.8562571406364441,0.9514113664627075,0.9552856087684631,0.9741666316986084
109,0.2825961709022522,0.061373043805360794,0.05546071007847786,0.05514093488454819,0.055191654711961746,0.05542978644371033,0.9231026768684387,0.8581264615058899,0.9534978270530701,0.9530072808265686,0.9740563631057739,0.9316798448562622,0.8729419708251953,0.9583330750465393,0.9573299884796143,0.9765912294387817,0.9324142336845398,0.874224841594696,0.9580892324447632,0.9581717848777771,0.9767705202102661,0.9325975179672241,0.8745647668838501,0.9575681090354919,0.9590534567832947,0.9768871068954468,0.9299459457397461,0.8699280023574829,0.9581241011619568,0.9580907225608826,0.9767562747001648
110,0.2926526665687561,0.06289710104465485,0.05764932557940483,0.05733804032206535,0.057368986308574677,0.05739913508296013,0.9238219261169434,0.8592621684074402,0.9494156837463379,0.9535402655601501,0.9731342196464539,0.932212233543396,0.8737455606460571,0.954375147819519,0.9573718309402466,0.9755542874336243,0.9332370758056641,0.8755273818969727,0.9546611309051514,0.957636296749115,0.9757064580917358,0.9333266019821167,0.8757065534591675,0.9545099139213562,0.9582115411758423,0.9758323431015015,0.930651843547821,0.8710294961929321,0.9544163942337036,0.9577999114990234,0.9756888151168823
111,0.25779011845588684,0.05675140768289566,0.05048355460166931,0.04995369166135788,0.05014386773109436,0.05045758932828903,0.9273198843002319,0.8654121160507202,0.956087589263916,0.9561015963554382,0.9756401181221008,0.9367077946662903,0.8817012906074524,0.9623464941978455,0.9602000117301941,0.978488564491272,0.9378666877746582,0.8837238550186157,0.9624780416488647,0.9607852101325989,0.978692889213562,0.9378244280815125,0.8836571574211121,0.9619807004928589,0.9613149166107178,0.9787136316299438,0.9349306225776672,0.878585159778595,0.9618821740150452,0.9608252048492432,0.9785459041595459
112,0.27298301458358765,0.059399254620075226,0.053652167320251465,0.05320996791124344,0.0532192699611187,0.05350232124328613,0.9238092303276062,0.85942542552948,0.9539167881011963,0.9534185528755188,0.974286675453186,0.9327712059020996,0.8749052286148071,0.9594445824623108,0.9575222730636597,0.976941704750061,0.9338903427124023,0.8768423199653625,0.959293782711029,0.9581523537635803,0.9770844578742981,0.9340268969535828,0.8770974278450012,0.9592791199684143,0.9587087631225586,0.9772417545318604,0.9311240911483765,0.872028648853302,0.9591457843780518,0.9581540822982788,0.9770457148551941
113,0.25475171208381653,0.056140970438718796,0.04991460591554642,0.04943148046731949,0.049469850957393646,0.04979478567838669,0.9280637502670288,0.8668147921562195,0.957006573677063,0.9572592973709106,0.9762191772460938,0.9368063807487488,0.882075309753418,0.9630872011184692,0.9609430432319641,0.978900671005249,0.9379580616950989,0.8840730786323547,0.963434636592865,0.9613834023475647,0.9791204929351807,0.9380172491073608,0.8841729164123535,0.9628813862800598,0.9620272517204285,0.9791591763496399,0.9352127909660339,0.8792502284049988,0.9628713130950928,0.9616754651069641,0.979054868221283
114,0.2796815037727356,0.06108308956027031,0.05483810231089592,0.054494135081768036,0.05456696078181267,0.05469917133450508,0.9230293035507202,0.8582147359848022,0.9518170356750488,0.9540599584579468,0.9739187955856323,0.9328079223632812,0.8750267028808594,0.9579540491104126,0.9585396647453308,0.9768410921096802,0.9340901374816895,0.8772574663162231,0.9574035406112671,0.9597522020339966,0.9770450592041016,0.9340106248855591,0.8771359324455261,0.9573403000831604,0.9600249528884888,0.9771068692207336,0.9309841394424438,0.8718631863594055,0.9573888778686523,0.9593866467475891,0.9769356846809387
115,0.2583538591861725,0.05728934332728386,0.05050763487815857,0.04997925087809563,0.050013650208711624,0.05056395381689072,0.9287620782852173,0.867692768573761,0.9564977884292603,0.9547705054283142,0.9753617644309998,0.9383683204650879,0.8844394683837891,0.9622067213058472,0.9600003957748413,0.9783935546875,0.9395942687988281,0.8865975141525269,0.9626811146736145,0.9603481292724609,0.9786204099655151,0.9395912885665894,0.8866019248962402,0.9624226093292236,0.9607575535774231,0.9786701202392578,0.9365776181221008,0.88128662109375,0.962231457233429,0.9602846503257751,0.9784824252128601
116,0.25473517179489136,0.05627290531992912,0.04985160753130913,0.04942193254828453,0.04941542074084282,0.049773313105106354,0.929429829120636,0.8689608573913574,0.9563364386558533,0.9569066762924194,0.9759394526481628,0.9386845827102661,0.8851054906845093,0.9621356725692749,0.9611923694610596,0.9787194728851318,0.9397554397583008,0.886994481086731,0.9625142812728882,0.9616296291351318,0.9789465665817261,0.9398702383041382,0.8871986269950867,0.9624037742614746,0.9620140194892883,0.979028046131134,0.936933159828186,0.8820232152938843,0.9621040225028992,0.9616522192955017,0.9788438081741333
117,0.2476004660129547,0.05475376173853874,0.04841170832514763,0.04802372679114342,0.04802386835217476,0.04838737100362778,0.9308359026908875,0.8713406324386597,0.9579466581344604,0.9579168558120728,0.9766588807106018,0.9398075938224792,0.8870598077774048,0.9639030694961548,0.9617056846618652,0.9793384671211243,0.9408923983573914,0.8889765739440918,0.9641689658164978,0.9620492458343506,0.9795085787773132,0.9410382509231567,0.8892370462417603,0.963819682598114,0.9626094102859497,0.9795772433280945,0.9381451606750488,0.8841188549995422,0.9636340141296387,0.9623209238052368,0.9794445037841797
118,0.25762778520584106,0.0565907284617424,0.05043806880712509,0.050128769129514694,0.050090789794921875,0.050379443913698196,0.9278295636177063,0.8661729097366333,0.9564675688743591,0.9569877982139587,0.9759976863861084,0.9373927116394043,0.88282310962677,0.9614788293838501,0.9614770412445068,0.9786267876625061,0.9385319948196411,0.8848255276679993,0.9614943861961365,0.9621638655662537,0.9788289666175842,0.9386692047119141,0.8850730061531067,0.9613174796104431,0.9625757932662964,0.9789003729820251,0.9356040954589844,0.8796789050102234,0.9614018201828003,0.9621140360832214,0.9787899255752563
119,0.257906436920166,0.056544166058301926,0.050574831664562225,0.05025101453065872,0.0501706525683403,0.05036578327417374,0.928708553314209,0.8676877021789551,0.9546574950218201,0.9580515623092651,0.9758253693580627,0.9378871917724609,0.8837107419967651,0.9600684642791748,0.9619825482368469,0.9783967137336731,0.9389726519584656,0.8856287002563477,0.960324227809906,0.9624717831611633,0.9786056280136108,0.9391640424728394,0.8859637975692749,0.9603292346000671,0.9628961682319641,0.9787290096282959,0.9361826777458191,0.8807080984115601,0.9599396586418152,0.9625904560089111,0.9785372614860535
120,0.24963998794555664,0.05510339140892029,0.048832546919584274,0.048487529158592224,0.04844225198030472,0.04877432808279991,0.9304639101028442,0.8708389401435852,0.9591205716133118,0.9562937617301941,0.9764987826347351,0.939073920249939,0.8858979940414429,0.9646048545837402,0.9607880115509033,0.9792596101760864,0.9401326179504395,0.8877609372138977,0.9648207426071167,0.9612206816673279,0.9794424772262573,0.9402540326118469,0.8879812955856323,0.9645498394966125,0.9618301391601562,0.9795467257499695,0.9374812841415405,0.8830860257148743,0.9644462466239929,0.9612984657287598,0.9793652892112732
121,0.26643121242523193,0.05847521871328354,0.05224161595106125,0.05182906240224838,0.051805246621370316,0.05208010599017143,0.9274431467056274,0.8656193017959595,0.9532521367073059,0.9563354849815369,0.974957287311554,0.9356926679611206,0.8799375295639038,0.958747923374176,0.9608756303787231,0.9777263402938843,0.9366921186447144,0.8816714286804199,0.9588267207145691,0.9613763689994812,0.9778915643692017,0.9370591044425964,0.8823152780532837,0.9587112069129944,0.9618909358978271,0.9780088067054749,0.93421870470047,0.8773457407951355,0.9586007595062256,0.9613574743270874,0.977825939655304
122,0.25562357902526855,0.0562729649245739,0.049960557371377945,0.04967675358057022,0.04970931261777878,0.050003957003355026,0.9276120066642761,0.8659279942512512,0.9564221501350403,0.9566699266433716,0.9758935570716858,0.9368913769721985,0.8821010589599609,0.9623597860336304,0.9608944654464722,0.9786930084228516,0.937961220741272,0.8839967846870422,0.9626389145851135,0.9612097144126892,0.9788584113121033,0.9382322430610657,0.8844642639160156,0.9625875949859619,0.9615206122398376,0.9789345860481262,0.9351720809936523,0.8790777325630188,0.9622754454612732,0.961281418800354,0.9787824153900146
123,0.25909432768821716,0.05681811645627022,0.05071907490491867,0.05049161985516548,0.0505046471953392,0.050560928881168365,0.930211067199707,0.8703247904777527,0.9566270709037781,0.9564061164855957,0.9758712649345398,0.9388309717178345,0.8854534029960632,0.9625064730644226,0.9602850079536438,0.9785556793212891,0.93976891040802,0.8871121406555176,0.9624175429344177,0.9610823392868042,0.978762686252594,0.939923107624054,0.8873858451843262,0.9618826508522034,0.9617601037025452,0.9788159728050232,0.9371839761734009,0.8825355768203735,0.9621370434761047,0.9611955285072327,0.9787207245826721
124,0.2546839416027069,0.056077368557453156,0.04982757195830345,0.04947618395090103,0.049497950822114944,0.04980483651161194,0.9291313886642456,0.8685439825057983,0.9551786184310913,0.9582973122596741,0.9760345220565796,0.938647449016571,0.8851280212402344,0.9612051844596863,0.9622570872306824,0.9787787199020386,0.939677357673645,0.8869448900222778,0.9616405963897705,0.962623655796051,0.9790003299713135,0.939734935760498,0.8870548009872437,0.9615411758422852,0.9629610776901245,0.9790709018707275,0.9368006587028503,0.8818823099136353,0.9611790776252747,0.9627429842948914,0.9789115786552429
125,0.2786756157875061,0.05951686576008797,0.05490453913807869,0.054977405816316605,0.05485064908862114,0.054426200687885284,0.9265092015266418,0.8639553785324097,0.9530234336853027,0.9561908841133118,0.9748548865318298,0.934310793876648,0.8775324821472168,0.9566495418548584,0.9597213268280029,0.9768357872962952,0.934989333152771,0.8787258863449097,0.9562498331069946,0.9599043130874634,0.9767822027206421,0.9353474378585815,0.879339873790741,0.9559890031814575,0.9606428146362305,0.976925253868103,0.9327866435050964,0.8748552203178406,0.9564611315727234,0.9602468013763428,0.9769369959831238
126,0.24731102585792542,0.054895102977752686,0.04833877459168434,0.04782805219292641,0.04787485674023628,0.04837420955300331,0.929110050201416,0.8686574697494507,0.9576789736747742,0.9578462839126587,0.9765674471855164,0.9374122619628906,0.8831203579902649,0.9636922478675842,0.9619559049606323,0.9793546199798584,0.9382866621017456,0.884661078453064,0.9645503163337708,0.9620460867881775,0.9796093106269836,0.938553512096405,0.885140061378479,0.9640199542045593,0.9625847339630127,0.979623556137085,0.93584144115448,0.8803634643554688,0.9637715220451355,0.962264895439148,0.9794649481773376
127,0.24665820598602295,0.054548852145671844,0.048193395137786865,0.047890905290842056,0.04787532985210419,0.04814968630671501,0.9313972592353821,0.8724331855773926,0.9581740498542786,0.9569787383079529,0.9764471650123596,0.9406794309616089,0.8887044191360474,0.9639883637428284,0.9619961977005005,0.9794451594352722,0.9417687654495239,0.8906316757202148,0.9639237523078918,0.9624996185302734,0.9795733094215393,0.9419102668762207,0.8908789753913879,0.9636244177818298,0.9630444049835205,0.979650616645813,0.9389375448226929,0.8856192827224731,0.9634997248649597,0.9624348282814026,0.9794415831565857
128,0.2562223970890045,0.05634035915136337,0.050108592957258224,0.049876607954502106,0.049819208681583405,0.050077568739652634,0.9285322427749634,0.8674470782279968,0.9560889601707458,0.9577034711837769,0.9761044979095459,0.9381034970283508,0.8841220140457153,0.9622067213058472,0.9615187048912048,0.9788326025009155,0.9390959739685059,0.8858882188796997,0.9620146751403809,0.9622170925140381,0.9789829254150391,0.9392355680465698,0.8861327171325684,0.9618799090385437,0.9627337455749512,0.9790958166122437,0.9362430572509766,0.8808579444885254,0.9617809057235718,0.9623234272003174,0.9789512753486633
129,0.2451682835817337,0.054218925535678864,0.0479130856692791,0.047591228038072586,0.04755125939846039,0.04789375886321068,0.9285589456558228,0.867817223072052,0.9564309120178223,0.9600030183792114,0.9768587946891785,0.9379005432128906,0.8840514421463013,0.9622754454612732,0.9639137387275696,0.9795407652854919,0.9389090538024902,0.8858202695846558,0.9623684883117676,0.9644781351089478,0.9797276854515076,0.9389818906784058,0.8859540820121765,0.9617959856987,0.9652039408683777,0.97978276014328,0.9360885620117188,0.8808726072311401,0.9619624018669128,0.9646573662757874,0.9796705842018127
130,0.2321290671825409,0.05207664892077446,0.0452987477183342,0.04475145787000656,0.044689975678920746,0.045312248170375824,0.9322711825370789,0.8739574551582336,0.9592388272285461,0.9603172540664673,0.9776960015296936,0.9421207308769226,0.8912174105644226,0.9654009938240051,0.9647752642631531,0.9806234836578369,0.9433811902999878,0.8934491276741028,0.9658020734786987,0.9653985500335693,0.9809100031852722,0.9434913396835327,0.8936393857002258,0.9653565883636475,0.9659799933433533,0.9809578061103821,0.9403149485588074,0.8880192637443542,0.9651727676391602,0.9654183387756348,0.9807473421096802
131,0.24095387756824493,0.05331946536898613,0.04712013527750969,0.04679916054010391,0.04670015349984169,0.04701492562890053,0.9323315620422363,0.8740695118904114,0.9591814875602722,0.9586485028266907,0.9771984219551086,0.9417203664779663,0.8905068635940552,0.9646924138069153,0.9626855254173279,0.9798319339752197,0.9429062604904175,0.8926076889038086,0.9651768803596497,0.9629069566726685,0.9800251126289368,0.9430643916130066,0.8928829431533813,0.9650214910507202,0.963394284248352,0.980124294757843,0.9400059580802917,0.8874775171279907,0.9647176265716553,0.9631010293960571,0.9799585938453674
132,0.2438255250453949,0.05381665378808975,0.04769820719957352,0.04743203520774841,0.04734627902507782,0.04753241688013077,0.9323515892028809,0.8740226626396179,0.9579178094863892,0.9598801136016846,0.9772186279296875,0.9415236711502075,0.8901745676994324,0.9639865159988403,0.9637775421142578,0.9799584746360779,0.9425426721572876,0.8919898867607117,0.9639351963996887,0.9642936587333679,0.980093240737915,0.9426943063735962,0.8922570943832397,0.9637183547019958,0.9649484157562256,0.9802234768867493,0.9397791028022766,0.8870762586593628,0.9635409712791443,0.9645587205886841,0.9800641536712646
133,0.24468016624450684,0.05440526083111763,0.04774560406804085,0.047385744750499725,0.047395169734954834,0.0477483831346035,0.9299924969673157,0.8702362775802612,0.9564822316169739,0.9597755074501038,0.9768068790435791,0.9394060373306274,0.8866650462150574,0.9614178538322449,0.96524977684021,0.9796947240829468,0.9404000043869019,0.8884397745132446,0.9617950916290283,0.9655587673187256,0.9798840880393982,0.9405277967453003,0.888680100440979,0.9616589546203613,0.9658252000808716,0.9799239039421082,0.937580406665802,0.883464515209198,0.9616016745567322,0.9653943181037903,0.9797852635383606
134,0.24472534656524658,0.05372537299990654,0.0480281226336956,0.04769986867904663,0.04754982888698578,0.047722138464450836,0.9314589500427246,0.8725942373275757,0.9590921401977539,0.9574407339096069,0.9768245816230774,0.9397363662719727,0.88714599609375,0.9653423428535461,0.9613816738128662,0.9796279668807983,0.9407665133476257,0.8889697790145874,0.9656347632408142,0.9617607593536377,0.979815661907196,0.9410867691040039,0.8895392417907715,0.9654876589775085,0.9623021483421326,0.9799331426620483,0.9382608532905579,0.8845240473747253,0.9652099013328552,0.9620130062103271,0.9797754883766174
135,0.22935891151428223,0.0517573356628418,0.04468661919236183,0.044088978320360184,0.0440802201628685,0.04474574327468872,0.9332715272903442,0.8756107091903687,0.9585549235343933,0.9611347913742065,0.9777496457099915,0.943182647228241,0.8930481672286987,0.964814305305481,0.9660599231719971,0.9808356165885925,0.9443618655204773,0.8951538801193237,0.9653079509735107,0.9665976762771606,0.9811219573020935,0.9444990158081055,0.895400881767273,0.9647029638290405,0.9674162864685059,0.9811941981315613,0.9413283467292786,0.8897584676742554,0.9646456241607666,0.9667180776596069,0.9809790253639221
136,0.2296946495771408,0.0515020377933979,0.04475307837128639,0.04432431608438492,0.044365182518959045,0.044750042259693146,0.9351410865783691,0.8789002299308777,0.9619660377502441,0.9588710069656372,0.9780021905899048,0.9449187517166138,0.8961340188980103,0.9670653343200684,0.9639151692390442,0.9808202385902405,0.9459193348884583,0.8979250192642212,0.9673747420310974,0.9643089771270752,0.9810165166854858,0.9460743069648743,0.898195743560791,0.9671322703361511,0.9647769927978516,0.9810867309570312,0.9430105090141296,0.8927409052848816,0.9669140577316284,0.9642335176467896,0.9808717370033264
137,0.23381102085113525,0.05231142044067383,0.045582596212625504,0.045217063277959824,0.04515179619193077,0.04554805904626846,0.9340899586677551,0.8770656585693359,0.9589197635650635,0.9603093862533569,0.977608859539032,0.9434316754341125,0.893552303314209,0.9653565883636475,0.9647277593612671,0.9805979132652283,0.9444093704223633,0.8953019976615906,0.9655486345291138,0.9651022553443909,0.9807569980621338,0.9445675015449524,0.895586371421814,0.9653583765029907,0.9656102061271667,0.9808521270751953,0.9416264295578003,0.8903405070304871,0.9651159048080444,0.9653021693229675,0.9806987643241882
138,0.23099634051322937,0.051990143954753876,0.04507066681981087,0.0444754920899868,0.044441692531108856,0.0450182780623436,0.9318864941596985,0.8733941316604614,0.9590256810188293,0.9605622887611389,0.977709949016571,0.9419431686401367,0.8909884691238403,0.9653240442276001,0.9656705856323242,0.9808602929115295,0.9431170225143433,0.8930727243423462,0.965890109539032,0.9662138223648071,0.981167733669281,0.9433355331420898,0.8934592008590698,0.9655839204788208,0.9667803645133972,0.9812481999397278,0.9400699734687805,0.887683093547821,0.9653964638710022,0.9661723375320435,0.9810236692428589
139,0.22247342765331268,0.050564490258693695,0.04327549412846565,0.042632151395082474,0.04267016053199768,0.04333110526204109,0.9357119798660278,0.8798099756240845,0.9594491720199585,0.9624131917953491,0.9783555269241333,0.946212887763977,0.8983860015869141,0.9660840034484863,0.9672992825508118,0.9815309047698975,0.9474735260009766,0.9006385803222656,0.9670240879058838,0.9675531387329102,0.9818556308746338,0.9475347399711609,0.9007506370544434,0.9667555093765259,0.9678921103477478,0.9818807244300842,0.944235622882843,0.8948509097099304,0.9661600589752197,0.9676228165626526,0.9816439151763916
140,0.23046238720417023,0.052156202495098114,0.04481176659464836,0.04431890696287155,0.04425922408699989,0.044916264712810516,0.9338492155075073,0.8766217231750488,0.960920512676239,0.9584988951683044,0.9776166081428528,0.9443048238754272,0.8950788378715515,0.9675319194793701,0.9631828665733337,0.9807330965995789,0.9453924894332886,0.8970354199409485,0.9677730202674866,0.9637654423713684,0.9809659123420715,0.9454551935195923,0.897147536277771,0.9672188758850098,0.9644780158996582,0.9810236692428589,0.9422486424446106,0.8914213180541992,0.9671721458435059,0.9637846946716309,0.9808110594749451
141,0.24561448395252228,0.05422964692115784,0.048184193670749664,0.047692928463220596,0.04762708395719528,0.04788066819310188,0.9318722486495972,0.8732572793960571,0.957362711429596,0.9586466550827026,0.976715087890625,0.9402128458023071,0.8879225850105286,0.9629716873168945,0.9628353118896484,0.9794162511825562,0.9414361715316772,0.8900834321975708,0.9632586240768433,0.9635974168777466,0.9797123074531555,0.9416089057922363,0.8903838992118835,0.9629501700401306,0.9641677141189575,0.979793906211853,0.9387832880020142,0.885379433631897,0.9628997445106506,0.9635944962501526,0.9796156287193298
142,0.23051008582115173,0.051818739622831345,0.044944364577531815,0.04442032426595688,0.04445792734622955,0.044868722558021545,0.9333470463752747,0.8757955431938171,0.9581767916679382,0.9614245891571045,0.9777323603630066,0.9429513812065125,0.892681896686554,0.9645988941192627,0.9660872220993042,0.9807857275009155,0.9440445899963379,0.894631564617157,0.9652552604675293,0.9663076400756836,0.9810246825218201,0.9440360069274902,0.8946285247802734,0.9649518132209778,0.9667966365814209,0.9810835719108582,0.9410957098007202,0.8893950581550598,0.9647038578987122,0.9664274454116821,0.980911374092102
143,0.22375574707984924,0.0506553053855896,0.04357358440756798,0.043005090206861496,0.04294998198747635,0.043571773916482925,0.934627890586853,0.8781411051750183,0.9607234597206116,0.9611203670501709,0.9783227443695068,0.9446157217025757,0.8957219123840332,0.9665111899375916,0.9660590887069702,0.9812895655632019,0.9458717107772827,0.8979625701904297,0.966904878616333,0.9665797352790833,0.9815444946289062,0.946023166179657,0.8982312083244324,0.9664350748062134,0.9671151041984558,0.9815722107887268,0.9427816271781921,0.8924629092216492,0.9664332270622253,0.9665639400482178,0.9814136624336243
144,0.2264152467250824,0.0508064404129982,0.04414648562669754,0.04370502382516861,0.0436975471675396,0.04405982419848442,0.9352633357048035,0.8791179656982422,0.9595065116882324,0.9614883661270142,0.9781047701835632,0.9448758959770203,0.896113395690918,0.9655972123146057,0.9666366577148438,0.9812105894088745,0.9459018707275391,0.8979555368423462,0.9659038186073303,0.967000424861908,0.9813969731330872,0.946076512336731,0.8982647657394409,0.9657704830169678,0.9674266576766968,0.9814833402633667,0.9430283308029175,0.8928197026252747,0.9655600786209106,0.9670218825340271,0.981311023235321
145,0.21860046684741974,0.04945436120033264,0.042566027492284775,0.04203455522656441,0.04202491417527199,0.04252057522535324,0.9352186918258667,0.8791512250900269,0.9622827768325806,0.962265133857727,0.9790682196617126,0.9453465342521667,0.8970429301261902,0.9686288237571716,0.9662584066390991,0.9819137454032898,0.9466046094894409,0.8992994427680969,0.9692599773406982,0.966675877571106,0.9822028875350952,0.9466565847396851,0.899391770362854,0.968926727771759,0.9672601819038391,0.9822816252708435,0.9434595108032227,0.8936800956726074,0.968583881855011,0.9669462442398071,0.9820995330810547
146,0.2112700194120407,0.048684895038604736,0.04094243794679642,0.04029913246631622,0.04031280428171158,0.041030753403902054,0.9375306963920593,0.8830747604370117,0.9626453518867493,0.9624406695365906,0.9792155027389526,0.9476948976516724,0.9011227488517761,0.9686480760574341,0.9683892726898193,0.9825308322906494,0.9489714503288269,0.9034186601638794,0.9695523977279663,0.9685872197151184,0.982830286026001,0.9489901661872864,0.9034532308578491,0.9693548679351807,0.9688827991485596,0.9828619360923767,0.9457954168319702,0.8977206349372864,0.9688818454742432,0.968567967414856,0.98264479637146
147,0.2124687135219574,0.04861877113580704,0.04128686338663101,0.040651001036167145,0.0406457856297493,0.041266247630119324,0.9367669224739075,0.8818889856338501,0.9624285697937012,0.96266108751297,0.9792212247848511,0.947443962097168,0.9008085131645203,0.968832790851593,0.9677114486694336,0.9823859930038452,0.9488056302070618,0.9032498598098755,0.9691994786262512,0.9685238003730774,0.9827173948287964,0.9487214088439941,0.903106689453125,0.9690142869949341,0.9688344597816467,0.9827566742897034,0.945433497428894,0.8972123265266418,0.9686650037765503,0.968226969242096,0.9824888706207275
148,0.21833249926567078,0.04949859157204628,0.0425175279378891,0.04195035248994827,0.041935477405786514,0.04243054613471031,0.9346426129341125,0.8782832026481628,0.9621329307556152,0.9611746668815613,0.9787136316299438,0.9447762370109558,0.896187424659729,0.9675149917602539,0.9671696424484253,0.9818772673606873,0.9460653066635132,0.8984994888305664,0.9679215550422668,0.9677397012710571,0.9821497797966003,0.9461274147033691,0.8985999822616577,0.967700183391571,0.968201220035553,0.9822226166725159,0.9428997039794922,0.8928414583206177,0.9677061438560486,0.9675180912017822,0.9820284247398376
149,0.25158247351646423,0.05576660484075546,0.049122411757707596,0.048880837857723236,0.048846106976270676,0.04896651953458786,0.9312850832939148,0.872113049030304,0.9564102292060852,0.9589433670043945,0.97654789686203,0.9403459429740906,0.8880339860916138,0.9624931812286377,0.9639039039611816,0.9795960783958435,0.9410724639892578,0.8893309831619263,0.9628832340240479,0.9641153216362,0.979761004447937,0.941250205039978,0.8896371126174927,0.9628360271453857,0.9645381569862366,0.9798698425292969,0.9384910464286804,0.8847458958625793,0.9625371694564819,0.9642936587333679,0.9797198176383972
